flow,compartment,unit,amount
Radon-222,Emissions / Emissions to air,kilo Becquerel,6000.5270701378995
"Noble Gases, Radioactive, Unspecified",air,kilo Becquerel,2193.719644018661
Waste Heat,air,megajoule,162.83332501579704
Waste Heat,air,megajoule,104.80719361309842
Hydrogen-3,Emissions / Emissions to water,kilo Becquerel,88.26386028972804
Uranium,Resources / Resources from ground,megajoule,81.40284449248175
Natural Gas,Resources / Resources from ground,megajoule,78.28290881597461
Waste Heat,air,megajoule,64.10498158146027
Crude Oil,Resources / Resources from ground,megajoule,58.60128914738899
Radon-222,Emissions / Emissions to air,kilo Becquerel,55.66583701346212
Water,Emissions / Emissions to water,cubic meter,54.9024492766381
Water to turbine,Resources / Resources from water,cubic meter,54.47664329604309
"Energy, Potential (in Hydropower Reservoir), Converted",natural resource,megajoule,51.94868641452818
Hard Coal,Resources / Resources from ground,megajoule,42.7701498331571
Waste Heat,water,megajoule,28.162436776619018
Hydrogen-3,Emissions / Emissions to water,kilo Becquerel,22.148283206083498
"Waste mass, total, placed in landfill",resources / in ground,kilogram,10.878168226148043
Carbon Dioxide (fossil),Emissions / Emissions to air,kilogram,10.074160552419515
Brown Coal,Resources / Resources from ground,megajoule,6.827662881886276
"Noise, rail, freight train",non material emissions / unspecified,ton kilometer,6.393365122693977
"Radioactive Species, Nuclides, Unspecified",water,kilo Becquerel,6.1227473191769
"Water, salt, ocean",resources / in water,cubic meter,5.757138403422108
Water,water,cubic meter,5.676346955492061
"Energy, gross calorific value, in biomass",resources / biotic,megajoule,5.40666129098972
"Energy, Kinetic (in Wind), Converted",natural resource,megajoule,5.2489029730409245
Gravel,soil,kilogram,2.9152170839702887
Carbon Dioxide (fossil),Emissions / Emissions to air,kilogram,2.884583147943232
"Energy, Solar, Converted",natural resource,megajoule,2.7242877783414654
"Volume Occupied, Reservoir",land use,cubic meter-year,2.2317254266271864
Aluminium,Resources / Resources from ground,kilogram,1.7332175821348599
Carbon Dioxide (fossil),Emissions / Emissions to air,kilogram,1.6395187608308048
calcium,Emissions / Emissions to water,kilogram,1.5605029354235616
Hydrogen-3,Emissions / Emissions to air,kilo Becquerel,1.359366529685182
"Forest, Intensive",Land use / Land occupation,square meter-year,0.7500739265931524
Waste Heat,soil,megajoule,0.7272263556891202
Krypton-85,Emissions / Emissions to air,kilo Becquerel,0.6676476713435454
Radium-226,Emissions / Emissions to water,kilo Becquerel,0.6489104210001033
Calcite,resources / in ground,kilogram,0.6194974633771151
carbon dioxide (biogenic),Resources / Resources from air,kilogram,0.5216469973819424
"Radioactive species, unspecified",emissions to air / unspecified,kilo Becquerel,0.4648759527040879
Sulfate,"emissions to water / groundwater, long-term",kilogram,0.41891806092338063
Sodium chloride,resources / in ground,kilogram,0.40131918355483986
Platinum,air,kilogram,0.3918438558141424
Chemically polluted water,emissions to water / river,kilogram,0.3623324048923459
Silicon,Emissions / Emissions to water,kilogram,0.3292449283232824
Water To Cooling,Resources / Resources from water,cubic meter,0.3155667885420739
Carbon Dioxide (biogenic),Emissions / Emissions to air,kilogram,0.3137686808887912
river water,Resources / Resources from water,cubic meter,0.3115671138612404
"Noise, road, lorry, average",non material emissions / unspecified,kilometer,0.29565574667591427
Carbon-14,Emissions / Emissions to air,kilo Becquerel,0.22362531277117695
"Radioactive Species, Nuclides, Unspecified",water,kilo Becquerel,0.2216412059886495
Sodium,"emissions to water / groundwater, long-term",kilogram,0.19640838324864307
Xenon-133,Emissions / Emissions to air,kilo Becquerel,0.17997000820336043
Strontium-90,Emissions / Emissions to water,kilo Becquerel,0.15031620253938957
Chloride,Emissions / Emissions to water,kilogram,0.12611747372641194
Carbon Dioxide (biogenic),Emissions / Emissions to air,kilogram,0.11062810436997138
"Heat, waste","emissions to water / groundwater, long-term",megajoule,0.10289666598641474
"COD, Chemical Oxygen Demand","emissions to water / groundwater, long-term",kilogram,0.0989616195734124
Iron,Resources / Resources from ground,kilogram,0.08258497951482621
Clay,soil,kilogram,0.08177585364799127
magnesium,Emissions / Emissions to water,kilogram,0.0793420174750923
Peat,Resources / Resources from ground,megajoule,0.07456273014281253
Water Bodies,land use,square meter-year,0.07454346391654655
Sodium,water,kilogram,0.07259592564129191
aluminium,Emissions / Emissions to water,kilogram,0.07223092311201917
Forest,Land use / Land occupation,square meter-year,0.06705510943454232
Krypton-85,Emissions / Emissions to air,kilo Becquerel,0.0626000681137534
Thorium-230,water,kilo Becquerel,0.062376083259564175
Xenon-135,air,kilo Becquerel,0.06213570478307368
Chloride,Emissions / Emissions to water,kilogram,0.05879886674172021
Industrial Area,Land use / Land occupation,square meter-year,0.055667274491454026
Water,Resources / Resources from water,cubic meter,0.05449599268736939
Ground Water,Resources / Resources from water,cubic meter,0.052502301572396104
Sulfate Ion,water,kilogram,0.05171352714838789
Water,air,cubic meter,0.0477055463867647
Cesium-137,Emissions / Emissions to water,kilo Becquerel,0.042480784522858146
Radium-228,water,kilo Becquerel,0.040860985882640796
Lead-210,water,kilo Becquerel,0.039257927390858836
Sodium,water,kilogram,0.03791529321716571
Sulfate Ion,water,kilogram,0.036983098495690425
Waste Heat,water,megajoule,0.03230055667668953
Xenon-135m,air,kilo Becquerel,0.03227222608728161
"TOC, Total Organic Carbon","emissions to water / groundwater, long-term",kilogram,0.02921022200318559
"DOC, Dissolved Organic Carbon","emissions to water / groundwater, long-term",kilogram,0.0292102220031855
Dump Site,Land use / Land occupation,square meter-year,0.028299925529063893
Radium-228,water,kilo Becquerel,0.028085126337057575
Lead-210,water,kilo Becquerel,0.02808295743686091
Potassium,"emissions to water / groundwater, long-term",kilogram,0.02507770133935487
Methane (fossil),Emissions / Emissions to air,kilogram,0.02382535954814456
Methane (fossil),Emissions / Emissions to air,kilogram,0.023632513339740025
titanium,Emissions / Emissions to water,kilogram,0.02263577515995441
"BOD5, Biological Oxygen Demand","emissions to water / groundwater, long-term",kilogram,0.021189433462880606
Argon-41,air,kilo Becquerel,0.020308610284079712
Carbon Dioxide (biogenic),Emissions / Emissions to air,kilogram,0.019815372917819374
Carbon Dioxide (land Use Change),Emissions / Emissions to air,kilogram,0.019627574174282143
Uranium alpha,emissions to water / river,kilo Becquerel,0.018862650098966725
Sulfur Dioxide,Emissions / Emissions to air,kilogram,0.01879606922863313
Calcium,Emissions / Emissions to water,kilogram,0.018684190630390285
Barite,resources / in ground,kilogram,0.0183307718780083
"Energy, Gross Calorific Value, In Biomass, Primary Forest",natural resource,megajoule,0.01576982672949738
Sodium,water,kilogram,0.015079984293897035
iron,Emissions / Emissions to water,kilogram,0.01437131712725985
fluoride,Emissions / Emissions to water,kilogram,0.014171017361168806
"Organic carbon, placed in landfill",resources / in ground,kilogram,0.013556263786173419
"Traffic Area, Rail/road Embankment",Land use / Land occupation,square meter-year,0.013344948879227745
Phosphate,Emissions / Emissions to water,kilogram,0.013129356791396674
Radon-220,air,kilo Becquerel,0.012828234425264028
Dolomite,soil,kilogram,0.012278879463359338
Sulfur Dioxide,Emissions / Emissions to air,kilogram,0.012219324225812636
chloride,Emissions / Emissions to water,kilogram,0.012212647990597772
"Traffic Area, Road Network",Land use / Land occupation,square meter-year,0.01212677828370779
Non-methane Volatile Organic Compounds,Emissions / Emissions to air,kilogram,0.011339328668216991
Nitrogen Oxides,Emissions / Emissions to air,kilogram,0.010592274672737349
Hypochlorite,water,kilogram,0.010505127929997063
"To Arable, Non-irrigated, Intensive",Land use / Land transformation,square meter,0.010494950167277615
Radium-224,water,kilo Becquerel,0.010305681503853043
"Arable, Non-irrigated, Intensive",Land use / Land occupation,square meter-year,0.009593577377203557
Sulfur Dioxide,Emissions / Emissions to air,kilogram,0.008844246465682024
Titanium,Resources / Resources from ground,kilogram,0.008822350646749326
"To Forest, Intensive",Land use / Land transformation,square meter,0.008757972664233499
"From Forest, Intensive",Land use / Land transformation,square meter,0.00868104215443083
Mineral Extraction Site,Land use / Land occupation,square meter-year,0.00827250358814785
Thorium-228,water,kilo Becquerel,0.008192601323766353
"Radioactive Species, Nuclides, Unspecified",water,kilo Becquerel,0.007962508589610581
Nitrogen Oxides,Emissions / Emissions to air,kilogram,0.007524895143722799
"From Arable, Non-irrigated, Intensive",Land use / Land transformation,square meter,0.007432405213526649
Calcium,Emissions / Emissions to water,kilogram,0.007215175979864253
Radium-224,water,kilo Becquerel,0.007087306617666078
Waste water,emissions to water / river,kilogram,0.007060076460924342
Nitrate,Emissions / Emissions to water,kilogram,0.006920776354224278
Nitrogen Oxides,Emissions / Emissions to air,kilogram,0.0067898588889757205
Chemical Oxygen Demand,water,kilogram,0.00673046910052236
Waste Heat,water,megajoule,0.0066483469831844985
Particles (> PM10),air,kilogram,0.006009870354123237
"To Arable, Non-irrigated",Land use / Land transformation,square meter,0.0059430741543322705
Xenon-138,air,kilo Becquerel,0.005727824201023772
"From Arable, Non-irrigated",Land use / Land transformation,square meter,0.005691507844150164
Thorium-228,water,kilo Becquerel,0.005654898086812355
"Suspended Solids, Unspecified",water,kilogram,0.005466511490674334
Iodine-131,Emissions / Emissions to air,kilo Becquerel,0.0053481911578363225
Magnesite,soil,kilogram,0.0052306522195799485
"Traffic Area, Rail Network",Land use / Land occupation,square meter-year,0.005183250523369832
Xenon-131m,air,kilo Becquerel,0.005132850089609553
Chromium,Resources / Resources from ground,kilogram,0.004951319730493188
Carbon Monoxide (fossil),Emissions / Emissions to air,kilogram,0.004711553505690265
Fluorspar,soil,kilogram,0.004324334960922608
Nitrate,Emissions / Emissions to water,kilogram,0.00426002410851668
"Noise, road, passenger car, average",non material emissions / unspecified,kilometer,0.004246934212584384
Air,air,kilogram,0.0042287457057333215
From Pasture/meadow,Land use / Land transformation,square meter,0.004083608120902414
"Permanent Crops, Non-irrigated, Intensive",Land use / Land occupation,square meter-year,0.0037092080138540454
Inland Water Bodies,land use,square meter-year,0.0035749952429106396
Uranium alpha,emissions to water / lake,kilo Becquerel,0.0034037143953104454
"Solids, Inorganic",water,kilogram,0.003303468174153915
"Arable, Non-irrigated",Land use / Land occupation,square meter-year,0.0032011622635708917
Copper,Resources / Resources from ground,kilogram,0.0031322921578592284
Total Organic Carbon,water,kilogram,0.0031200686240368883
manganese,Emissions / Emissions to water,kilogram,0.0030947489760581545
Biological Oxygen Demand,water,kilogram,0.0029058586192974864
Chloride,Emissions / Emissions to water,kilogram,0.0028596950353276997
Krypton-85m,air,kilo Becquerel,0.0027976812209705867
"Solids, Inorganic",water,kilogram,0.002641136600691079
Used Air,air,kilogram,0.002636709248188136
Uranium-238,Emissions / Emissions to water,kilo Becquerel,0.0026167756864645193
Total Organic Carbon,water,kilogram,0.002616043751293662
Waste water,emissions to water / ocean,kilogram,0.002600333781213885
Carbon Monoxide (fossil),Emissions / Emissions to air,kilogram,0.0024388316368194225
Carbon Monoxide (fossil),Emissions / Emissions to air,kilogram,0.002311951484131939
Magnesium,Emissions / Emissions to water,kilogram,0.00229614605557639
Construction Site,Land use / Land occupation,square meter-year,0.002146705518830088
Phosphate,Emissions / Emissions to water,kilogram,0.002000799911302515
Polonium-210,Emissions / Emissions to air,kilo Becquerel,0.001845704634922064
Potassium-40,water,kilo Becquerel,0.001818946378190064
From Unspecified,Land use / Land transformation,square meter,0.0016966192132046496
"Clay, bentonite",resources / in ground,kilogram,0.001685949872051593
Nickel,Resources / Resources from ground,kilogram,0.0016783556885797263
Sulfate Ion,water,kilogram,0.0016665618571021317
Xenon-133,Emissions / Emissions to air,kilo Becquerel,0.0016113989429509797
"DOC, Dissolved Organic Carbon",water,kilogram,0.0015914483035911477
To Mineral Extraction Site,Land use / Land transformation,square meter,0.0015685833137621579
Ammonium,Emissions / Emissions to water,kilogram,0.001522659301137808
Polonium-210,water,kilo Becquerel,0.0014576382278584812
Chemical Oxygen Demand,water,kilogram,0.0012800078198016696
Methane (fossil),Emissions / Emissions to air,kilogram,0.0012742459611331425
"Noise, aircraft, passenger",non material emissions / unspecified,person kilometer,0.0012662254400603217
To Dump Site,Land use / Land transformation,square meter,0.0012533567501462602
From Forest,Land use / Land transformation,square meter,0.001246152365771352
strontium,Emissions / Emissions to water,kilogram,0.0012456058981172068
Uranium-235,Emissions / Emissions to water,kilo Becquerel,0.0012331178503728487
Biological Oxygen Demand,water,kilogram,0.0012300818621043532
Iron,Emissions / Emissions to water,kilogram,0.0012178891147186118
Magnesium,Emissions / Emissions to water,kilogram,0.0011963579636763994
Potassium chloride,resources / in ground,kilogram,0.0011946517127889172
Particles (PM2.5),Emissions / Emissions to air,kilogram,0.001185257611960069
To Industrial Area,Land use / Land transformation,square meter,0.0011702814830045433
Uranium alpha,emissions to air / low. pop.,kilo Becquerel,0.001121946841010121
Basalt,soil,kilogram,0.0011111767731855787
From Mineral Extraction Site,Land use / Land transformation,square meter,0.0010965434943137889
Particles (PM10),Emissions / Emissions to air,kilogram,0.0010941507730879855
Calcium,Emissions / Emissions to water,kilogram,0.001093405504717193
To Arable,Land use / Land transformation,square meter,0.001089838211702041
zinc,Emissions / Emissions to water,kilogram,0.0010678107409333587
Carbon,soil,kilogram,0.0010430202936453081
Lead-210,Emissions / Emissions to air,kilo Becquerel,0.0010386380466307769
Methane (biogenic),Emissions / Emissions to air,kilogram,0.001024811548309746
Potassium,water,kilogram,0.0009936558874806265
Krypton-88,air,kilo Becquerel,0.0009890197393040963
Radium-226,Emissions / Emissions to air,kilo Becquerel,0.0009341590763677194
To Forest,Land use / Land transformation,square meter,0.000920331620432686
Krypton-87,air,kilo Becquerel,0.0009180076828679161
Radon-220,air,kilo Becquerel,0.0009138883482078085
Silicon,Emissions / Emissions to water,kilogram,0.0009097107174508535
Biological Oxygen Demand,water,kilogram,0.0008903704354153062
Particles (PM2.5),Emissions / Emissions to air,kilogram,0.0008861057020768587
Particles (> PM10),air,kilogram,0.0008629590781036428
vanadium,Emissions / Emissions to water,kilogram,0.0008437771099999444
Manganese,Resources / Resources from ground,kilogram,0.0008377280311344153
Potassium,water,kilogram,0.0008256630908056743
Fluoride Ion,Emissions / Emissions to water,kilogram,0.000814767959707912
Iron,Emissions / Emissions to soil,kilogram,0.0008011763303206448
From Arable,Land use / Land transformation,square meter,0.0007924157710027945
"Radioactive Species, Other Beta Emitters",air,kilo Becquerel,0.0007864194233029653
Shrub Land,Land use / Land occupation,square meter-year,0.0007683608140429741
Polonium-210,water,kilo Becquerel,0.0007673352913015435
fluorane,Emissions / Emissions to air,kilogram,0.000747944355239868
Non-methane Volatile Organic Compounds,Emissions / Emissions to air,kilogram,0.0007396764392943877
Uranium-234,Emissions / Emissions to water,kilo Becquerel,0.0007316859094883952
Xenon-133m,air,kilo Becquerel,0.0007006577142411814
Hydrogen,air,kilogram,0.0006994220762113348
Hydrogen Chloride,Emissions / Emissions to air,kilogram,0.0006802784454387398
Xenon-137,air,kilo Becquerel,0.0006664504336873841
Zinc,Resources / Resources from ground,kilogram,0.0006491483602518389
From Dump Site,Land use / Land transformation,square meter,0.000647906304285994
Cobalt-58,Emissions / Emissions to water,kilo Becquerel,0.0006392774431829386
barium,Emissions / Emissions to water,kilogram,0.000634468997388726
Thorium-234,water,kilo Becquerel,0.0006082735239031944
Protactinium-234,water,kilo Becquerel,0.0006081754214160269
nickel,Emissions / Emissions to water,kilogram,0.0005501911303751966
lake water,Resources / Resources from water,cubic meter,0.0005463449795473779
To Water Bodies,land use,square meter,0.0005299490020966971
Aluminium,Emissions / Emissions to air,kilogram,0.0005221868667135473
Methane (biogenic),Emissions / Emissions to air,kilogram,0.0005200710048283145
Total Organic Carbon,water,kilogram,0.0005133061707967568
Iron,Emissions / Emissions to water,kilogram,0.0005005073231888562
To Pasture/meadow,Land use / Land transformation,square meter,0.0004990244316042856
Chemical Oxygen Demand,water,kilogram,0.000497466725458509
Fluoride Ion,Emissions / Emissions to water,kilogram,0.000496996266630638
Aluminium,Emissions / Emissions to water,kilogram,0.0004962736561767059
Particles (PM10),Emissions / Emissions to air,kilogram,0.0004861287715474326
Cobalt-60,Emissions / Emissions to water,kilo Becquerel,0.00048177594955859597
From Seabed,land use,square meter,0.0004768705019750185
Ethane,Emissions / Emissions to air,kilogram,0.0004726106294896399
Non-methane Volatile Organic Compounds,Emissions / Emissions to air,kilogram,0.00043746962309416313
Calcium,Emissions / Emissions to soil,kilogram,0.00043615485759218375
Chloride,Emissions / Emissions to soil,kilogram,0.00042771780171649976
"Wood, soft, standing",resources / biotic,cubic meter,0.0004031993674382213
Particles (PM10),Emissions / Emissions to air,kilogram,0.0004003586170452424
Particles (> PM10),air,kilogram,0.00039069338962518006
Chlorate ion,Emissions / Emissions to water,kilogram,0.00038790371001281725
Sulfate Ion,air,kilogram,0.00038323462313844263
chloride,Emissions / Emissions to soil,kilogram,0.00038162991047774455
Chromium VI,"emissions to water / groundwater, long-term",kilogram,0.00037252721097854615
"Actinides, Radioactive, Unspecified",water,kilo Becquerel,0.00037071679820933353
"DOC, Dissolved Organic Carbon",water,kilogram,0.00036797284047513794
Hydrogen,air,kilogram,0.00035530267968626636
Silver-110,Emissions / Emissions to water,kilo Becquerel,0.0003531741966474954
Particles (PM2.5),Emissions / Emissions to air,kilogram,0.00034787743784134035
Thorium-232,emissions to water / river,kilo Becquerel,0.00033942980801416245
Carbon,soil,kilogram,0.00032710911028076435
Carbonate Ion,water,kilogram,0.00031538804614314323
Particles (> PM10),air,kilogram,0.00031288463453023926
"DOC, Dissolved Organic Carbon",water,kilogram,0.0003094935360670874
Calcium,Emissions / Emissions to soil,kilogram,0.000301271158538692
Barium sulfate,Emissions / Emissions to water,kilogram,0.00029584838104977884
Uranium-238,Emissions / Emissions to air,kilo Becquerel,0.000287348867164256
Strontium,Emissions / Emissions to water,kilogram,0.00027940347675273105
Uranium-238,Emissions / Emissions to water,kilo Becquerel,0.0002779738328136292
From Shrub Land,Land use / Land transformation,square meter,0.00026623366234193547
Uranium-234,Emissions / Emissions to air,kilo Becquerel,0.000258006074518968
Krypton-89,air,kilo Becquerel,0.000251730525154269
copper,Emissions / Emissions to water,kilogram,0.0002514568847539342
Nitrous Oxide,Emissions / Emissions to air,kilogram,0.00024519744916227427
Cesium-137,Emissions / Emissions to water,kilo Becquerel,0.0002399909272706869
Nitrous Oxide,Emissions / Emissions to air,kilogram,0.00023772544619262375
Ammonia,Emissions / Emissions to air,kilogram,0.0002355299890108602
Potassium-40,air,kilo Becquerel,0.00023112562445580794
Iodine-129,Emissions / Emissions to air,kilo Becquerel,0.0002282801277832743
Carbonate Ion,water,kilogram,0.00022810381546281412
"To Arable, Fallow",Land use / Land transformation,square meter,0.000226912630653145
boron,Emissions / Emissions to water,kilogram,0.00022427660802708122
Sodium,soil,kilogram,0.0002227365990653345
"From Forest, Extensive",Land use / Land transformation,square meter,0.00022261811972676342
Water,Emissions / Emissions to water,cubic meter,0.00021853397341194423
iron,Emissions / Emissions to soil,kilogram,0.00021813200721097157
Butane,Emissions / Emissions to air,kilogram,0.0002146515134782741
Strontium,Emissions / Emissions to water,kilogram,0.00021287310787994178
"From Arable, Fallow",Land use / Land transformation,square meter,0.00021032833363370746
Phosphorus,Resources / Resources from ground,kilogram,0.00020582137070342853
Ammonia,Emissions / Emissions to air,kilogram,0.00020481828245992562
Carbon Monoxide (biogenic),Emissions / Emissions to air,kilogram,0.0002008961713159714
Agriculture,Land use / Land occupation,square meter-year,0.000192616131178934
"Carbon, organic, in soil or biomass stock",resources / in ground,kilogram,0.00018785688192081906
Particles (PM10),Emissions / Emissions to air,kilogram,0.00018773077560965326
Propane,Emissions / Emissions to air,kilogram,0.00018341466706598068
Silicon,Emissions / Emissions to soil,kilogram,0.00018062280598848214
iron,Emissions / Emissions to air,kilogram,0.00017058641194763518
Potassium,water,kilogram,0.000168978699015095
Uranium-238,Emissions / Emissions to air,kilo Becquerel,0.00016277500548923581
Aluminium,Emissions / Emissions to air,kilogram,0.00015687092712942294
Aluminium,Emissions / Emissions to water,kilogram,0.00015677380739609646
"From Pasture/meadow, Intensive",Land use / Land transformation,square meter,0.00015562543631467862
"Carboxylic Acids, Unspecified",water,kilogram,0.0001539340502283298
To Shrub Land,Land use / Land transformation,square meter,0.0001534391811319359
Arable,Land use / Land occupation,square meter-year,0.00015335116792919646
Sodium sulfate,resources / in ground,kilogram,0.00014627339611767795
Xenon-135,air,kilo Becquerel,0.00014459573963825363
Sulfate Ion,air,kilogram,0.000144441252108236
"Wood, hard, standing",resources / biotic,cubic meter,0.00014184284048032755
Carbon-14,Emissions / Emissions to air,kilo Becquerel,0.00014087919048052917
Colemanite,soil,kilogram,0.00013900126469785007
Lead,Resources / Resources from ground,kilogram,0.00013853680436486573
"Oils, Unspecified",Emissions / Emissions to water,kilogram,0.00013563054520901677
Ozone,air,kilogram,0.00013495713159657763
"To Traffic Area, Road Network",Land use / Land transformation,square meter,0.00013352919093101093
Hydrogen-3,Emissions / Emissions to air,kilo Becquerel,0.00013329867532145588
Ammonium,Emissions / Emissions to water,kilogram,0.00013250250237528194
Pentane,Emissions / Emissions to air,kilogram,0.00012984643091667764
Nitrogen,air,kilogram,0.00012814834877068927
Pentane,Emissions / Emissions to air,kilogram,0.00012743410082421828
"From Forest, Natural",Land use / Land transformation,square meter,0.00012706889220188844
Particles (PM2.5),Emissions / Emissions to air,kilogram,0.0001251538518892745
Radium-228,air,kilo Becquerel,0.00011995222750379245
Hydrogen Chloride,Emissions / Emissions to air,kilogram,0.00011172077169781311
cobalt,Emissions / Emissions to water,kilogram,0.000109093870108198
lead,Emissions / Emissions to water,kilogram,0.00010909384014715923
aluminium,Emissions / Emissions to soil,kilogram,0.00010903606782801007
Kaolinite,soil,kilogram,0.00010792199031615944
"Oils, Unspecified",Emissions / Emissions to water,kilogram,0.00010575296472316144
Barium,Emissions / Emissions to water,kilogram,0.00010551386457587153
"Nitrogen, Total (excluding N2)",Emissions / Emissions to water,kilogram,0.00010472585650501302
"Carboxylic Acids, Unspecified",water,kilogram,0.00010467594547728134
fluorane,Emissions / Emissions to air,kilogram,0.0001026905129270511
Ammonia,Emissions / Emissions to air,kilogram,0.00010036972552983187
Chromium,Emissions / Emissions to water,kilogram,9.865682188129135e-05
Sulfur,Emissions / Emissions to soil,kilogram,9.27250727222504e-05
"To Traffic Area, Rail/road Embankment",Land use / Land transformation,square meter,8.904298374480725e-05
Aluminium,Emissions / Emissions to soil,kilogram,8.888838678695749e-05
Antimony-125,Emissions / Emissions to water,kilo Becquerel,8.777393815218051e-05
Magnesium,Emissions / Emissions to soil,kilogram,8.722886643985905e-05
Sulfur,Resources / Resources from ground,kilogram,8.674467186000075e-05
Cesium-134,Emissions / Emissions to water,kilo Becquerel,8.619388515362548e-05
Nitrite,Emissions / Emissions to water,kilogram,8.319379619410175e-05
Chromium-51,water,kilo Becquerel,8.163168979830915e-05
Carbon Monoxide (biogenic),Emissions / Emissions to air,kilogram,8.04226015577668e-05
Thorium-230,Emissions / Emissions to air,kilo Becquerel,7.99904613106972e-05
Iron,Emissions / Emissions to soil,kilogram,7.75575142070726e-05
"From Traffic Area, Rail/road Embankment",Land use / Land transformation,square meter,7.713560204245948e-05
Barium(2+),Emissions / Emissions to water,kilogram,7.533120166876025e-05
Molybdenum,Resources / Resources from ground,kilogram,7.317654728102775e-05
Nickel,Emissions / Emissions to water,kilogram,7.233366386871967e-05
Antimony-124,Emissions / Emissions to water,kilo Becquerel,7.215729312212584e-05
Fluosilicic Acid,water,kilogram,7.119132498069301e-05
Hexane,Emissions / Emissions to air,kilogram,7.101417990729873e-05
Propane,Emissions / Emissions to air,kilogram,6.935473829667678e-05
"Agriculture, Mosaic",Land use / Land occupation,square meter-year,6.928910376104811e-05
sulfur,Emissions / Emissions to soil,kilogram,6.542164369601112e-05
Thorium-232,emissions to air / high. pop.,kilo Becquerel,6.35914580541089e-05
"Aerosols, Radioactive, Unspecified",air,kilo Becquerel,6.103849837172947e-05
Arsenic,Emissions / Emissions to water,kilogram,6.087231254943524e-05
Potassium-40,water,kilo Becquerel,6.0670903625272956e-05
arsenic,Emissions / Emissions to water,kilogram,5.946284637470554e-05
Butane,Emissions / Emissions to air,kilogram,5.909267515400945e-05
Sand,soil,kilogram,5.7492104503257947e-05
Carbon tetrafluoride,Emissions / Emissions to air,kilogram,5.674796756199336e-05
Polycyclic Aromatic Hydrocarbons,Emissions / Emissions to air,kilogram,5.595234249803025e-05
Nitrous Oxide,Emissions / Emissions to air,kilogram,5.583988738999959e-05
hydrogen sulfide,Emissions / Emissions to water,kilogram,5.4581938738381636e-05
Barium(2+),Emissions / Emissions to soil,kilogram,5.4518032820298754e-05
"To Permanent Crops, Non-irrigated, Intensive",Land use / Land transformation,square meter,5.221502104631897e-05
Calcium,Emissions / Emissions to air,kilogram,5.100448244627874e-05
Fluorine,natural resource,kilogram,5.0868140629865115e-05
Formaldehyde,Emissions / Emissions to air,kilogram,5.086038613037585e-05
Bromate,Emissions / Emissions to water,kilogram,5.0205215589281485e-05
Iodide Ion,Emissions / Emissions to water,kilogram,4.7572755243357516e-05
Potassium,air,kilogram,4.5505132970303285e-05
"Metamorphous rock, graphite containing",resources / in ground,kilogram,4.54799101405225e-05
To Inland Water Bodies,land use,square meter,4.3480193480458235e-05
Thorium-228,air,kilo Becquerel,4.2977710676552016e-05
Manganese,Emissions / Emissions to water,kilogram,4.243012128806431e-05
Benzene,Emissions / Emissions to air,kilogram,4.213025100873007e-05
Hydrogen Chloride,Emissions / Emissions to air,kilogram,4.144846272109741e-05
"Energy, Geothermal, Converted",natural resource,megajoule,4.1359128989990443e-05
Tin atom,Emissions / Emissions to water,kilogram,4.135764324111903e-05
Manganese-54,Emissions / Emissions to water,kilo Becquerel,4.027407370932138e-05
Aluminium,Emissions / Emissions to water,kilogram,3.992477103323359e-05
Fluosilicic Acid,air,kilogram,3.955073726467395e-05
Helium,air,kilogram,3.9465078303806374e-05
Hexane,Emissions / Emissions to air,kilogram,3.9275897039836386e-05
Potassium,soil,kilogram,3.816630638970365e-05
Xylene,Emissions / Emissions to air,kilogram,3.780182772474854e-05
Titanium,Emissions / Emissions to water,kilogram,3.757661249219212e-05
Bromine,Emissions / Emissions to water,kilogram,3.668289174080749e-05
beryllium,Emissions / Emissions to water,kilogram,3.600376260709517e-05
Benzene,Emissions / Emissions to air,kilogram,3.567711276110304e-05
Silicon,Emissions / Emissions to air,kilogram,3.493163958526643e-05
Magnesium,Emissions / Emissions to soil,kilogram,3.3817416584285404e-05
Iodide Ion,Emissions / Emissions to water,kilogram,3.330115167024773e-05
Boron,Emissions / Emissions to water,kilogram,3.299832954402493e-05
Manganese,Emissions / Emissions to water,kilogram,3.2742703697850444e-05
Thorium-234,air,kilo Becquerel,3.2510137108036335e-05
Protactinium-234,air,kilo Becquerel,3.250096254945067e-05
Acetic Acid,Emissions / Emissions to water,kilogram,3.239608737713827e-05
"Hydrocarbons, Aliphatic, Alkanes, Unspecified",air,kilogram,3.164069428543196e-05
Butane,Emissions / Emissions to air,kilogram,3.126967301992947e-05
Gypsum,resources / in ground,kilogram,2.9381279956286176e-05
Bromine,Emissions / Emissions to water,kilogram,2.8652565674197716e-05
Potassium-40,air,kilo Becquerel,2.799485730779704e-05
Potassium,air,kilogram,2.6830927570897192e-05
"Water, salt, sole",resources / in water,cubic meter,2.6158643316616065e-05
Dichromate,water,kilogram,2.5140198090401155e-05
Sodium chloride,resources / in water,kilogram,2.4726183338982274e-05
"Oils, unspecified",Emissions / Emissions to soil,kilogram,2.4114391810726777e-05
Xenon-138,air,kilo Becquerel,2.3998182815809325e-05
2-hydroxybenzonitrile,Emissions / Emissions to air,kilogram,2.3801295727936176e-05
"Oils, Unspecified",Emissions / Emissions to water,kilogram,2.2421532835836997e-05
Acetic Acid,Emissions / Emissions to air,kilogram,2.2420643469007606e-05
Toluene,Emissions / Emissions to air,kilogram,2.2179631257363082e-05
Xenon-137,air,kilo Becquerel,2.1859706651540657e-05
"Hydrocarbons, Aromatic",Emissions / Emissions to water,kilogram,2.171851783799059e-05
Silicon,Emissions / Emissions to air,kilogram,2.1552126428851014e-05
Calcium,Emissions / Emissions to air,kilogram,2.0878551410065878e-05
molybdenum,Emissions / Emissions to water,kilogram,2.0551913207764274e-05
selenium,Emissions / Emissions to water,kilogram,2.033840325771043e-05
Magnesium,natural resource,kilogram,2.024239023062067e-05
To Unspecified,Land use / Land transformation,square meter,1.976509667370501e-05
Carbon disulfide,Emissions / Emissions to air,kilogram,1.9723312833106683e-05
"Noise, aircraft, freight",non material emissions / unspecified,ton kilometer,1.893142218473222e-05
Boron,Emissions / Emissions to air,kilogram,1.8237850937325308e-05
Sulfide ion,water,kilogram,1.6720699193658804e-05
Zinc,Emissions / Emissions to water,kilogram,1.6558679846334986e-05
Magnesium,Emissions / Emissions to air,kilogram,1.564423147100709e-05
Scandium,"emissions to water / groundwater, long-term",kilogram,1.547507852196275e-05
"Hydrocarbons, Aliphatic, Unsaturated",air,kilogram,1.5457255285780123e-05
"Volume Occupied, Underground Deposit",land use,cubic meter,1.5420511594390178e-05
Ethane,Emissions / Emissions to air,kilogram,1.5256113567104217e-05
Propylene,Emissions / Emissions to water,kilogram,1.5186518758256426e-05
"Hydrocarbons, Aromatic",Emissions / Emissions to water,kilogram,1.4854157634824409e-05
Zinc,Emissions / Emissions to water,kilogram,1.4654574112505007e-05
Heptane,Emissions / Emissions to air,kilogram,1.4500271919348093e-05
Volatile Organic Compound,Emissions / Emissions to water,kilogram,1.4326285231503155e-05
From Industrial Area,Land use / Land transformation,square meter,1.4304389083436048e-05
tin,Emissions / Emissions to water,kilogram,1.4084380337182907e-05
Iodine-131,Emissions / Emissions to water,kilo Becquerel,1.4010003898570465e-05
Ethylene,Emissions / Emissions to air,kilogram,1.360280645577102e-05
Radium-228,air,kilo Becquerel,1.307650445193159e-05
Acetic Acid,Emissions / Emissions to air,kilogram,1.294534909266949e-05
Niobium-95,water,kilo Becquerel,1.2650329768251974e-05
Uranium-235,Emissions / Emissions to air,kilo Becquerel,1.2452224867220949e-05
Benzene,Emissions / Emissions to water,kilogram,1.242284951687274e-05
Bromine,Emissions / Emissions to air,kilogram,1.222792377775556e-05
Propylene Oxide,Emissions / Emissions to water,kilogram,1.2111901947957105e-05
"Urban, Discontinuously Built",Land use / Land occupation,square meter-year,1.2050853179798984e-05
"To Traffic Area, Rail Network",Land use / Land transformation,square meter,1.198908342233493e-05
Cumene,Emissions / Emissions to water,kilogram,1.1927223688092908e-05
Methyl Cyclopentane,Emissions / Emissions to water,kilogram,1.1871271876066548e-05
fluorane,Emissions / Emissions to air,kilogram,1.1820934162716493e-05
Tin atom,Resources / Resources from ground,kilogram,1.1796944913692163e-05
Strontium-89,water,kilo Becquerel,1.1609095336798096e-05
Sulfur,Emissions / Emissions to water,kilogram,1.1527154811516481e-05
Chrysotile,resources / in ground,kilogram,1.14019646680953e-05
Zinc-65,water,kilo Becquerel,1.1394829996687695e-05
Thorium-232,emissions to air / low. pop.,kilo Becquerel,1.1105730656852092e-05
"Hydrocarbons, Chlorinated",air,kilogram,1.094316428790276e-05
Silicon,Emissions / Emissions to soil,kilogram,1.0903607273988856e-05
Lithium,Emissions / Emissions to water,kilogram,1.0818850637984823e-05
Boron,Emissions / Emissions to air,kilogram,1.0716671087770488e-05
Zinc,Emissions / Emissions to water,kilogram,1.0615851009930735e-05
Methanol,Emissions / Emissions to air,kilogram,1.0600955001176347e-05
Titanium,Emissions / Emissions to air,kilogram,1.0243756902276561e-05
Argon-41,air,kilo Becquerel,1.0218373294405447e-05
Iron,Emissions / Emissions to water,kilogram,9.95776616061352e-06
Boron,Emissions / Emissions to water,kilogram,9.799591665297186e-06
antimony,Emissions / Emissions to water,kilogram,9.787463400261116e-06
Chromium,Emissions / Emissions to air,kilogram,9.77473111351831e-06
Fluorine,Emissions / Emissions to air,kilogram,9.557982596423183e-06
Sulfite,water,kilogram,9.48610550020998e-06
Tellurium-123m,water,kilo Becquerel,9.437631236164489e-06
Sodium,air,kilogram,9.215095092790234e-06
Formaldehyde,Emissions / Emissions to air,kilogram,9.183121704810238e-06
Sodium,air,kilogram,9.172485223302676e-06
Artificial Areas,Land use / Land occupation,square meter-year,8.78230266825887e-06
"Nitrogen, organic bound","emissions to water / groundwater, long-term",kilogram,8.739225887397982e-06
cadmium,Emissions / Emissions to water,kilogram,8.661282084668118e-06
Phosphate,Emissions / Emissions to water,kilogram,8.582974284286364e-06
"Oils, biogenic",emissions to soil / forestry,kilogram,8.374649354502736e-06
Aluminium,Emissions / Emissions to air,kilogram,8.273921231467524e-06
Talc,resources / in ground,kilogram,8.241512881815413e-06
Xylene,Emissions / Emissions to air,kilogram,7.987157809699781e-06
Toluene,Emissions / Emissions to air,kilogram,7.897432618132e-06
Iron,Emissions / Emissions to air,kilogram,7.838709707925441e-06
Vanadium(2+),Emissions / Emissions to air,kilogram,7.694478786307894e-06
Lithium,Emissions / Emissions to water,kilogram,7.4346153774783256e-06
Thorium-228,air,kilo Becquerel,7.064903391892656e-06
tungsten,Emissions / Emissions to water,kilogram,7.019040585148986e-06
Nitrogen,water,kilogram,6.91126806502169e-06
Propylene,Emissions / Emissions to air,kilogram,6.868623550198036e-06
Sodium Dichromate,air,kilogram,6.766680376213158e-06
Iron,Emissions / Emissions to air,kilogram,6.750865286431804e-06
Lead(2+),Emissions / Emissions to water,kilogram,6.6780979378182144e-06
"Oils, Unspecified",Emissions / Emissions to soil,kilogram,6.653631738292295e-06
Ethanol,Emissions / Emissions to air,kilogram,6.631009081905014e-06
Copper,Emissions / Emissions to water,kilogram,6.57414225909745e-06
Methanol,Emissions / Emissions to air,kilogram,6.542124042861339e-06
Xylene,Emissions / Emissions to air,kilogram,6.108685763702603e-06
Iodine,Emissions / Emissions to air,kilogram,5.963159534060024e-06
Xenon-131m,air,kilo Becquerel,5.752275181607667e-06
Hexafluoroethane,Emissions / Emissions to air,kilogram,5.674841611305567e-06
Molybdenum,Emissions / Emissions to water,kilogram,5.610035448977979e-06
ammonium,Emissions / Emissions to water,kilogram,5.573617830010689e-06
Phosphorus,Emissions / Emissions to soil,kilogram,5.451954948984501e-06
Fluoride Ion,Emissions / Emissions to soil,kilogram,5.451807622111237e-06
Polycyclic Aromatic Hydrocarbons,Emissions / Emissions to water,kilogram,5.334884514761729e-06
"Hydrocarbons, Aliphatic, Alkanes, Unspecified",water,kilogram,5.3211904481192775e-06
thallium,Emissions / Emissions to water,kilogram,5.2407184331146916e-06
Propylene Oxide,Emissions / Emissions to air,kilogram,5.229024272138066e-06
Copper,Emissions / Emissions to water,kilogram,5.1770395403026224e-06
Formaldehyde,Emissions / Emissions to air,kilogram,5.050567527978226e-06
Methanol,Emissions / Emissions to air,kilogram,4.9657726713990275e-06
Cumene,Emissions / Emissions to air,kilogram,4.963502774157888e-06
Zinc(2+),Emissions / Emissions to soil,kilogram,4.835345979439847e-06
Toluene,Emissions / Emissions to water,kilogram,4.7938210200331725e-06
Nickel,Emissions / Emissions to air,kilogram,4.693678788582124e-06
Water,air,cubic meter,4.622932243442717e-06
Nickel,Emissions / Emissions to air,kilogram,4.509580023932149e-06
Acetone,Emissions / Emissions to air,kilogram,4.422029849672688e-06
Ethane,Emissions / Emissions to air,kilogram,4.395704844637242e-06
manganese,Emissions / Emissions to soil,kilogram,4.361700267895812e-06
Iodine-129,Emissions / Emissions to water,kilo Becquerel,4.345078967710121e-06
Ulexite,resources / in ground,kilogram,4.312674328060047e-06
Phenol,Emissions / Emissions to water,kilogram,4.2510992849919e-06
Propylene,Emissions / Emissions to air,kilogram,4.197824060232552e-06
Acetaldehyde,Emissions / Emissions to air,kilogram,4.134080232803497e-06
Magnesium,Emissions / Emissions to air,kilogram,4.126752707679833e-06
Selenium,Emissions / Emissions to water,kilogram,4.053217211529105e-06
Xylene,Emissions / Emissions to water,kilogram,4.003619905219255e-06
"Urban, Continuously Built",Land use / Land occupation,square meter-year,3.983505807402539e-06
Hydrogen Sulfide,Emissions / Emissions to air,kilogram,3.9432323852935035e-06
Ethylene,Emissions / Emissions to air,kilogram,3.925805553860914e-06
Cobalt,Emissions / Emissions to water,kilogram,3.8942793043629405e-06
Hydrogen Sulfide,Emissions / Emissions to air,kilogram,3.83353335415612e-06
Nickel,Emissions / Emissions to water,kilogram,3.802362790772248e-06
"Hydrocarbons, Aliphatic, Alkanes, Unspecified",water,kilogram,3.675683862477647e-06
Acetic Acid,Emissions / Emissions to air,kilogram,3.670639562084062e-06
Zinc,Emissions / Emissions to air,kilogram,3.6181762682013052e-06
Silicon,Emissions / Emissions to air,kilogram,3.5429820631393234e-06
Manganese,Emissions / Emissions to air,kilogram,3.52745269619607e-06
Sulfate Ion,air,kilogram,3.4975201135107066e-06
Nitrogen,water,kilogram,3.4648543950182437e-06
Toluene,Emissions / Emissions to water,kilogram,3.4580312396933906e-06
Sulfur hexafluoride,Emissions / Emissions to air,kilogram,3.408061024646152e-06
"Hydrocarbons, Aromatic",Emissions / Emissions to air,kilogram,3.4006762778567443e-06
"Oils, biogenic",emissions to soil / unspecified,kilogram,3.3939021950309123e-06
Phosphorus,Emissions / Emissions to water,kilogram,3.3410258900935e-06
Phenol,Emissions / Emissions to water,kilogram,3.306748939476444e-06
Vanadium,Emissions / Emissions to water,kilogram,3.281649494361516e-06
"Hydrocarbons, Aliphatic, Alkanes, Unspecified",air,kilogram,3.2436006128026872e-06
Copper,Emissions / Emissions to air,kilogram,3.132523828400161e-06
Manganese(2+),Emissions / Emissions to water,kilogram,3.125853623666028e-06
Benzene,Emissions / Emissions to water,kilogram,3.049289605210833e-06
"Actinides, Radioactive, Unspecified",air,kilo Becquerel,3.030002450275681e-06
Iodine-135,air,kilo Becquerel,2.944080611913319e-06
Fluoride Ion,Emissions / Emissions to water,kilogram,2.942781951983062e-06
Chromium,Emissions / Emissions to soil,kilogram,2.9331610952547953e-06
Xylene,Emissions / Emissions to water,kilogram,2.859607322805052e-06
Dichloromethane,Emissions / Emissions to water,kilogram,2.765262668506523e-06
"Hydrocarbons, Chlorinated",air,kilogram,2.745915684832484e-06
Lead,Emissions / Emissions to air,kilogram,2.7398641639737757e-06
"Acidity, unspecified",emissions to water / river,kilogram,2.6716281231846096e-06
bromine,Emissions / Emissions to water,kilogram,2.6705287949149224e-06
Technetium-99m,water,kilo Becquerel,2.6608229736583015e-06
Carbon Dioxide (fossil),Emissions / Emissions to air,kilogram,2.649803017326374e-06
"Oils, biogenic",emissions to soil / industrial,kilogram,2.6446432074373834e-06
Copper,Emissions / Emissions to water,kilogram,2.628337687942047e-06
Ethylene,Emissions / Emissions to air,kilogram,2.510365049637326e-06
Antimony,Emissions / Emissions to water,kilogram,2.499344199907895e-06
Ethyl Acetate,Emissions / Emissions to air,kilogram,2.468315031526812e-06
Methyl Ethyl Ketone,Emissions / Emissions to air,kilogram,2.4643611130360602e-06
Acetaldehyde,Emissions / Emissions to air,kilogram,2.430890803921387e-06
Ethylene,Emissions / Emissions to water,kilogram,2.417441760635593e-06
Acetaldehyde,Emissions / Emissions to air,kilogram,2.317186224505893e-06
Acetaldehyde,Emissions / Emissions to water,kilogram,2.28788193307347e-06
Carbon black,emissions to air / unspecified,kilogram,2.2634041370264595e-06
Lead(2+),Emissions / Emissions to water,kilogram,2.1076741227774895e-06
Chlorine,Emissions / Emissions to air,kilogram,2.095414089054548e-06
Zinc,Emissions / Emissions to air,kilogram,2.0795299012443835e-06
fluoride,Emissions / Emissions to soil,kilogram,1.9810963524530753e-06
Chlorine,Emissions / Emissions to air,kilogram,1.9458852824610558e-06
Phenol,Emissions / Emissions to air,kilogram,1.938252620898384e-06
Carbon-14,Emissions / Emissions to water,kilo Becquerel,1.9215827278210825e-06
Hypochlorite,water,kilogram,1.909900350407621e-06
copper,Emissions / Emissions to soil,kilogram,1.9047674383555863e-06
Antimony,Emissions / Emissions to air,kilogram,1.8983452267382727e-06
Zinc,Emissions / Emissions to air,kilogram,1.8862395580067171e-06
Soil,soil,kilogram,1.8838250126410044e-06
Pentane,Emissions / Emissions to air,kilogram,1.8707703674142719e-06
Manganese,Emissions / Emissions to air,kilogram,1.8679705172793388e-06
Mercury,Emissions / Emissions to water,kilogram,1.8431740344537081e-06
Bauxite,soil,kilogram,1.809722284856053e-06
Oxygen,air,kilogram,1.8018013599910895e-06
Uranium-238,Emissions / Emissions to air,kilo Becquerel,1.7519186983233514e-06
Acetone,Emissions / Emissions to air,kilogram,1.7215174407792156e-06
Copper(2+),Emissions / Emissions to soil,kilogram,1.683615742806266e-06
Arsenic,Emissions / Emissions to water,kilogram,1.666195952460391e-06
Zinc,Emissions / Emissions to soil,kilogram,1.6356495854999608e-06
Manganese,Emissions / Emissions to soil,kilogram,1.6285563767428423e-06
Boron,Emissions / Emissions to soil,kilogram,1.6087242503432186e-06
Cyanide,Emissions / Emissions to air,kilogram,1.6056369928331658e-06
Argon,air,kilogram,1.5911721166762651e-06
Iodine-133,Emissions / Emissions to air,kilo Becquerel,1.556276935995444e-06
Propane,Emissions / Emissions to air,kilogram,1.5189186515906115e-06
"Wood, primary forest, standing",resources / biotic,cubic meter,1.4663258772867833e-06
Butene,Emissions / Emissions to air,kilogram,1.4513051906698167e-06
Ethyl Benzene,Emissions / Emissions to air,kilogram,1.4198485643111844e-06
Lead,Emissions / Emissions to air,kilogram,1.40583777425837e-06
"Hydrocarbons, Aliphatic, Unsaturated",air,kilogram,1.3764075508782215e-06
Cyanide,Emissions / Emissions to water,kilogram,1.373165543012142e-06
Nitrate,Emissions / Emissions to air,kilogram,1.3458324132860731e-06
Copper,Emissions / Emissions to air,kilogram,1.3286881339804094e-06
Waste water/m3,emissions to water / unspecified,cubic meter,1.3282841433233534e-06
Methane (biogenic),Emissions / Emissions to air,kilogram,1.3154786590131804e-06
Propylene,Emissions / Emissions to air,kilogram,1.2971953803383363e-06
Silicon,Emissions / Emissions to air,kilogram,1.293439279227236e-06
Benzene,Emissions / Emissions to air,kilogram,1.2902756645826644e-06
Cobalt-60,Emissions / Emissions to water,kilo Becquerel,1.2898318829130847e-06
Selenium,Emissions / Emissions to air,kilogram,1.1803504258353869e-06
Sodium-24,water,kilo Becquerel,1.1735116695172406e-06
Copper,Emissions / Emissions to air,kilogram,1.11388701677634e-06
Ethyl Benzene,Emissions / Emissions to water,kilogram,1.1021724865618164e-06
Strontium,Emissions / Emissions to soil,kilogram,1.0923182993505527e-06
Barium(2+),Emissions / Emissions to air,kilogram,1.0742408871772762e-06
Toluene,Emissions / Emissions to air,kilogram,1.0669102770039815e-06
"Aldehydes, Unspecified",Emissions / Emissions to air,kilogram,1.0603543793448403e-06
"Radioactive Species, Alpha Emitters",water,kilo Becquerel,1.0505239434256015e-06
Formic Acid,Emissions / Emissions to air,kilogram,1.0273192771073985e-06
Arsenic,Emissions / Emissions to air,kilogram,1.0119733620610875e-06
Zinc,Emissions / Emissions to air,kilogram,1.0072313150709058e-06
Barium(2+),Emissions / Emissions to water,kilogram,9.898570512980326e-07
Seabed,land use,square meter-year,9.85284817502572e-07
Strontium,Emissions / Emissions to air,kilogram,9.835916339530165e-07
Propionic Acid,Emissions / Emissions to air,kilogram,9.801176523386927e-07
Cobalt-57,water,kilo Becquerel,9.79098499546276e-07
Vanadium,Emissions / Emissions to air,kilogram,9.729426348485048e-07
Acrolein,Emissions / Emissions to air,kilogram,9.39813204540065e-07
barium,Emissions / Emissions to air,kilogram,9.086512167893549e-07
Isopropanol,Emissions / Emissions to air,kilogram,8.963127169674648e-07
Polycyclic Aromatic Hydrocarbons,Emissions / Emissions to water,kilogram,8.91519412658766e-07
"Sand, resource correction",resources / in ground,kilogram,8.79010888071904e-07
Phosphorus,Emissions / Emissions to air,kilogram,8.681949629094866e-07
"Chlorinated Solvents, Unspecified",water,kilogram,8.55504755027821e-07
arsenic,Emissions / Emissions to air,kilogram,8.315016626263521e-07
Cinnabar,soil,kilogram,8.239135635890368e-07
"Hydrocarbons, Aromatic",Emissions / Emissions to air,kilogram,8.137589007797875e-07
Nitrogen Dioxide,Emissions / Emissions to air,kilogram,7.834008878046401e-07
Ethyl Benzene,Emissions / Emissions to water,kilogram,7.829556325775774e-07
Manganese,Emissions / Emissions to air,kilogram,7.391095520717702e-07
Kieserite,soil,kilogram,7.37749821368222e-07
Barium(2+),Emissions / Emissions to air,kilogram,7.293334811651215e-07
Benzaldehyde,Emissions / Emissions to air,kilogram,7.273863272150384e-07
"Radioactive Species, Other Beta Emitters",air,kilo Becquerel,6.900017431491243e-07
"Hydrocarbons, Aliphatic, Alkanes, Unspecified",air,kilogram,6.651598573957501e-07
Polycyclic Aromatic Hydrocarbons,Emissions / Emissions to water,kilogram,6.573822527417411e-07
Acrolein,Emissions / Emissions to air,kilogram,6.534479036854197e-07
Lead,Emissions / Emissions to air,kilogram,6.50423261428704e-07
Sulfate Ion,air,kilogram,6.442969709958134e-07
Shale,soil,kilogram,6.41018065677348e-07
Hydrogen Sulfide,Emissions / Emissions to water,kilogram,6.29063257215935e-07
Lead,Emissions / Emissions to air,kilogram,6.235552896977612e-07
Radon-220,air,kilo Becquerel,6.139253773119566e-07
Cesium-134,Emissions / Emissions to water,kilo Becquerel,6.047558698376238e-07
Copper,Emissions / Emissions to air,kilogram,6.042510772513365e-07
Chromium,Emissions / Emissions to water,kilogram,6.000646348524237e-07
strontium,Emissions / Emissions to air,kilogram,5.700500609697922e-07
Chromium,Emissions / Emissions to air,kilogram,5.640771771739539e-07
Scandium,air,kilogram,5.614778893475162e-07
Benzaldehyde,Emissions / Emissions to air,kilogram,5.609443460191822e-07
Chlorine,Emissions / Emissions to water,kilogram,5.491720514405525e-07
Cyanide,Emissions / Emissions to water,kilogram,5.491717476481133e-07
chromium,Emissions / Emissions to soil,kilogram,5.452850735399178e-07
Tungsten,Emissions / Emissions to water,kilogram,5.448411903641723e-07
Bromine,Emissions / Emissions to air,kilogram,5.294561573863861e-07
Bromide ion,Emissions / Emissions to water,kilogram,5.28700527151025e-07
silver,Emissions / Emissions to water,kilogram,5.253590343489013e-07
M-xylene,Emissions / Emissions to air,kilogram,5.203442990163998e-07
Vermiculite,soil,kilogram,5.194120980144379e-07
Silver,Resources / Resources from ground,kilogram,5.127241781742239e-07
Iron,Emissions / Emissions to air,kilogram,5.03092358575867e-07
Bromine,natural resource,kilogram,5.001345784039316e-07
Metazachlor,Emissions / Emissions to soil,kilogram,4.959696417513511e-07
"Hydrocarbons, Aliphatic, Unsaturated",water,kilogram,4.911868334507028e-07
Ethylenediamine,Emissions / Emissions to air,kilogram,4.887651636852246e-07
Lead(2+),Emissions / Emissions to soil,kilogram,4.793736997475481e-07
Formaldehyde,Emissions / Emissions to water,kilogram,4.759027911518183e-07
HFC-152a,Emissions / Emissions to air,kilogram,4.688058451109567e-07
Nitrate,Emissions / Emissions to air,kilogram,4.628978167204221e-07
Sodium bromide,resources / unspecified,kilogram,4.5758778249460547e-07
Cyanide,Emissions / Emissions to air,kilogram,4.484717747329439e-07
Polycyclic Aromatic Hydrocarbons,Emissions / Emissions to air,kilogram,4.349726455400659e-07
Scandium,water,kilogram,4.324651396256182e-07
Titanium,Emissions / Emissions to air,kilogram,4.313057403045875e-07
Manganese,Emissions / Emissions to air,kilogram,4.2338555752018444e-07
Chromium,Emissions / Emissions to soil,kilogram,4.110465799807983e-07
Benzo[a]pyrene,Emissions / Emissions to air,kilogram,4.1005248924113834e-07
Rubidium,water,kilogram,4.09322345759421e-07
Iodine,Emissions / Emissions to air,kilogram,3.921645015747464e-07
Acetylene,Emissions / Emissions to air,kilogram,3.8998997357857885e-07
Sulfide ion,water,kilogram,3.8697447456396423e-07
Selenium,Emissions / Emissions to air,kilogram,3.8356794875681225e-07
To Seabed,land use,square meter,3.8327120587678513e-07
Arsenic,Emissions / Emissions to air,kilogram,3.6831727781188497e-07
Cerium,natural resource,kilogram,3.6376736437702765e-07
Acetylene,Emissions / Emissions to air,kilogram,3.6130254196384974e-07
Mercury,Emissions / Emissions to air,kilogram,3.609526913575241e-07
Oxygen,natural resource,kilogram,-3.58196636130803e-07
M-xylene,Emissions / Emissions to air,kilogram,3.5801755509747586e-07
Mancozeb,Emissions / Emissions to soil,kilogram,3.4671344303641957e-07
Molybdenum,Emissions / Emissions to air,kilogram,3.3953565242618e-07
"Hydrocarbons, Aliphatic, Unsaturated",water,kilogram,3.393883500677847e-07
Glyphosate,Emissions / Emissions to soil,kilogram,3.39012132683157e-07
Lanthanum-140,water,kilo Becquerel,3.3848241101739717e-07
Polonium-210,water,kilo Becquerel,3.346621339378517e-07
Tin atom,Emissions / Emissions to water,kilogram,3.2712567254199363e-07
Cobalt,Resources / Resources from ground,kilogram,3.21414205810275e-07
glyphosate,Emissions / Emissions to soil,kilogram,3.155021747989775e-07
Styrene,Emissions / Emissions to air,kilogram,3.124354286242714e-07
Tetrachloroethylene,Emissions / Emissions to air,kilogram,3.099840969311846e-07
"(2,4-dichlorophenoxy)acetic Acid",Emissions / Emissions to soil,kilogram,3.079675143722489e-07
Barium-140,water,kilo Becquerel,3.022596425321472e-07
Cadmium,Emissions / Emissions to water,kilogram,2.9670634521045623e-07
Furan,Emissions / Emissions to air,kilogram,2.917046209252046e-07
Nitrite,Emissions / Emissions to water,kilogram,2.9114295113078756e-07
Cadmium,Emissions / Emissions to air,kilogram,2.880363633001998e-07
Nickel,Emissions / Emissions to air,kilogram,2.88025301420132e-07
Rubidium,water,kilogram,2.827449035922943e-07
Phosphorus,Emissions / Emissions to water,kilogram,2.7837601895020753e-07
Molybdenum,Emissions / Emissions to air,kilogram,2.730239859028865e-07
"Volume Occupied, Final Repository For Low-active Radioactive Waste",land use,cubic meter,2.7021760479979533e-07
Chlorothalonil,Emissions / Emissions to soil,kilogram,2.66976583472266e-07
Thorium-232,emissions to water / ocean,kilo Becquerel,2.643473787020786e-07
Boron,Emissions / Emissions to air,kilogram,2.635945710978268e-07
Phosphorus,Emissions / Emissions to air,kilogram,2.635945710978268e-07
Cobalt,Emissions / Emissions to air,kilogram,2.5621198674767164e-07
Olivine,soil,kilogram,2.483843670944962e-07
Borax,resources / in ground,kilogram,2.463651323729603e-07
Chlorobenzene,Emissions / Emissions to water,kilogram,2.437859896775501e-07
"To Urban, Discontinuously Built",Land use / Land transformation,square meter,2.400452233820447e-07
Ruthenium-106,Emissions / Emissions to water,kilo Becquerel,2.3694049847712917e-07
M-xylene,Emissions / Emissions to air,kilogram,2.3153174138646733e-07
Thorium-230,Emissions / Emissions to air,kilo Becquerel,2.2775823087536893e-07
Anhydrite,resources / in ground,kilogram,2.2570492647488978e-07
Hexane,Emissions / Emissions to air,kilogram,2.2349264744486376e-07
Lead-210,water,kilo Becquerel,2.20352948836008e-07
Aluminium,Emissions / Emissions to air,kilogram,2.1595756346176426e-07
Heptane,Emissions / Emissions to air,kilogram,2.145699220989761e-07
O-xylene,Emissions / Emissions to air,kilogram,2.1237165573173399e-07
Mercury,Emissions / Emissions to air,kilogram,2.0775428086650036e-07
Styrene,Emissions / Emissions to air,kilogram,2.0554810010403092e-07
"Hydrocarbons, Aliphatic, Alkanes, Cyclic",air,kilogram,2.0479108602432463e-07
Iodine-133,water,kilo Becquerel,2.036613549815152e-07
Benzo[a]pyrene,Emissions / Emissions to air,kilogram,2.0350447149801462e-07
HFC-134a,Emissions / Emissions to air,kilogram,1.9239627380266945e-07
Diflubenzuron,Emissions / Emissions to soil,kilogram,1.8958553396020784e-07
Molybdenum,Emissions / Emissions to air,kilogram,1.894897940759825e-07
Benzo[a]pyrene,Emissions / Emissions to water,kilogram,1.868980041145752e-07
Black carbon,emissions to air / unspecified,kilogram,1.8594313244976225e-07
Waste Heat,air,megajoule,1.838176916913142e-07
Zirconium-95,water,kilo Becquerel,1.8200780415302005e-07
Toluene,Emissions / Emissions to water,kilogram,1.8086115637544797e-07
Vanadium,Emissions / Emissions to water,kilogram,1.7862366160020594e-07
Nickel,Emissions / Emissions to soil,kilogram,1.764123081678072e-07
Ethanolamine,Emissions / Emissions to air,kilogram,1.7060993633807795e-07
Hydroxide,water,kilogram,1.6905689873358157e-07
Tin atom,Emissions / Emissions to air,kilogram,1.654601466093488e-07
Hydrogen Sulfide,Emissions / Emissions to air,kilogram,1.640229951948953e-07
Butene,Emissions / Emissions to air,kilogram,1.6340531967966288e-07
Tin atom,Emissions / Emissions to air,kilogram,1.6188716758174262e-07
Phenol,Emissions / Emissions to water,kilogram,1.615292970679663e-07
Lead,Emissions / Emissions to water,kilogram,1.587264427651504e-07
Acetonitrile,Emissions / Emissions to air,kilogram,1.535969003217339e-07
Potassium,soil,kilogram,1.506243427958812e-07
Nickel,Emissions / Emissions to air,kilogram,1.5015081640225274e-07
Sodium,air,kilogram,1.498730949604608e-07
Calcium,Emissions / Emissions to air,kilogram,1.4946387574547821e-07
zinc,Emissions / Emissions to soil,kilogram,1.4656614370196572e-07
O-xylene,Emissions / Emissions to air,kilogram,1.4613027757219196e-07
Barium(2+),Emissions / Emissions to air,kilogram,1.452743712486498e-07
Chromium,Emissions / Emissions to air,kilogram,1.4503236198536744e-07
Methanol,Emissions / Emissions to water,kilogram,1.4419040741038234e-07
To Agriculture,Land use / Land transformation,square meter,1.422815200837373e-07
Methanol,Emissions / Emissions to water,kilogram,1.4160652835260413e-07
Cyanide,Emissions / Emissions to water,kilogram,1.4034296757704695e-07
Cobalt,Emissions / Emissions to air,kilogram,1.3932516895908843e-07
Strontium(2+),Emissions / Emissions to air,kilogram,1.3854795016523152e-07
Trifluoromethane,Emissions / Emissions to air,kilogram,1.3589278529274046e-07
Chlormequat Chloride,Emissions / Emissions to soil,kilogram,1.3525098109630742e-07
CFC-114,Emissions / Emissions to air,kilogram,1.3286465318263145e-07
Formaldehyde,Emissions / Emissions to water,kilogram,1.299581493492581e-07
"Hydrocarbons, Aliphatic, Alkanes, Cyclic",air,kilogram,1.2839697468469923e-07
Terpenes,air,kilogram,1.2799740877257955e-07
Cerium-141,water,kilo Becquerel,1.2673312177483457e-07
Antimony,Emissions / Emissions to air,kilogram,1.2611261793656904e-07
Cobalt,Emissions / Emissions to air,kilogram,1.2601106873817295e-07
Cadmium,Emissions / Emissions to air,kilogram,1.2180403751633575e-07
Phenol,Emissions / Emissions to air,kilogram,1.2132958036347216e-07
Fluorine,Emissions / Emissions to air,kilogram,1.2080035676164934e-07
Scandium,water,kilogram,1.2015035003205787e-07
Isobutane,Emissions / Emissions to air,kilogram,1.199435370878713e-07
Zirconium,Resources / Resources from ground,kilogram,1.1939472917325626e-07
Tin atom,Emissions / Emissions to soil,kilogram,1.1926071882396984e-07
Adsorbable Organic Halogen Compounds,Emissions / Emissions to water,kilogram,1.189293331728665e-07
Barium-140,air,kilo Becquerel,1.16192425583468e-07
"Nitrogen, Total (excluding N2)",Emissions / Emissions to water,kilogram,1.1596626934919335e-07
Benzene,Emissions / Emissions to water,kilogram,1.1522134156336286e-07
Xylene,Emissions / Emissions to water,kilogram,1.1460318705840521e-07
Cadmium,Emissions / Emissions to water,kilogram,1.1459431026503945e-07
From Agriculture,Land use / Land transformation,square meter,1.1206576975632235e-07
Molybdenum-99,water,kilo Becquerel,1.1119568839465265e-07
Nickel,Emissions / Emissions to water,kilogram,1.1061838618621877e-07
Heptane,Emissions / Emissions to air,kilogram,1.0950510398627136e-07
Lanthanum,natural resource,kilogram,1.0840305269153846e-07
Nitrate,Emissions / Emissions to air,kilogram,1.0829773312375333e-07
Cypermethrin,Emissions / Emissions to soil,kilogram,1.0577980849127124e-07
"1,3-Butadiene",Emissions / Emissions to air,kilogram,1.048772279007504e-07
Isocyanic Acid,air,kilogram,1.0204103356290176e-07
Ethyl Benzene,Emissions / Emissions to air,kilogram,1.0200285310034584e-07
Chromium(6+),Emissions / Emissions to air,kilogram,1.0115174319120821e-07
Sodium Chlorate,Emissions / Emissions to air,kilogram,9.928864209058663e-08
Antimony-122,water,kilo Becquerel,9.92270251684139e-08
"Radioactive species, unspecified",emissions to air / low. pop.,kilo Becquerel,9.889465684774989e-08
Titanium,Emissions / Emissions to water,kilogram,9.87160880442603e-08
Magnesium,Emissions / Emissions to air,kilogram,9.758875022028686e-08
Fluorine,Emissions / Emissions to air,kilogram,9.614602110337677e-08
Polycyclic Aromatic Hydrocarbons,Emissions / Emissions to air,kilogram,9.565950852615131e-08
Phosphorus,Emissions / Emissions to water,kilogram,9.254679696189643e-08
Trifluralin,Emissions / Emissions to soil,kilogram,9.243329092798065e-08
Carbofuran,Emissions / Emissions to soil,kilogram,9.086544260824762e-08
Acetylene,Emissions / Emissions to air,kilogram,9.08532143370838e-08
Pentachlorophenol,Emissions / Emissions to air,kilogram,8.910336800445607e-08
Chlorodifluoromethane,Emissions / Emissions to air,kilogram,8.725904534685195e-08
Sulfide ion,water,kilogram,8.69994420569161e-08
Calcium,Emissions / Emissions to air,kilogram,8.509361656962866e-08
Ammonium,Emissions / Emissions to water,kilogram,8.49772813540057e-08
Sulfur hexafluoride,Emissions / Emissions to air,kilogram,8.466669338436519e-08
Sodium,air,kilogram,8.409296910985707e-08
Magnesium chloride,resources / in ground,kilogram,8.405591967481488e-08
Vanadium(2+),Emissions / Emissions to air,kilogram,7.887774639826087e-08
Selenium,Emissions / Emissions to air,kilogram,7.843545701809128e-08
Iodine-131,Emissions / Emissions to water,kilo Becquerel,7.709490966018513e-08
Iodine,natural resource,kilogram,7.627490386303433e-08
Gold,Resources / Resources from ground,kilogram,7.598515216203037e-08
"Hydrocarbons, Aromatic",Emissions / Emissions to air,kilogram,7.463395926527277e-08
"1,2-dichloroethane",Emissions / Emissions to air,kilogram,7.336266247123848e-08
Dichloroacetylene,Emissions / Emissions to air,kilogram,7.227386267282821e-08
Ethylene,Emissions / Emissions to water,kilogram,7.211235832128987e-08
Tebutam,soil,kilogram,7.035607999808269e-08
"Aldehydes, Unspecified",Emissions / Emissions to air,kilogram,6.98468328014254e-08
Titanium,Emissions / Emissions to air,kilogram,6.96843611680775e-08
"Volume Occupied, Final Repository For Radioactive Waste",land use,cubic meter,6.819326576374761e-08
Mercury(2+),Emissions / Emissions to water,kilogram,6.659926581304359e-08
Iron-59,water,kilo Becquerel,6.621005971751646e-08
Orbencarb,Emissions / Emissions to soil,kilogram,6.592442308542363e-08
Methyl acrylate,Emissions / Emissions to water,kilogram,6.588191236484259e-08
Chlorate ion,Emissions / Emissions to water,kilogram,6.389368774450561e-08
Tungsten,Emissions / Emissions to air,kilogram,6.343414164023311e-08
Silicon,Emissions / Emissions to water,kilogram,6.293363111452089e-08
Neodymium,natural resource,kilogram,5.997877495444026e-08
Tebuconazole,Emissions / Emissions to soil,kilogram,5.819512396813731e-08
Molybdenum,Emissions / Emissions to water,kilogram,5.684928006173899e-08
Ethanol,Emissions / Emissions to air,kilogram,5.675688275265249e-08
Potassium,air,kilogram,5.559459094435962e-08
Napropamide,Emissions / Emissions to soil,kilogram,5.434664236617105e-08
Cerium-144,water,kilo Becquerel,5.290644576966518e-08
Water,air,cubic meter,5.069896808376622e-08
Tert-butyl Methyl Ether,Emissions / Emissions to air,kilogram,5.047865170644711e-08
Cadmium,Resources / Resources from ground,kilogram,5.0392705107687847e-08
Adsorbable Organic Halogen Compounds,Emissions / Emissions to water,kilogram,4.9539766331910195e-08
Antimony,Emissions / Emissions to air,kilogram,4.8753643772377074e-08
Mercury,Emissions / Emissions to air,kilogram,4.8199799455875846e-08
Cobalt,Emissions / Emissions to soil,kilogram,4.804316082939358e-08
"Hydrocarbons, Chlorinated",air,kilogram,4.7858244296768597e-08
Ethylene Oxide,Emissions / Emissions to air,kilogram,4.525931808914621e-08
Chlorine,Emissions / Emissions to air,kilogram,4.4626359958191547e-08
Hydrogen Peroxide,Emissions / Emissions to water,kilogram,4.363107551777946e-08
arsenic,Emissions / Emissions to soil,kilogram,4.361453851579426e-08
Cesium-137,Emissions / Emissions to air,kilo Becquerel,4.315651821636129e-08
Vanadium(2+),Emissions / Emissions to air,kilogram,4.2488368472410936e-08
Arsenic,Emissions / Emissions to water,kilogram,4.159046182217795e-08
Cesium,Emissions / Emissions to water,kilogram,4.0932235153269114e-08
Ethylene Oxide,Emissions / Emissions to air,kilogram,4.045589681112463e-08
Lead(2+),Emissions / Emissions to water,kilogram,3.9954316469773416e-08
Beryllium(2+),Emissions / Emissions to water,kilogram,3.941472099669296e-08
Endosulfan,Emissions / Emissions to soil,kilogram,3.934794150167942e-08
Acetaldehyde,Emissions / Emissions to water,kilogram,3.8809336810364476e-08
Ethanol,Emissions / Emissions to water,kilogram,3.832440022397872e-08
Vinyl Chloride,Emissions / Emissions to air,kilogram,3.7187390970810096e-08
Nitrate,Emissions / Emissions to air,kilogram,3.675741428877164e-08
Glutaraldehyde,Emissions / Emissions to water,kilogram,3.6524487608696984e-08
CFC-10,Emissions / Emissions to air,kilogram,3.636369335118703e-08
Silver,Emissions / Emissions to water,kilogram,3.590921361129436e-08
N-propanol,Emissions / Emissions to air,kilogram,3.5283523135003715e-08
Acrolein,Emissions / Emissions to air,kilogram,3.450187548047074e-08
Sulfur,Emissions / Emissions to water,kilogram,3.3986166874980115e-08
Ruthenium-103,water,kilo Becquerel,3.295027910581237e-08
Sulfate Ion,soil,kilogram,3.2845419048140084e-08
Tin atom,Emissions / Emissions to air,kilogram,3.270287196469672e-08
Carbendazim,Emissions / Emissions to soil,kilogram,3.2367981132578086e-08
"Wood, unspecified, standing/m3",resources / biotic,cubic meter,3.212346972518693e-08
2-methyl-1-propene,Emissions / Emissions to air,kilogram,3.2008538850346054e-08
Lithium,Resources / Resources from ground,kilogram,3.172423698251269e-08
Formate,water,kilogram,3.094756142027839e-08
Cesium-136,water,kilo Becquerel,3.084379906901778e-08
Chromium(3+),Emissions / Emissions to water,kilogram,3.082087629078941e-08
"From Agriculture, Mosaic",Land use / Land transformation,square meter,3.080842282157215e-08
sulfur,Emissions / Emissions to water,kilogram,2.882218106660843e-08
Molybdenum,Emissions / Emissions to soil,kilogram,2.8413918034746892e-08
"1,2-dichloroethane",Emissions / Emissions to air,kilogram,2.831146959681807e-08
Cesium,Emissions / Emissions to water,kilogram,2.8274490754377747e-08
Cerium-141,air,kilo Becquerel,2.8165106823435286e-08
Potassium-40,air,kilo Becquerel,2.8131237106643326e-08
Nitrogen,water,kilogram,2.806982447292013e-08
(1S)-1-(ethylcarbamoyl)ethyl N-phenylcarbamate,Emissions / Emissions to soil,kilogram,2.740889713193813e-08
Phosphorus,Emissions / Emissions to soil,kilogram,2.7084771517497317e-08
Propaquizafop,Emissions / Emissions to soil,kilogram,2.6800751967953286e-08
Cadmium,Emissions / Emissions to air,kilogram,2.6714077396058585e-08
Potassium-40,water,kilo Becquerel,2.6582123649871552e-08
Ethyl Benzene,Emissions / Emissions to water,kilogram,2.635980196887953e-08
Metolachlor,Emissions / Emissions to soil,kilogram,2.5952592623427376e-08
Carbon,soil,kilogram,2.5505192253103388e-08
Total Organic Carbon,soil,kilogram,2.543243474504035e-08
Silver,Emissions / Emissions to water,kilogram,2.4977350470907638e-08
Cobalt-60,Emissions / Emissions to air,kilo Becquerel,2.4733605411107184e-08
"Acidity, unspecified",emissions to water / unspecified,kilogram,2.4718133883100248e-08
Americium-241,Emissions / Emissions to water,kilo Becquerel,2.462255345392942e-08
Benzaldehyde,Emissions / Emissions to air,kilogram,2.4451439964223396e-08
Cumene,Emissions / Emissions to air,kilogram,2.4081190807199155e-08
Silicon,Emissions / Emissions to soil,kilogram,2.3577088860143507e-08
Silver,Emissions / Emissions to air,kilogram,2.3487777096856742e-08
"To Urban, Continuously Built",Land use / Land transformation,square meter,2.3455365840087804e-08
Monocrotophos,Emissions / Emissions to soil,kilogram,2.3161629704913898e-08
Propanal,Emissions / Emissions to air,kilogram,2.2841087224670427e-08
Chromium(3+),Emissions / Emissions to air,kilogram,2.2741338036941595e-08
Ethyl Acetate,Emissions / Emissions to air,kilogram,2.2137726103658342e-08
Thallium,Emissions / Emissions to water,kilogram,2.1944031785665246e-08
Cadmium,Emissions / Emissions to air,kilogram,2.1430454335633827e-08
"Radioactive Species, Other Beta Emitters",air,kilo Becquerel,2.0958540488851826e-08
Copper,Emissions / Emissions to soil,kilogram,2.050376783584405e-08
"1,2-dichloroethane",Emissions / Emissions to water,kilogram,2.0303398140549406e-08
Tert-butyl Methyl Ether,Emissions / Emissions to air,kilogram,2.029748093136016e-08
Beryllium,Emissions / Emissions to air,kilogram,1.98017395130348e-08
Nitrate,soil,kilogram,1.9674386328203408e-08
Total Organic Carbon,air,kilogram,1.9505396604160072e-08
Sulfite,water,kilogram,1.9270972500338307e-08
Platinum,Resources / Resources from ground,kilogram,1.8112236541753895e-08
Metconazole,Emissions / Emissions to soil,kilogram,1.8093119086677127e-08
Molybdenum,Emissions / Emissions to air,kilogram,1.8012582711894885e-08
Ozone,air,kilogram,1.782166980637482e-08
Decane,Emissions / Emissions to water,kilogram,1.7347706846807855e-08
Phosphorus,Emissions / Emissions to air,kilogram,1.7132349720578647e-08
Barium,Emissions / Emissions to water,kilogram,1.654420475990943e-08
Chloroacetic Acid,Emissions / Emissions to water,kilogram,1.652393273274298e-08
Helium,air,kilogram,1.6495228934562748e-08
Propanal,Emissions / Emissions to air,kilogram,1.6454517466681662e-08
Chromium,Emissions / Emissions to water,kilogram,1.6112187154710246e-08
"Nitrogen, Total (excluding N2)",Emissions / Emissions to water,kilogram,1.600195228330197e-08
Cobalt,Emissions / Emissions to water,kilogram,1.5846834187522367e-08
Aclonifen,Emissions / Emissions to soil,kilogram,1.5523052278098697e-08
Bromotrifluoromethane,Emissions / Emissions to air,kilogram,1.4839782255983624e-08
"From Urban, Continuously Built",Land use / Land transformation,square meter,1.4522151388985294e-08
Antimony,Emissions / Emissions to air,kilogram,1.4144099957828833e-08
Adsorbable Organic Halogen Compounds,Emissions / Emissions to water,kilogram,1.4085364075768113e-08
Vinyl Chloride,Emissions / Emissions to air,kilogram,1.3878067528727459e-08
Styrene,Emissions / Emissions to air,kilogram,1.3635972553856135e-08
Isoprene,Emissions / Emissions to air,kilogram,1.353639642005374e-08
Hexafluoroethane,Emissions / Emissions to air,kilogram,1.3268912698154133e-08
Metaldehyde,Emissions / Emissions to soil,kilogram,1.3031388840407436e-08
Chloroform,Emissions / Emissions to air,kilogram,1.2897331754690038e-08
Arsenic,Emissions / Emissions to soil,kilogram,1.2403180566432021e-08
Metribuzin,Emissions / Emissions to soil,kilogram,1.2208002164321035e-08
Cadmium(2+),Emissions / Emissions to soil,kilogram,1.2120940346767965e-08
"1,2-dichlorobenzene",Emissions / Emissions to water,kilogram,1.2079520319004962e-08
calcium,Emissions / Emissions to soil,kilogram,1.1690827701800764e-08
Butyl acetate,Emissions / Emissions to water,kilogram,1.1630275141717854e-08
Fluazifop-p-butyl,Emissions / Emissions to soil,kilogram,1.155207276861536e-08
Methyl Acetate,Emissions / Emissions to air,kilogram,1.1521181385580612e-08
lead,Emissions / Emissions to soil,kilogram,1.1269988885935437e-08
Dimethyl Formamide,Emissions / Emissions to air,kilogram,1.1200654054458524e-08
Potassium,air,kilogram,1.1086708318966586e-08
Fenpiclonil,Emissions / Emissions to soil,kilogram,1.1042229510078358e-08
iodide,Emissions / Emissions to water,kilogram,1.0996792777675544e-08
Mercury,Emissions / Emissions to air,kilogram,1.080094888355758e-08
acrylic acid,Emissions / Emissions to water,kilogram,1.0700061072273876e-08
Sodium Hydroxide,Emissions / Emissions to air,kilogram,1.0676877520589592e-08
Cesium-134,Emissions / Emissions to air,kilo Becquerel,1.0662278124713853e-08
Methanol,Emissions / Emissions to water,kilogram,1.0016227311537182e-08
Strontium,Emissions / Emissions to air,kilogram,9.995380082661967e-09
Lanthanum-140,air,kilo Becquerel,9.92960402554472e-09
Tantalum,Resources / Resources from ground,kilogram,9.924701719567603e-09
Silver,Emissions / Emissions to water,kilogram,9.707205976569009e-09
Titanium,Emissions / Emissions to water,kilogram,9.689550206137146e-09
Nitric Acid,Emissions / Emissions to air,kilogram,9.511475424356756e-09
Tellurium-132,water,kilo Becquerel,9.242163112515213e-09
Cadmium,Emissions / Emissions to water,kilogram,9.142080435153023e-09
Butanol,Emissions / Emissions to water,kilogram,9.049323257912423e-09
Chloride,Emissions / Emissions to soil,kilogram,8.844035892873698e-09
HFC-134a,Emissions / Emissions to air,kilogram,8.763032197365717e-09
Radium-228,air,kilo Becquerel,8.746333851249472e-09
Vanadium(2+),Emissions / Emissions to water,kilogram,8.434886455261534e-09
Mercury,Emissions / Emissions to soil,kilogram,8.424649197524224e-09
Triethylene Glycol,Emissions / Emissions to water,kilogram,8.32224933594738e-09
Bentazon,Emissions / Emissions to soil,kilogram,7.971827774038544e-09
Butene,Emissions / Emissions to water,kilogram,7.810094761854416e-09
Selenium,Emissions / Emissions to air,kilogram,7.798804481248573e-09
Indium,Resources / Resources from ground,kilogram,7.71204716893997e-09
Sulfur,Emissions / Emissions to soil,kilogram,7.707177332750285e-09
Ethanol,Emissions / Emissions to air,kilogram,7.404145689002579e-09
Thorium-232,emissions to air / unspecified,kilo Becquerel,7.4007437337935265e-09
Titanium,Emissions / Emissions to air,kilogram,7.3205968565798135e-09
Cobalt-60,Emissions / Emissions to air,kilo Becquerel,7.186135447707724e-09
Feldspar,soil,kilogram,7.135308139218082e-09
"1,3-Butadiene",Emissions / Emissions to air,kilogram,7.008027804486247e-09
Chlorine,Emissions / Emissions to soil,kilogram,6.8129181690703e-09
Zirconium-95,air,kilo Becquerel,6.44367859666961e-09
Praseodymium,natural resource,kilogram,6.363979765616195e-09
Molybdenum,Emissions / Emissions to water,kilogram,6.094058554059185e-09
Carbon disulfide,Emissions / Emissions to air,kilogram,6.0887867446108156e-09
O-xylene,Emissions / Emissions to air,kilogram,6.058314008047693e-09
"Oils, Unspecified",Emissions / Emissions to air,kilogram,5.923107416309452e-09
Chromium(6+),Emissions / Emissions to air,kilogram,5.634824459396236e-09
Sodium Formate,Emissions / Emissions to water,kilogram,5.557350124527037e-09
Borax (B4Na2O7.10H2O),water,kilogram,5.556029553271714e-09
"Unspecified, Used",Land use / Land occupation,square meter-year,5.497501931875381e-09
Chloroform,Emissions / Emissions to air,kilogram,5.398559255842018e-09
Phosphorus Trichloride,Emissions / Emissions to air,kilogram,5.382114010070128e-09
Mercury(2+),Emissions / Emissions to water,kilogram,5.373283572452141e-09
Vinyl Chloride,Emissions / Emissions to water,kilogram,5.186311080839621e-09
Granite,soil,kilogram,5.132895242686088e-09
Arsenic,Emissions / Emissions to air,kilogram,5.074536384554989e-09
Prochloraz,Emissions / Emissions to soil,kilogram,5.027723489840386e-09
Titanium,Emissions / Emissions to soil,kilogram,4.959283342932443e-09
Thorium-228,air,kilo Becquerel,4.709564263760912e-09
Zinc-65,air,kilo Becquerel,4.615079887628258e-09
Samarium,natural resource,kilogram,4.541250498675351e-09
Acrylic Acid,Emissions / Emissions to air,kilogram,4.5209906219700965e-09
Tin-San,water,kilogram,4.384865845057178e-09
Aluminium,Emissions / Emissions to soil,kilogram,4.243859113821838e-09
Phenol,Emissions / Emissions to air,kilogram,4.140962187206935e-09
Hcfc 124,Emissions / Emissions to air,kilogram,4.130048605773864e-09
Cfc 113,Emissions / Emissions to air,kilogram,4.130019416869649e-09
Ammonium Carbonate,Emissions / Emissions to air,kilogram,4.128751759563042e-09
Ethanolamine,Emissions / Emissions to air,kilogram,3.9161128855053585e-09
Tellurium,Resources / Resources from ground,kilogram,3.878068245213579e-09
Titanium,Emissions / Emissions to soil,kilogram,3.83358903532708e-09
Palladium,Resources / Resources from ground,kilogram,3.77240000501544e-09
Tin atom,Emissions / Emissions to water,kilogram,3.683875991785461e-09
Ethylene Oxide,Emissions / Emissions to water,kilogram,3.6788733886171597e-09
Linuron,Emissions / Emissions to soil,kilogram,3.6458525109439314e-09
Ethyl Cellulose,air,kilogram,3.6238523721092167e-09
Methyl acrylate,Emissions / Emissions to air,kilogram,3.372455803743098e-09
Thallium,Emissions / Emissions to air,kilogram,3.3595962114097215e-09
Vanadium,Emissions / Emissions to water,kilogram,3.131751297640801e-09
Cobalt-58,Emissions / Emissions to air,kilo Becquerel,3.061633046866216e-09
HFC-134a,Emissions / Emissions to air,kilogram,3.053230650704531e-09
Cyanide,Emissions / Emissions to air,kilogram,3.0232538467563836e-09
Selenium,Emissions / Emissions to water,kilogram,3.0096780168660626e-09
Gallium,Resources / Resources from ground,kilogram,3.0040122379224394e-09
Chlorodifluoromethane,Emissions / Emissions to air,kilogram,2.887829401271102e-09
Hydrogen Peroxide,Emissions / Emissions to air,kilogram,2.836111351838676e-09
Radium-228,water,kilo Becquerel,2.7819831964029937e-09
Bromochlorodifluoromethane,Emissions / Emissions to air,kilogram,2.726082651796118e-09
Thorium-228,water,kilo Becquerel,2.6963817141955164e-09
Acetone,Emissions / Emissions to air,kilogram,2.6645727306199603e-09
Mercury(2+),Emissions / Emissions to water,kilogram,2.6456935888509546e-09
Antimony-125,air,kilo Becquerel,2.5684870637138323e-09
CFC-10,Emissions / Emissions to air,kilogram,2.5218244427430167e-09
Carbon Monoxide (biogenic),Emissions / Emissions to air,kilogram,2.484432938016143e-09
Mercury(2+),Emissions / Emissions to air,kilogram,2.445982956082101e-09
Carbon disulfide,Emissions / Emissions to air,kilogram,2.4043895996268217e-09
Nitric oxide,Emissions / Emissions to air,kilogram,2.3952051469403004e-09
Benzo[a]pyrene,Emissions / Emissions to air,kilogram,2.337584250601031e-09
Trifluoromethane,Emissions / Emissions to air,kilogram,2.3340711168926956e-09
Sodium Formate,Emissions / Emissions to air,kilogram,2.3132120705835764e-09
Tin atom,Emissions / Emissions to air,kilogram,2.2879169640181293e-09
Gadolinium,natural resource,kilogram,2.274520059377752e-09
Carbon disulfide,Emissions / Emissions to water,kilogram,2.2306400306533143e-09
Formic Acid,Emissions / Emissions to air,kilogram,2.213723399396207e-09
Sulfuric acid,Emissions / Emissions to air,kilogram,2.2019032371456292e-09
Chloroethane,Emissions / Emissions to air,kilogram,2.1912768904719255e-09
Total Organic Carbon,air,kilogram,2.1784067153104145e-09
Acenaphthene,Emissions / Emissions to water,kilogram,1.928696219950009e-09
Deltamethrin,Emissions / Emissions to soil,kilogram,1.917488593787312e-09
Chloride,Emissions / Emissions to air,kilogram,1.916071769393955e-09
"1,4-Butanediol",Emissions / Emissions to air,kilogram,1.8791991330718174e-09
Uranium,air,kilogram,1.8695805468061525e-09
"Hydrocarbons, Aliphatic, Unsaturated",air,kilogram,1.84635829975094e-09
Cobalt,Emissions / Emissions to air,kilogram,1.8070236010004224e-09
Chromium-51,air,kilo Becquerel,1.8048149061993618e-09
Ethyl Acetate,Emissions / Emissions to water,kilogram,1.7184711872665598e-09
Barium,Emissions / Emissions to soil,kilogram,1.6425174893360306e-09
tin,Emissions / Emissions to soil,kilogram,1.6230883409948953e-09
Lithium,Emissions / Emissions to water,kilogram,1.6222156647424946e-09
Carbon Monoxide (fossil),Emissions / Emissions to air,kilogram,1.6019098051456005e-09
Vinyl Acetate,Emissions / Emissions to air,kilogram,1.584859094430522e-09
Sulfur Trioxide,Emissions / Emissions to air,kilogram,1.5548868095925375e-09
Thorium-232,emissions to water / groundwater,kilo Becquerel,1.496342829961002e-09
Antimony,Emissions / Emissions to water,kilogram,1.4742248122632084e-09
Barium(2+),Emissions / Emissions to soil,kilogram,1.4562170485377788e-09
Uranium-235,Emissions / Emissions to air,kilo Becquerel,1.411399080141137e-09
Bromine,Emissions / Emissions to air,kilogram,1.402715178437014e-09
Thorium,air,kilogram,1.401626792616929e-09
Lambda-cyhalothrin,Emissions / Emissions to soil,kilogram,1.3472352880940035e-09
Iodine-131,Emissions / Emissions to water,kilo Becquerel,1.3318556274475741e-09
Acenaphthene,Emissions / Emissions to water,kilogram,1.3265832582969805e-09
Cobalt,Emissions / Emissions to water,kilogram,1.2797052819038174e-09
Volatile Organic Compound,Emissions / Emissions to air,kilogram,1.2300241714415422e-09
Beryllium(2+),Emissions / Emissions to water,kilogram,1.1872774730618826e-09
Thallium,Emissions / Emissions to air,kilogram,1.1791257508561104e-09
Gamma-Butyrolactone,Emissions / Emissions to water,kilogram,1.1684465634358134e-09
Clomazone,Emissions / Emissions to soil,kilogram,1.1311857782768946e-09
Beryllium(2+),Emissions / Emissions to air,kilogram,1.1301938930951198e-09
Tert-butyl Methyl Ether,Emissions / Emissions to water,kilogram,1.1017633056821753e-09
"Particulates, unspecified",emissions to air / unspecified,kilogram,1.0981354904401094e-09
Scandium,air,kilogram,1.0843811935028087e-09
Monochloramine,Emissions / Emissions to water,kilogram,1.0244350401697032e-09
Tributyltin,Emissions / Emissions to water,kilogram,9.745625881778724e-10
Ethylenediamine,Emissions / Emissions to water,kilogram,9.55925330326556e-10
Acenaphthylene,Emissions / Emissions to water,kilogram,9.549785250748707e-10
Octene,Emissions / Emissions to air,kilogram,9.411852282600452e-10
Magnesium,Emissions / Emissions to water,kilogram,9.367410448921636e-10
Scandium,air,kilogram,9.252033832249567e-10
Manganese-54,air,kilo Becquerel,9.24265086029073e-10
Isoproturon,Emissions / Emissions to soil,kilogram,9.196531664549386e-10
Europium,natural resource,kilogram,9.113658278753827e-10
Nitrobenzene,Emissions / Emissions to water,kilogram,8.97331220931516e-10
"Hydrocarbons, Aliphatic, Alkanes, Cyclic",air,kilogram,8.472119776316603e-10
Ethephon,Emissions / Emissions to soil,kilogram,8.429865646252266e-10
Sulfur Dioxide,Emissions / Emissions to air,kilogram,8.409607573547115e-10
Silver(1+),Emissions / Emissions to air,kilogram,8.293482969387466e-10
Stibnite,resources / in ground,kilogram,8.248955959291084e-10
Teflubenzuron,Emissions / Emissions to soil,kilogram,8.138667797121222e-10
Uranium,emissions to water / unspecified,kilogram,8.125731264317643e-10
Bis(tributyltin) oxide,Emissions / Emissions to water,kilogram,7.971234777607726e-10
Trichloroethylene,Emissions / Emissions to air,kilogram,7.889426139448748e-10
Atrazine,Emissions / Emissions to soil,kilogram,7.852978043094509e-10
Chloroacetic Acid,Emissions / Emissions to air,kilogram,7.81721911082118e-10
Methyl Chloride,Emissions / Emissions to air,kilogram,7.748006582108889e-10
Boron,Emissions / Emissions to air,kilogram,7.661581399024737e-10
Pirimicarb,Emissions / Emissions to soil,kilogram,7.584913859241034e-10
"1,4-Butanediol",Emissions / Emissions to water,kilogram,7.516850852284732e-10
Trinexapac-ethyl,Emissions / Emissions to soil,kilogram,7.4774002554287e-10
Uranium-234,Emissions / Emissions to water,kilo Becquerel,6.984246421603118e-10
Silicium Tetrafluoride,air,kilogram,6.884478311454073e-10
Potassium,Resources / Resources from ground,kilogram,6.81470930066631e-10
Manganese,Emissions / Emissions to soil,kilogram,6.682856445686836e-10
Acenaphthylene,Emissions / Emissions to water,kilogram,6.563811341308394e-10
"Aldehydes, Unspecified",Emissions / Emissions to air,kilogram,6.225494851075893e-10
Hexachlorobenzene,Emissions / Emissions to air,kilogram,6.170713186353826e-10
Zirconium,Emissions / Emissions to air,kilogram,5.894924733792173e-10
CFC-12,Emissions / Emissions to air,kilogram,5.864768574427896e-10
Kerosene,Emissions / Emissions to air,kilogram,5.817333140839673e-10
Ethyl Amine,Emissions / Emissions to water,kilogram,5.810249783694962e-10
Tin(2+),Emissions / Emissions to water,kilogram,5.596020884763639e-10
CFC-12,Emissions / Emissions to air,kilogram,5.508827154864023e-10
Molybdenum,Emissions / Emissions to water,kilogram,5.449971437110481e-10
Beryllium(2+),Emissions / Emissions to air,kilogram,5.408472285092943e-10
HFC-152a,Emissions / Emissions to air,kilogram,5.382681378660764e-10
Plutonium,Emissions / Emissions to air,kilo Becquerel,4.95481578623565e-10
Diatomite,soil,kilogram,4.903161029832219e-10
Gamma-Butyrolactone,Emissions / Emissions to air,kilogram,4.868438629252732e-10
Aldrin,Emissions / Emissions to soil,kilogram,4.789210147430446e-10
Nitrogen Trifluoride,Emissions / Emissions to air,kilogram,4.731021617351161e-10
Methyl Chloride,Emissions / Emissions to air,kilogram,4.698331716076712e-10
Methylamine,Emissions / Emissions to water,kilogram,4.673024822613394e-10
Chlorotrimethylsilane,Emissions / Emissions to air,kilogram,4.3847730356113913e-10
Isopropanol,Emissions / Emissions to water,kilogram,4.323853332869321e-10
Nickel,Emissions / Emissions to soil,kilogram,4.321993192049586e-10
Chloroform,Emissions / Emissions to water,kilogram,4.246978716401988e-10
Dichloromethane,Emissions / Emissions to air,kilogram,4.243300862396298e-10
Dimethylamine,Emissions / Emissions to water,kilogram,4.1368698368412155e-10
Acetochlor,Emissions / Emissions to soil,kilogram,4.000782196518667e-10
Polychlorinated Biphenyls,Emissions / Emissions to air,kilogram,3.9452095359408543e-10
Propionic Acid,Emissions / Emissions to water,kilogram,3.5838552149206533e-10
Aniline,Emissions / Emissions to water,kilogram,3.4906386970127696e-10
Silver-110,air,kilo Becquerel,3.4356258751761936e-10
Water,air,cubic meter,3.365789407272858e-10
Octane,Emissions / Emissions to air,kilogram,3.277952632683678e-10
Dichloromethane,Emissions / Emissions to air,kilogram,3.247397678191896e-10
Sulfuric acid,Emissions / Emissions to air,kilogram,3.2216814170806016e-10
Bromine,Emissions / Emissions to water,kilogram,3.200892855610892e-10
Metamitron,Emissions / Emissions to soil,kilogram,3.1766525510160694e-10
Chlorodifluoromethane,Emissions / Emissions to air,kilogram,3.098532494805026e-10
CFC-10,Emissions / Emissions to water,kilogram,3.090752896120881e-10
Hexachlorobenzene,Emissions / Emissions to air,kilogram,2.9714409452336376e-10
Thiram,Emissions / Emissions to soil,kilogram,2.9404398088814646e-10
Dichloromethane,Emissions / Emissions to air,kilogram,2.8798709269615216e-10
Iodine,Emissions / Emissions to air,kilogram,2.754254185975839e-10
Antimony-124,air,kilo Becquerel,2.7520409375057717e-10
Rhodium,natural resource,kilogram,2.7185253058555417e-10
bromine,Emissions / Emissions to soil,kilogram,2.6178323469086605e-10
selenium,Emissions / Emissions to soil,kilogram,2.6178323469086605e-10
Ethyl Amine,Emissions / Emissions to air,kilogram,2.4209021944632607e-10
Tert-butylamine,Emissions / Emissions to water,kilogram,2.409786916518888e-10
Cobalt-58,Emissions / Emissions to air,kilo Becquerel,2.335106956500329e-10
Nitrobenzene,Emissions / Emissions to air,kilogram,2.239133677156002e-10
Magnesium,Emissions / Emissions to air,kilogram,2.237253876080992e-10
Nitric Acid,Emissions / Emissions to water,kilogram,2.2324779239743673e-10
Methyl Chloride,Emissions / Emissions to air,kilogram,2.099595729892372e-10
Phosphorus,Emissions / Emissions to soil,kilogram,2.0696631339716278e-10
O-chlorotoluene,Emissions / Emissions to water,kilogram,1.9756322141075145e-10
Methylamine,Emissions / Emissions to air,kilogram,1.9471260970542334e-10
Cfc 113,Emissions / Emissions to air,kilogram,1.925292050728334e-10
Pendimethalin,Emissions / Emissions to soil,kilogram,1.879672523461481e-10
Isopropylamine,Emissions / Emissions to water,kilogram,1.874308566393898e-10
Antimony-124,air,kilo Becquerel,1.8703082434480337e-10
Fenpropimorph,Emissions / Emissions to soil,kilogram,1.8411790053087905e-10
Dimethoate,Emissions / Emissions to soil,kilogram,1.810162596132128e-10
Diethylamine,Emissions / Emissions to water,kilogram,1.7657856432387212e-10
Cobalt,Emissions / Emissions to soil,kilogram,1.6791850624378393e-10
Benomyl,Emissions / Emissions to soil,kilogram,1.65740836645605e-10
Trifluoromethane,Emissions / Emissions to air,kilogram,1.5861564270157796e-10
Acetone,Emissions / Emissions to water,kilogram,1.566151677666552e-10
Beryllium,Emissions / Emissions to water,kilogram,1.4923897122323087e-10
Cyclohexane,Emissions / Emissions to air,kilogram,1.4679731657830784e-10
Isobutanol,Emissions / Emissions to water,kilogram,1.4560879023415448e-10
Aniline,Emissions / Emissions to air,kilogram,1.451316460888735e-10
Chloroform,Emissions / Emissions to air,kilogram,1.433743257512195e-10
"8-(N-Indolyl)-2,6-dimethyl-7-octen-2-ol",Emissions / Emissions to water,kilogram,1.4155510529838758e-10
Cyclohexane,Emissions / Emissions to air,kilogram,1.4073309618233921e-10
Tungsten,Emissions / Emissions to air,kilogram,1.3886934246313225e-10
Ethyl Benzene,Emissions / Emissions to air,kilogram,1.37581418669702e-10
Spiroxamine,Emissions / Emissions to soil,kilogram,1.3054523426554292e-10
Phosphorus,Emissions / Emissions to air,kilogram,1.2587323367646125e-10
Tert-butyl Methyl Ether,Emissions / Emissions to water,kilogram,1.166561072154985e-10
Monochloramine,Emissions / Emissions to air,kilogram,1.1467987981356698e-10
Niobium-95,air,kilo Becquerel,1.1346316620406562e-10
"1,2-dichloroethane",Emissions / Emissions to water,kilogram,1.1170234089392353e-10
"Metals, unspecified",emissions to air / unspecified,kilogram,1.1059945503987208e-10
Vanadium(2+),Emissions / Emissions to soil,kilogram,1.0916856524866127e-10
Formamide,Emissions / Emissions to water,kilogram,1.0836336253064212e-10
"2,4-dichlorophenol",Emissions / Emissions to air,kilogram,1.0796660172131033e-10
O-chlorotoluene,Emissions / Emissions to air,kilogram,1.023672083055448e-10
Tert-butyl Methyl Ether,Emissions / Emissions to water,kilogram,1.0148456378782443e-10
Tert-butylamine,Emissions / Emissions to air,kilogram,1.0040623158945314e-10
Vinyl Chloride,Emissions / Emissions to water,kilogram,9.886692449398361e-11
"Trans-1,2-Dichloroethylene",Emissions / Emissions to air,kilogram,9.73412407193827e-11
Ioxynil,Emissions / Emissions to soil,kilogram,9.401305735447665e-11
Dipropylamine,Emissions / Emissions to water,kilogram,9.078509291078297e-11
Methyl Formate,Emissions / Emissions to air,kilogram,9.001058033084673e-11
Propionic Acid,Emissions / Emissions to air,kilogram,8.95086920247533e-11
Dichlorobenzene,Emissions / Emissions to air,kilogram,8.641985872225622e-11
N-propanol,Emissions / Emissions to water,kilogram,8.63130881400727e-11
Isopropanol,Emissions / Emissions to air,kilogram,8.603621247040451e-11
Thallium,Emissions / Emissions to water,kilogram,8.598891788445106e-11
Ethofumesate,Emissions / Emissions to soil,kilogram,8.33465297526408e-11
"Benzene, chloro-","emissions to water / river, long-term",kilogram,8.308219456836094e-11
Strontium,Emissions / Emissions to water,kilogram,8.143494793685997e-11
Urea,Emissions / Emissions to water,kilogram,8.008324991181368e-11
Dichlorprop-P,Emissions / Emissions to soil,kilogram,7.911620187254107e-11
Naphthalene,Emissions / Emissions to water,kilogram,7.850663367002441e-11
Chlorosulfonic acid,Emissions / Emissions to water,kilogram,7.848495665262528e-11
Isopropylamine,Emissions / Emissions to air,kilogram,7.809445698521583e-11
Dichromate,water,kilogram,7.758189339701002e-11
Diflufenican,Emissions / Emissions to soil,kilogram,7.674453224290663e-11
Methyl Ethyl Ketone,Emissions / Emissions to air,kilogram,7.63040429874713e-11
Cerium,Emissions / Emissions to water,kilogram,7.505348040755608e-11
Diethylamine,Emissions / Emissions to air,kilogram,7.357340374198374e-11
M-xylene,Emissions / Emissions to water,kilogram,7.315108785666583e-11
Propanal,Emissions / Emissions to water,kilogram,7.240599595044945e-11
Fenpropidin,Emissions / Emissions to soil,kilogram,7.239302061969296e-11
Plutonium,Emissions / Emissions to air,kilo Becquerel,7.137287842218855e-11
Lactic Acid,Emissions / Emissions to water,kilogram,7.11158027469056e-11
"1,2-dichlorobenzene",Emissions / Emissions to air,kilogram,7.069890029173751e-11
Chlortoluron,Emissions / Emissions to soil,kilogram,6.501519393872859e-11
Cadmium,Emissions / Emissions to soil,kilogram,6.491189495062194e-11
Beryllium(2+),Emissions / Emissions to air,kilogram,6.445424102586759e-11
Tetrachloroethylene,Emissions / Emissions to air,kilogram,6.285298660621728e-11
Isobutanol,Emissions / Emissions to air,kilogram,6.067102975984586e-11
Pentan-1-ol,Emissions / Emissions to water,kilogram,5.924951409053053e-11
"1,2-dichloroethane",Emissions / Emissions to air,kilogram,5.843590231834464e-11
Phenmedipham,Emissions / Emissions to soil,kilogram,5.818531332834607e-11
Fluoride Ion,Emissions / Emissions to air,kilogram,5.810339853996765e-11
Azoxystrobin,Emissions / Emissions to soil,kilogram,5.735955920341649e-11
Pentachlorobenzene,Emissions / Emissions to air,kilogram,5.6559924257655676e-11
Chromium(3+),Emissions / Emissions to soil,kilogram,5.2971768700635884e-11
Selenium,Emissions / Emissions to water,kilogram,5.2117932661027045e-11
Uranium,air,kilogram,5.196504649546173e-11
Chloroacetyl Chloride,Emissions / Emissions to water,kilogram,5.165203288700458e-11
Thallium,Emissions / Emissions to air,kilogram,5.129465282135385e-11
Polycyclic Aromatic Hydrocarbons,Emissions / Emissions to soil,kilogram,5.121775347052724e-11
Antimony,Emissions / Emissions to soil,kilogram,5.1013787933795504e-11
Arsenic,Emissions / Emissions to soil,kilogram,4.9911138166308555e-11
Butanol,Emissions / Emissions to air,kilogram,4.7754823000555176e-11
Thorium,air,kilogram,4.7276204638178467e-11
Acetyl Chloride,Emissions / Emissions to water,kilogram,4.654433433625292e-11
Flurtamone,Emissions / Emissions to soil,kilogram,4.6150965865629e-11
Formamide,Emissions / Emissions to air,kilogram,4.515051528911253e-11
1-pentene,Emissions / Emissions to water,kilogram,4.4773793007253466e-11
Rhenium,Resources / Resources from ground,kilogram,4.139771924173722e-11
Mecoprop-P,Emissions / Emissions to soil,kilogram,4.1141611621833974e-11
Hexachlorobenzene,Emissions / Emissions to air,kilogram,4.0933774692333204e-11
sea water,Emissions / Emissions to air,kilogram,4.0055301935331024e-11
L-Alaninol,water,kilogram,3.8728921367341374e-11
Dipropylamine,Emissions / Emissions to air,kilogram,3.7826677968770845e-11
Molybdenum,Emissions / Emissions to soil,kilogram,3.6859378818892675e-11
Sodium Dichromate,air,kilogram,3.604505178089112e-11
Fluorine,Emissions / Emissions to air,kilogram,3.4082503537741506e-11
Dimethenamid,Emissions / Emissions to soil,kilogram,3.385271889326421e-11
Chloroform,Emissions / Emissions to water,kilogram,3.349941842226615e-11
Antimony,Emissions / Emissions to soil,kilogram,3.2965969471257703e-11
Methyl Lactate,Emissions / Emissions to air,kilogram,3.2530013494181845e-11
Chlorpyrifos,Emissions / Emissions to soil,kilogram,3.2394879984276987e-11
Dimethyl Malonate,Emissions / Emissions to air,kilogram,3.2322009580110935e-11
(4-Chloro-2-methylphenoxy)acetic acid,Emissions / Emissions to soil,kilogram,3.1647738262509007e-11
Chlorosulfonic acid,Emissions / Emissions to air,kilogram,3.14729697640305e-11
Formic Acid,Emissions / Emissions to water,kilogram,3.1456707678496034e-11
Plutonium-238,Emissions / Emissions to air,kilo Becquerel,3.11349343742846e-11
1-pentene,Emissions / Emissions to air,kilogram,3.06135797321847e-11
Cyprodinil,Emissions / Emissions to soil,kilogram,3.006422757705115e-11
Lactic Acid,Emissions / Emissions to air,kilogram,2.963147565458719e-11
Fluoride Ion,Emissions / Emissions to air,kilogram,2.930574045087867e-11
"Ethane, 1,1,1-trichloro-, HCFC-140",emissions to air / low. pop.,kilogram,2.9254156024612925e-11
Alachlor,Emissions / Emissions to soil,kilogram,2.785982529881261e-11
kresoxim methyl,Emissions / Emissions to soil,kilogram,2.703201189752977e-11
Sulfur,Emissions / Emissions to air,kilogram,2.6207014762020527e-11
antimony,Emissions / Emissions to soil,kilogram,2.6178328971444267e-11
Methanesulfonic Acid,Emissions / Emissions to air,kilogram,2.6046433475990772e-11
Cyanoacetic Acid,Emissions / Emissions to air,kilogram,2.5775033637819844e-11
Cyproconazole,Emissions / Emissions to soil,kilogram,2.5528486344614994e-11
Pentan-1-ol,Emissions / Emissions to air,kilogram,2.46871129888987e-11
Ruthenium-103,air,kilo Becquerel,2.410583203591136e-11
Uranium,air,kilogram,2.4056037904659353e-11
Propylamine,Emissions / Emissions to water,kilogram,2.389669726539501e-11
Trimethylamine,Emissions / Emissions to water,kilogram,2.276225202273837e-11
Bas 480f,Emissions / Emissions to soil,kilogram,2.274611002926999e-11
Acetonitrile,Emissions / Emissions to water,kilogram,2.158301227628333e-11
Pentachlorophenol,Emissions / Emissions to air,kilogram,2.0239956577289084e-11
Particles (PM2.5),Emissions / Emissions to air,kilogram,2.0233536179815804e-11
Propiconazole,Emissions / Emissions to soil,kilogram,1.9119853067803055e-11
2-Nitrobenzoic Acid,air,kilogram,1.8803393703297116e-11
Oxydemeton-methyl,Emissions / Emissions to soil,kilogram,1.8450320108085974e-11
Terbufos,Emissions / Emissions to soil,kilogram,1.814089056689642e-11
Dithianon,Emissions / Emissions to soil,kilogram,1.7406030145587937e-11
Lithium,Emissions / Emissions to soil,kilogram,1.7072300014055888e-11
Simazine,Emissions / Emissions to soil,kilogram,1.635931003727767e-11
Methyl Formate,Emissions / Emissions to air,kilogram,1.6268349799065324e-11
Ammonia,Emissions / Emissions to soil,kilogram,1.6256439705630926e-11
2-nitrotoluene,Emissions / Emissions to air,kilogram,1.6237131664040997e-11
L-Alaninol,air,kilogram,1.6088438624744184e-11
Flusilazole,Emissions / Emissions to soil,kilogram,1.588632897228605e-11
"Pesticides, Unspecified",soil,kilogram,1.556825860817776e-11
Anthranilic Acid,Emissions / Emissions to air,kilogram,1.45624072969793e-11
Plutonium,Emissions / Emissions to water,kilo Becquerel,1.4144719016907505e-11
Vanadium,Emissions / Emissions to soil,kilogram,1.3955840845963007e-11
Parathion,Emissions / Emissions to soil,kilogram,1.3568579780229358e-11
Formic Acid,Emissions / Emissions to air,kilogram,1.2313478563227769e-11
Dicamba,Emissions / Emissions to soil,kilogram,1.166204862897813e-11
Tetramethyl Ammonium Hydroxide,Emissions / Emissions to air,kilogram,1.138924688006548e-11
"1,3-Butadiene",Emissions / Emissions to air,kilogram,1.107958771517556e-11
Lead,Emissions / Emissions to soil,kilogram,1.0998222755038464e-11
Vinyl Acetate,Emissions / Emissions to water,kilogram,1.0604819811450827e-11
Mesotrione,Emissions / Emissions to soil,kilogram,1.0528621635307943e-11
Methyl Acetate,Emissions / Emissions to water,kilogram,1.0449410982693e-11
Methyl Cyclopentane,Emissions / Emissions to water,kilogram,1.018210382471242e-11
1-pentene,Emissions / Emissions to air,kilogram,1.0082529901661351e-11
Trimethyl borate,Emissions / Emissions to air,kilogram,1.0073862638272956e-11
Propylamine,Emissions / Emissions to air,kilogram,9.956965964472278e-12
CFC-10,Emissions / Emissions to water,kilogram,9.725585544923899e-12
Triadimenol,Emissions / Emissions to soil,kilogram,9.56037608374555e-12
Sodium carbonate,Emissions / Emissions to air,kilogram,9.05546370643761e-12
Trimethylamine,Emissions / Emissions to air,kilogram,9.025736871615623e-12
Platinum,air,kilogram,8.876144277780473e-12
Pentachlorophenol,Emissions / Emissions to air,kilogram,8.234750405466345e-12
Glufosinate,soil,kilogram,8.017448295803733e-12
Cumene,Emissions / Emissions to air,kilogram,7.96524054687574e-12
Phosphate,Emissions / Emissions to soil,kilogram,7.780264646476613e-12
Trichlorofluoromethane,Emissions / Emissions to air,kilogram,7.668836148950067e-12
"1,1,2,2-tetrachloroethane",Emissions / Emissions to air,kilogram,7.660889626107485e-12
Dichlorofluoromethane,Emissions / Emissions to air,kilogram,7.335483500027968e-12
Cadmium(2+),Emissions / Emissions to air,kilogram,7.068539222973675e-12
Acetamide,Emissions / Emissions to soil,kilogram,6.803254618411915e-12
Tebupirimfos,Emissions / Emissions to soil,kilogram,6.803254618411915e-12
CFC-114,Emissions / Emissions to air,kilogram,6.798794533638769e-12
Methyl Formate,Emissions / Emissions to water,kilogram,6.495015578735228e-12
Ozone,air,kilogram,6.027503062327362e-12
Ethylene Oxide,Emissions / Emissions to water,kilogram,5.7196570028932554e-12
Dichloroacetylene,Emissions / Emissions to air,kilogram,5.381669497227036e-12
Dichloromethane,Emissions / Emissions to water,kilogram,5.379717336113051e-12
"2,3,5,6-tetrafluoro-4-methylbenzyl 3-[(1Z)-2-chloro-3,3,3-trifluoroprop-1-en-1-yl]-2,2-dimethylcyclopropanecarboxylate",Emissions / Emissions to soil,kilogram,5.345144836914786e-12
Copper(2+),Emissions / Emissions to air,kilogram,5.2909671142323e-12
Sulfuric acid,Emissions / Emissions to soil,kilogram,5.259826527628379e-12
Tetrachloroethylene,Emissions / Emissions to air,kilogram,5.254506104920922e-12
Fluroxypyr,Emissions / Emissions to soil,kilogram,5.2217195423910804e-12
Lithium,Emissions / Emissions to air,kilogram,5.089922119521093e-12
Uranium alpha,emissions to water / unspecified,kilo Becquerel,4.924120683770045e-12
Curium,Emissions / Emissions to water,kilo Becquerel,4.7147526865129124e-12
Phosphine,Emissions / Emissions to air,kilogram,4.615345906482419e-12
Fenbuconazole,Emissions / Emissions to soil,kilogram,4.549132198057444e-12
Bromoxynil,Emissions / Emissions to soil,kilogram,4.3733189288153326e-12
Methyl Acetate,Emissions / Emissions to air,kilogram,4.353916823194192e-12
Silver(1+),Emissions / Emissions to air,kilogram,4.342267056239247e-12
Trichloroethane,Emissions / Emissions to air,kilogram,4.23358053555883e-12
Propylene Oxide,Emissions / Emissions to water,kilogram,4.219841877134942e-12
Paraquat,Emissions / Emissions to soil,kilogram,4.1303455222586115e-12
Tellurium,Emissions / Emissions to air,kilogram,4.106645595769921e-12
"Fungicides, Unspecified",Emissions / Emissions to soil,kilogram,3.9785684494689795e-12
Fluquinconazole,Emissions / Emissions to soil,kilogram,3.9558099403714285e-12
Isoxaflutole,Emissions / Emissions to soil,kilogram,3.8873721157018686e-12
Methanethiol,Emissions / Emissions to air,kilogram,3.648166581224773e-12
Furan,Emissions / Emissions to air,kilogram,3.4965267149601833e-12
"1,1-dichloroethane",Emissions / Emissions to air,kilogram,3.4932271874106048e-12
Chromium(3+),Emissions / Emissions to water,kilogram,3.4615603851106463e-12
HCFC-140,Emissions / Emissions to air,kilogram,3.436225096586593e-12
Platinum,air,kilogram,2.8190982693574547e-12
Propylene Oxide,Emissions / Emissions to air,kilogram,2.632824431308688e-12
CFC-12,Emissions / Emissions to air,kilogram,2.5520205584979756e-12
Vinylidene chloride,Emissions / Emissions to air,kilogram,2.392025998486329e-12
Vanadium,Resources / Resources from ground,kilogram,2.272630662663138e-12
Flumetsulam,Emissions / Emissions to soil,kilogram,2.267661822516441e-12
"2-Propenoic acid, 2-chloro-3-(2-chloro-5-(1,3,4,5,6,7-hexahydro-1,3-dioxo-2H-isoindol-2-yl)phenyl)-, ethyl ester, (2Z)-",soil,kilogram,2.109789226437412e-12
Fipronil,Emissions / Emissions to soil,kilogram,1.9437197256205264e-12
Acetonitrile,Emissions / Emissions to air,kilogram,1.841034233645515e-12
Nicosulfuron,Emissions / Emissions to soil,kilogram,1.781715009402977e-12
Amidosulfuron,Emissions / Emissions to soil,kilogram,1.7406030656440025e-12
Pyrite,soil,kilogram,1.6892147446988034e-12
Anthracene,Emissions / Emissions to water,kilogram,1.5998789530622675e-12
Naphthalene,Emissions / Emissions to air,kilogram,1.5596051801444193e-12
"2,3,7,8-tetrachlorodibenzo-p-dioxin",Emissions / Emissions to air,kilogram,1.472167736735279e-12
Bifenthrin,Emissions / Emissions to soil,kilogram,1.4577729125070624e-12
Propanal,Emissions / Emissions to air,kilogram,1.4129027001637051e-12
Sulfide ion,soil,kilogram,1.3567601005820187e-12
Silver,Emissions / Emissions to soil,kilogram,1.3121676207005291e-12
Diflufenzopyr-sodium,Emissions / Emissions to soil,kilogram,1.295768291936586e-12
nickel,Emissions / Emissions to soil,kilogram,1.0385793965969158e-12
"Gravel, resource correction",resources / in ground,kilogram,-1.0194064069121275e-12
PFC-318,Emissions / Emissions to air,kilogram,1.007118844396835e-12
"Propane, perfluorocyclo-",emissions to air / high. pop.,kilogram,1.007118844396835e-12
Tribenuron,soil,kilogram,9.942323329614504e-13
Sodium nitrate,resources / in ground,kilogram,9.583868616780294e-13
Terpenes,air,kilogram,8.562845660582236e-13
Dichlorofluoromethane,Emissions / Emissions to air,kilogram,8.459041967617947e-13
Primisulfuron-methyl,Emissions / Emissions to soil,kilogram,8.09888814362306e-13
Rimsulfuron,Emissions / Emissions to soil,kilogram,8.09888814362306e-13
"(RS)-1-(2,4-dichlorophenyl)-5-methyl-2-pyrazoline-3,5-dicarboxylic acid",soil,kilogram,7.911619880742857e-13
Fluorine,Emissions / Emissions to water,kilogram,7.675774010644587e-13
Silicon,Resources / Resources from ground,kilogram,7.488937233411107e-13
Acenaphthene,Emissions / Emissions to air,kilogram,7.458361389524958e-13
Permethrin,Emissions / Emissions to soil,kilogram,7.288528363074755e-13
Carbon tetrafluoride,Emissions / Emissions to air,kilogram,7.099187510770171e-13
Sodium Hydroxide,Emissions / Emissions to air,kilogram,6.961159687590438e-13
Ethylene Oxide,Emissions / Emissions to air,kilogram,6.793644489861587e-13
Magnesium,Resources / Resources from ground,kilogram,6.75012392888753e-13
"Chlorinated Solvents, Unspecified",water,kilogram,6.67568217241555e-13
Acenaphthene,Emissions / Emissions to air,kilogram,6.238142468756634e-13
Silver(1+),Emissions / Emissions to air,kilogram,6.217496733643165e-13
Thorium-234,air,kilo Becquerel,6.155474123116548e-13
Difenoconazole,Emissions / Emissions to soil,kilogram,6.108337936408087e-13
vanadium,Emissions / Emissions to soil,kilogram,6.09867253436724e-13
Protactinium-234,air,kilo Becquerel,6.049599898133423e-13
Phenanthrene,Emissions / Emissions to air,kilogram,4.895361634229649e-13
Waste Heat,air,megajoule,4.889819168943854e-13
Metsulfuron-methyl,Emissions / Emissions to soil,kilogram,4.873473016994615e-13
Chlorine Dioxide,Emissions / Emissions to air,kilogram,4.765231402077442e-13
Chrysene,Emissions / Emissions to water,kilogram,4.562837732232358e-13
Anthracene,Emissions / Emissions to water,kilogram,4.445338162408913e-13
Hydrogen cyanide,Emissions / Emissions to air,kilogram,4.216981930620818e-13
Thifensulfuron methyl,Emissions / Emissions to soil,kilogram,3.9875341741360066e-13
"2,3,7,8-tetrachlorodibenzo-p-dioxin",Emissions / Emissions to air,kilogram,3.451914209893265e-13
Cyfluthrin,Emissions / Emissions to soil,kilogram,3.401492542480781e-13
fluorane,Emissions / Emissions to water,kilogram,3.3376942257622375e-13
Esfenvalerate,Emissions / Emissions to soil,kilogram,3.2965233963503737e-13
sea water,Emissions / Emissions to water,kilogram,3.153916824685636e-13
Sodium borohydride,Emissions / Emissions to air,kilogram,3.152849852414091e-13
cobalt,Emissions / Emissions to soil,kilogram,3.083425259343367e-13
Polychlorinated Biphenyls,Emissions / Emissions to air,kilogram,3.010631279308238e-13
"Energy, gross calorific value, in biomass, resource correction",resources / unspecified,megajoule,-2.812277584510196e-13
Iodosulfuron,soil,kilogram,2.637236533046765e-13
Foramsulfuron,Emissions / Emissions to soil,kilogram,2.4295992031948066e-13
2-methyl-2-butene,Emissions / Emissions to water,kilogram,2.412050057027475e-13
Cadmium(2+),Emissions / Emissions to soil,kilogram,2.4048025841563604e-13
"2,3,7,8-tetrachlorodibenzo-p-dioxin",Emissions / Emissions to air,kilogram,2.3197495123920355e-13
Trichlorofluoromethane,Emissions / Emissions to air,kilogram,2.3071502304299554e-13
Hexachlorobutadiene,Emissions / Emissions to water,kilogram,2.263484086113459e-13
"Forest, Natural",Land use / Land occupation,square meter-year,2.0441937215458669e-13
Boron Trifluoride,air,kilogram,2.0321513323086468e-13
Pentachlorobenzene,Emissions / Emissions to water,kilogram,1.8553840639212741e-13
Sulfur Trioxide,Emissions / Emissions to water,kilogram,1.8203696900058803e-13
"Ethane, 1,1-dichloro-",emissions to water / unspecified,kilogram,1.7941059186998536e-13
"1,1,2,2-tetrachloroethane",Emissions / Emissions to water,kilogram,1.7145402328348673e-13
Isoprene,Emissions / Emissions to air,kilogram,1.6348196301818448e-13
"1,1,1,3,3-pentafluoropropane",Emissions / Emissions to air,kilogram,1.5671939769587706e-13
Chloroethane,Emissions / Emissions to water,kilogram,1.5459601639491253e-13
Fluorene,Emissions / Emissions to air,kilogram,1.535477807807406e-13
Prosulfuron,Emissions / Emissions to soil,kilogram,1.4577729364188305e-13
Fluoranthene,Emissions / Emissions to water,kilogram,1.4551608493540556e-13
Hexachlorobenzene,Emissions / Emissions to water,kilogram,1.360029437936141e-13
Hydrogen Chloride,Emissions / Emissions to water,kilogram,1.294850119993738e-13
Imazethapyr,Emissions / Emissions to soil,kilogram,1.1338308873464524e-13
Sulfur Trioxide,Emissions / Emissions to air,kilogram,1.120791721241065e-13
2-methyl-2-butene,Emissions / Emissions to air,kilogram,1.0050056968118652e-13
BENZ(a)ANTHRACENE,Emissions / Emissions to water,kilogram,9.747589543127563e-14
Acenaphthylene,Emissions / Emissions to air,kilogram,9.487864235275802e-14
Methyl Chloride,Emissions / Emissions to water,kilogram,9.476577361173391e-14
2-chlorophenol,Emissions / Emissions to water,kilogram,8.437509977050577e-14
molybdenum,Emissions / Emissions to soil,kilogram,7.486371407275945e-14
4-chlorophenol,Emissions / Emissions to air,kilogram,7.178267699461534e-14
Propylene Glycol Monomethyl Ether Acetate,Emissions / Emissions to air,kilogram,5.373987615145694e-14
Trichloroethylene,Emissions / Emissions to water,kilogram,5.2348540135351874e-14
Fluoranthene,Emissions / Emissions to air,kilogram,4.835158861438237e-14
Tetrachloroethylene,Emissions / Emissions to water,kilogram,4.7409564083910124e-14
Hydrogen Arsenide,Emissions / Emissions to air,kilogram,4.7286150036992716e-14
M-xylene,Emissions / Emissions to water,kilogram,4.549117384641158e-14
Chlorobenzene,Emissions / Emissions to air,kilogram,3.6858246561283906e-14
O-xylene,Emissions / Emissions to water,kilogram,3.296437800056568e-14
Imazapyr,Emissions / Emissions to soil,kilogram,3.2394880414688804e-14
BENZ(a)ANTHRACENE,Emissions / Emissions to water,kilogram,2.7213626609444522e-14
"From Unspecified, Used",Land use / Land transformation,square meter,-2.2337835112069314e-14
Polychlorinated Biphenyls,Emissions / Emissions to air,kilogram,2.0161411117641588e-14
Chlorobenzene,Emissions / Emissions to water,kilogram,1.8470700434739916e-14
Chrysene,Emissions / Emissions to air,kilogram,1.835524239700829e-14
Pentachlorobenzene,Emissions / Emissions to air,kilogram,1.6246552425119034e-14
Alachlor,Emissions / Emissions to water,kilogram,1.5423515118531744e-14
Acetone,Emissions / Emissions to water,kilogram,1.492181025274354e-14
Deltamethrin,Emissions / Emissions to air,kilogram,1.4815488340930876e-14
Anthracene,Emissions / Emissions to air,kilogram,1.476981674885523e-14
Cyclohexane,Emissions / Emissions to air,kilogram,1.3727680168120917e-14
Benzo(K)Fluoranthene,Emissions / Emissions to air,kilogram,1.3318945427926841e-14
Mercury,Emissions / Emissions to soil,kilogram,1.3088414192321e-14
Benzo(K)Fluoranthene,Emissions / Emissions to water,kilogram,1.186968985860877e-14
Antimony,Resources / Resources from ground,kilogram,1.1323710663772945e-14
"Hydrocarbons, Aromatic",Emissions / Emissions to water,kilogram,1.0414616277655971e-14
Acenaphthene,Emissions / Emissions to air,kilogram,1.0374941084717014e-14
decane,Emissions / Emissions to soil,kilogram,8.916049499105144e-15
HFC-125,Emissions / Emissions to air,kilogram,8.818017631467464e-15
HFC-143,Emissions / Emissions to air,kilogram,7.877835057375044e-15
Benzal Chloride,air,kilogram,7.618430955455721e-15
BENZ(a)ANTHRACENE,Emissions / Emissions to air,kilogram,7.46356402711286e-15
Nitrobenzene,Emissions / Emissions to water,kilogram,6.89207329608512e-15
mercury (ii),Emissions / Emissions to soil,kilogram,6.848260449355337e-15
Benzo(ghi)perylene,Emissions / Emissions to air,kilogram,6.6696221789450114e-15
"Acidity, unspecified",emissions to air / unspecified,kilogram,6.484630223525381e-15
Methyl Isobutyl Ketone,Emissions / Emissions to water,kilogram,6.260586562701283e-15
Hydrogen Arsenide,Emissions / Emissions to air,kilogram,5.932653781256319e-15
Copper,Emissions / Emissions to air,kilogram,5.428085897735342e-15
"Indeno(1,2,3-cd)pyrene",Emissions / Emissions to air,kilogram,4.9659449512197e-15
Trifluralin,Emissions / Emissions to air,kilogram,4.86030128494828e-15
Wood,natural resource,kilogram,4.356994258198272e-15
"DIBENZ(a,h)ANTHRACENE",Emissions / Emissions to air,kilogram,4.151473694404287e-15
Benzo(K)Fluoranthene,Emissions / Emissions to water,kilogram,3.3167039077622976e-15
Zinc,Emissions / Emissions to air,kilogram,3.1931013845574545e-15
(aminooxy)(hydroxy)sulfane Dioxide,Emissions / Emissions to soil,kilogram,3.178998095618814e-15
Polychlorinated Biphenyls,Emissions / Emissions to water,kilogram,3.094766614089996e-15
Hydrogen Chloride,Emissions / Emissions to air,kilogram,2.746052980601064e-15
"To Forest, Natural",Land use / Land transformation,square meter,2.721411273469037e-15
Ethylenediamine,Emissions / Emissions to water,kilogram,2.7034786939792244e-15
2-chlorophenol,Emissions / Emissions to air,kilogram,1.9337650396511897e-15
Sulfur hexafluoride,Emissions / Emissions to air,kilogram,1.8992722754012724e-15
Nitrobenzene,Emissions / Emissions to air,kilogram,1.8404234110624728e-15
Methyl Bromide,Emissions / Emissions to air,kilogram,1.7427184012868991e-15
Diethylene Glycol,Emissions / Emissions to air,kilogram,1.7186380155940208e-15
Diethyl Ether,Emissions / Emissions to air,kilogram,1.6286549106692213e-15
Krypton,natural resource,kilogram,1.580405771157437e-15
"1,2-dichlorobenzene",Emissions / Emissions to water,kilogram,1.4591855798623362e-15
Ethylenediamine,Emissions / Emissions to air,kilogram,1.3946214009324175e-15
Difluoromethane,Emissions / Emissions to air,kilogram,1.3227141686543388e-15
Mercury,Emissions / Emissions to water,kilogram,1.2109910294407337e-15
Methyl Methacrylate,Emissions / Emissions to air,kilogram,1.1427278221270188e-15
