flow,compartment,unit,amount
Radon-222,Emissions / Emissions to air,kilo Becquerel,357.15754462149755
"Noble Gases, Radioactive, Unspecified",air,kilo Becquerel,126.70030470037527
Water,Emissions / Emissions to water,cubic meter,42.36579077676102
Water to turbine,Resources / Resources from water,cubic meter,42.28328429158708
Waste Heat,air,megajoule,20.652191645131182
Waste Heat,air,megajoule,11.13582530157371
Natural Gas,Resources / Resources from ground,megajoule,8.09052939478036
Crude Oil,Resources / Resources from ground,megajoule,6.582407585821521
Hydrogen-3,Emissions / Emissions to water,kilo Becquerel,5.100674896417186
Uranium,Resources / Resources from ground,megajoule,4.849792544655799
"Energy, Potential (in Hydropower Reservoir), Converted",natural resource,megajoule,4.202882935613498
Radon-222,Emissions / Emissions to air,kilo Becquerel,3.307528827712889
Sulfate,"emissions to water / groundwater, long-term",kilogram,3.2889576432750767
Hard Coal,Resources / Resources from ground,megajoule,2.610820844892012
Waste Heat,water,megajoule,2.4242612225079996
Hydrogen-3,Emissions / Emissions to water,kilo Becquerel,2.170599164667621
"Noise, rail, freight train",non material emissions / unspecified,ton kilometer,1.589162190728228
Brown Coal,Resources / Resources from ground,megajoule,1.1971879655345448
calcium,Emissions / Emissions to water,kilogram,1.0448344854082834
Carbon Dioxide (fossil),Emissions / Emissions to air,kilogram,0.9532428077344374
"Energy, Kinetic (in Wind), Converted",natural resource,megajoule,0.9264199580367318
"Energy, gross calorific value, in biomass",resources / biotic,megajoule,0.9207101268577085
Waste Heat,air,megajoule,0.899993026610045
"Radioactive Species, Nuclides, Unspecified",water,kilo Becquerel,0.8543928505850912
Gravel,soil,kilogram,0.8272218118863703
"Water, salt, ocean",resources / in water,cubic meter,0.6410960224733927
Water,water,cubic meter,0.6404949265706315
magnesium,Emissions / Emissions to water,kilogram,0.6298868170575137
Copper,Resources / Resources from ground,kilogram,0.5679602789217475
"Energy, Solar, Converted",natural resource,megajoule,0.48226060328436177
Sulfate Ion,water,kilogram,0.47646911614635046
Potassium,"emissions to water / groundwater, long-term",kilogram,0.35419494075491276
Carbon Dioxide (fossil),Emissions / Emissions to air,kilogram,0.29057703439651494
"Waste mass, total, placed in landfill",resources / in ground,kilogram,0.2893787920566643
Calcite,resources / in ground,kilogram,0.2303774659457507
iron,Emissions / Emissions to water,kilogram,0.2229386618257877
Carbon Dioxide (fossil),Emissions / Emissions to air,kilogram,0.1832262943114184
Silicon,Emissions / Emissions to water,kilogram,0.17062893581448652
Sodium,"emissions to water / groundwater, long-term",kilogram,0.12721952842914125
Dump Site,Land use / Land occupation,square meter-year,0.10305072377192079
Krypton-85,Emissions / Emissions to air,kilo Becquerel,0.09079600218530645
carbon dioxide (biogenic),Resources / Resources from air,kilogram,0.08944070401426585
Clay,soil,kilogram,0.0894109808785433
"Noise, road, lorry, average",non material emissions / unspecified,kilometer,0.08369487745759487
Sulfur Dioxide,Emissions / Emissions to air,kilogram,0.07992644373206138
Phosphate,Emissions / Emissions to water,kilogram,0.07898793508236011
aluminium,Emissions / Emissions to water,kilogram,0.07849243176441849
"Forest, Intensive",Land use / Land occupation,square meter-year,0.07795291701160498
Hydrogen-3,Emissions / Emissions to air,kilo Becquerel,0.07483864770176007
manganese,Emissions / Emissions to water,kilogram,0.07123104184904935
Platinum,air,kilogram,0.06913709254348288
Sulfate Ion,water,kilogram,0.06790213086495875
Forest,Land use / Land occupation,square meter-year,0.06295802983498444
Carbon Dioxide (biogenic),Emissions / Emissions to air,kilogram,0.06028733511284523
Radium-226,Emissions / Emissions to water,kilo Becquerel,0.06000811903959374
Phosphate,Emissions / Emissions to water,kilogram,0.05072247653731044
"Volume Occupied, Reservoir",land use,cubic meter-year,0.05005601742513593
fluoride,Emissions / Emissions to water,kilogram,0.04848099237130646
"Radioactive species, unspecified",emissions to air / unspecified,kilo Becquerel,0.04794658286032914
river water,Resources / Resources from water,cubic meter,0.03906723801475675
Chemically polluted water,emissions to water / river,kilogram,0.037684700610810674
Iron,Resources / Resources from ground,kilogram,0.03676144250072466
Water To Cooling,Resources / Resources from water,cubic meter,0.036075712731960245
Xenon-133,Emissions / Emissions to air,kilo Becquerel,0.03215534807578157
zinc,Emissions / Emissions to water,kilogram,0.03206224782489967
Strontium-90,Emissions / Emissions to water,kilo Becquerel,0.026028183131039884
boron,Emissions / Emissions to water,kilogram,0.02407047056776623
Waste Heat,soil,megajoule,0.023223458936553476
Industrial Area,Land use / Land occupation,square meter-year,0.022222357503469875
Calcium,Emissions / Emissions to water,kilogram,0.02037029558672098
Carbon Dioxide (biogenic),Emissions / Emissions to air,kilogram,0.019437291636997926
Nitrogen Oxides,Emissions / Emissions to air,kilogram,0.013619742164087257
Carbon-14,Emissions / Emissions to air,kilo Becquerel,0.01338903875213686
Peat,Resources / Resources from ground,megajoule,0.013225989371145271
Calcium,Emissions / Emissions to water,kilogram,0.012941637717784525
"Radioactive Species, Nuclides, Unspecified",water,kilo Becquerel,0.012806462348359988
Water,Resources / Resources from water,cubic meter,0.012355842602004488
Sodium chloride,resources / in ground,kilogram,0.012258307549284359
Xenon-135,air,kilo Becquerel,0.01113235026172192
Krypton-85,Emissions / Emissions to air,kilo Becquerel,0.011054163570189558
strontium,Emissions / Emissions to water,kilogram,0.009599222660058034
Chromium,Resources / Resources from ground,kilogram,0.008429790295271012
Chloride,Emissions / Emissions to water,kilogram,0.008407958232504339
Molybdenum,Resources / Resources from ground,kilogram,0.008379583642502289
Particles (PM2.5),Emissions / Emissions to air,kilogram,0.008138346367391391
Nitrate,Emissions / Emissions to water,kilogram,0.008015585344169317
Particles (PM10),Emissions / Emissions to air,kilogram,0.007096112185302918
"Heat, waste","emissions to water / groundwater, long-term",megajoule,0.006981809621600374
Waste Heat,water,megajoule,0.00669906048182301
Chloride,Emissions / Emissions to water,kilogram,0.006484727762071722
Aluminium,Emissions / Emissions to air,kilogram,0.006074371791114411
Waste water,emissions to water / river,kilogram,0.005837507010560679
Xenon-135m,air,kilo Becquerel,0.005804704304794457
Dolomite,soil,kilogram,0.005455901476680565
Lead-210,water,kilo Becquerel,0.005450504601775568
"COD, Chemical Oxygen Demand","emissions to water / groundwater, long-term",kilogram,0.005344010239593118
Water Bodies,land use,square meter-year,0.005233879331005977
Aluminium,Resources / Resources from ground,kilogram,0.005008294808277509
Nickel,Resources / Resources from ground,kilogram,0.004838582758620222
copper,Emissions / Emissions to water,kilogram,0.004786766366046479
Carbon Monoxide (fossil),Emissions / Emissions to air,kilogram,0.004620400436006177
Radium-228,water,kilo Becquerel,0.004503946901400777
Inland Water Bodies,land use,square meter-year,0.004405348775036364
Sodium,water,kilogram,0.004202319907395917
Magnesium,Emissions / Emissions to water,kilogram,0.003716385623067796
Thorium-230,water,kilo Becquerel,0.0036509101712824906
Carbon Dioxide (biogenic),Emissions / Emissions to air,kilogram,0.0036292498494806813
Non-methane Volatile Organic Compounds,Emissions / Emissions to air,kilogram,0.0036289847636248557
Argon-41,air,kilo Becquerel,0.0035857905366385597
Air,air,kilogram,0.0034964681812900216
Carbon disulfide,Emissions / Emissions to air,kilogram,0.003280192667941014
Mineral Extraction Site,Land use / Land occupation,square meter-year,0.0029766744028375076
Radium-228,water,kilo Becquerel,0.002966963501164186
"Traffic Area, Rail/road Embankment",Land use / Land occupation,square meter-year,0.002853165062387731
Fluorspar,soil,kilogram,0.002850397731992332
Lead-210,water,kilo Becquerel,0.002845202359936193
"Traffic Area, Road Network",Land use / Land occupation,square meter-year,0.0026090602240480404
Methane (fossil),Emissions / Emissions to air,kilogram,0.002540646239386816
Sulfur Dioxide,Emissions / Emissions to air,kilogram,0.0025258470391587625
Sodium,water,kilogram,0.002474837903685974
Cesium-137,Emissions / Emissions to water,kilo Becquerel,0.0024545333492622954
"Energy, Gross Calorific Value, In Biomass, Primary Forest",natural resource,megajoule,0.002434632438026376
Ammonia,Emissions / Emissions to air,kilogram,0.0023925492243980786
Boron,Emissions / Emissions to water,kilogram,0.0023151757425236437
"To Arable, Non-irrigated, Intensive",Land use / Land transformation,square meter,0.0022782120106904385
Used Air,air,kilogram,0.0021801192673051085
Waste water,emissions to water / ocean,kilogram,0.0021500428163417416
"Arable, Non-irrigated, Intensive",Land use / Land occupation,square meter-year,0.0020833832969196597
Barite,resources / in ground,kilogram,0.0019980276236494137
Nitrogen Oxides,Emissions / Emissions to air,kilogram,0.0018655841017618498
"TOC, Total Organic Carbon","emissions to water / groundwater, long-term",kilogram,0.0018549685591064576
"DOC, Dissolved Organic Carbon","emissions to water / groundwater, long-term",kilogram,0.001854968559106404
Methane (fossil),Emissions / Emissions to air,kilogram,0.001817525203085288
"To Arable, Non-irrigated",Land use / Land transformation,square meter,0.0018101526371730136
Polonium-210,water,kilo Becquerel,0.0017986668706494468
"From Arable, Non-irrigated",Land use / Land transformation,square meter,0.0017526878692898274
cobalt,Emissions / Emissions to water,kilogram,0.0016906309777925369
"From Arable, Non-irrigated, Intensive",Land use / Land transformation,square meter,0.0016141751007759074
"BOD5, Biological Oxygen Demand","emissions to water / groundwater, long-term",kilogram,0.0014388431854111354
chloride,Emissions / Emissions to water,kilogram,0.0014259328472753686
Particles (> PM10),air,kilogram,0.0013880490041380626
Magnesite,soil,kilogram,0.0013736602782195406
From Unspecified,Land use / Land transformation,square meter,0.0013477490329505957
"Traffic Area, Rail Network",Land use / Land occupation,square meter-year,0.0012868750230090253
Nitrate,Emissions / Emissions to water,kilogram,0.001260354278661465
Calcium,Emissions / Emissions to water,kilogram,0.0012263809146953733
Ammonium Carbonate,Emissions / Emissions to air,kilogram,0.001210000342988703
nickel,Emissions / Emissions to water,kilogram,0.0011884748922977955
Hypochlorite,water,kilogram,0.0011870214472953183
"Noise, road, passenger car, average",non material emissions / unspecified,kilometer,0.001146033713504273
Radium-224,water,kilo Becquerel,0.001135937782070189
Uranium alpha,emissions to water / river,kilo Becquerel,0.0010910326357898728
Nitrogen Oxides,Emissions / Emissions to air,kilogram,0.0010899984333599946
Xenon-138,air,kilo Becquerel,0.0010358649038823985
Sulfate Ion,water,kilogram,0.0010312787357950929
Ground Water,Resources / Resources from water,cubic meter,0.0010032743921977614
Water,air,cubic meter,0.0009880608110606115
"Arable, Non-irrigated",Land use / Land occupation,square meter-year,0.0009819402745240569
Sodium,water,kilogram,0.000974558793726639
arsenic,Emissions / Emissions to water,kilogram,0.000947125844442509
Iodine-131,Emissions / Emissions to air,kilo Becquerel,0.0009462719968620264
Basalt,soil,kilogram,0.0009190934188265689
Xenon-131m,air,kilo Becquerel,0.0009172566850905402
Thorium-228,water,kilo Becquerel,0.0009166843041262005
Titanium,Resources / Resources from ground,kilogram,0.0009126017848707499
To Dump Site,Land use / Land transformation,square meter,0.000884970364826776
"To Forest, Intensive",Land use / Land transformation,square meter,0.0008834908023243674
"From Forest, Intensive",Land use / Land transformation,square meter,0.000876067885745224
"Radioactive Species, Nuclides, Unspecified",water,kilo Becquerel,0.0008251572086164737
Sodium sulfate,resources / in ground,kilogram,0.0008221712594735713
tungsten,Emissions / Emissions to water,kilogram,0.0008170996466094034
From Pasture/meadow,Land use / Land transformation,square meter,0.0008012652925053384
Potassium,water,kilogram,0.0007938042465645845
Construction Site,Land use / Land occupation,square meter-year,0.0007847057024613866
Radium-224,water,kilo Becquerel,0.0007487047784898893
Waste Heat,water,megajoule,0.0007195197499235947
Carbon Monoxide (fossil),Emissions / Emissions to air,kilogram,0.0007067571582299533
Nitrogen,water,kilogram,0.0006490366532655369
cadmium,Emissions / Emissions to water,kilogram,0.0006073540590640346
Uranium-238,Emissions / Emissions to water,kilo Becquerel,0.0006068860804386126
Thorium-228,water,kilo Becquerel,0.0005973130307909961
Phosphorus,Resources / Resources from ground,kilogram,0.000588329505383058
molybdenum,Emissions / Emissions to water,kilogram,0.0005849022342913178
Iron,Emissions / Emissions to water,kilogram,0.0005804249100062729
From Forest,Land use / Land transformation,square meter,0.0005665029598245972
tin,Emissions / Emissions to water,kilogram,0.0005513575009724417
Carbon Dioxide (land Use Change),Emissions / Emissions to air,kilogram,0.0005489285372756835
titanium,Emissions / Emissions to water,kilogram,0.0005427662405934669
To Forest,Land use / Land transformation,square meter,0.000529700158754888
Krypton-85m,air,kilo Becquerel,0.0005031253303894798
Chemical Oxygen Demand,water,kilogram,0.0004988839501329311
Ammonia,Emissions / Emissions to air,kilogram,0.0004933189385573982
Silicon,Emissions / Emissions to water,kilogram,0.00047019298625689595
lead,Emissions / Emissions to water,kilogram,0.00046924236501553996
To Industrial Area,Land use / Land transformation,square meter,0.00045878866298257277
Copper,Emissions / Emissions to air,kilogram,0.00045719837794291874
"Solids, Inorganic",water,kilogram,0.000455383362618551
selenium,Emissions / Emissions to water,kilogram,0.00045359561361853505
Biological Oxygen Demand,water,kilogram,0.00044817112023226693
"Suspended Solids, Unspecified",water,kilogram,0.0004281802611999711
Carbon Monoxide (fossil),Emissions / Emissions to air,kilogram,0.00040675075069297766
Lead,Emissions / Emissions to air,kilogram,0.00039190061611001943
"Organic carbon, placed in landfill",resources / in ground,kilogram,0.00037206920124347213
Zinc,Resources / Resources from ground,kilogram,0.0003471131540835568
Total Organic Carbon,water,kilogram,0.000340548964792301
Kaolinite,soil,kilogram,0.0003152094392910383
antimony,Emissions / Emissions to water,kilogram,0.0003050990012953267
Xenon-133,Emissions / Emissions to air,kilo Becquerel,0.00029589235746902424
Radon-220,air,kilo Becquerel,0.00029361065037955113
Total Organic Carbon,water,kilogram,0.000289788360048207
Nickel,Emissions / Emissions to air,kilogram,0.00027482814854836823
vanadium,Emissions / Emissions to water,kilogram,0.0002740535024774116
Uranium alpha,emissions to water / lake,kilo Becquerel,0.00027278877622697895
barium,Emissions / Emissions to water,kilogram,0.00026168205604534524
Polonium-210,Emissions / Emissions to air,kilo Becquerel,0.00025460777164423767
Manganese,Resources / Resources from ground,kilogram,0.00024931004949861114
Particles (PM2.5),Emissions / Emissions to air,kilogram,0.00024674024399137486
Zinc,Emissions / Emissions to air,kilogram,0.00021999931373705963
Scandium,"emissions to water / groundwater, long-term",kilogram,0.0002161842223627538
"Clay, bentonite",resources / in ground,kilogram,0.0002101253116642801
Potassium chloride,resources / in ground,kilogram,0.00019982353314211833
Methane (fossil),Emissions / Emissions to air,kilogram,0.00019851845999835723
Chromium VI,"emissions to water / groundwater, long-term",kilogram,0.0001968067213888608
"Solids, Inorganic",water,kilogram,0.00019345541811153618
Shrub Land,Land use / Land occupation,square meter-year,0.0001829437654380757
Methane (biogenic),Emissions / Emissions to air,kilogram,0.00018287738042176035
Krypton-88,air,kilo Becquerel,0.00017746039525373344
"DOC, Dissolved Organic Carbon",water,kilogram,0.00017431833653849588
Nitrous Oxide,Emissions / Emissions to air,kilogram,0.00016915311244945202
Krypton-87,air,kilo Becquerel,0.0001643318523572363
Radon-220,air,kilo Becquerel,0.00015690173940712364
To Mineral Extraction Site,Land use / Land transformation,square meter,0.0001533784214185152
Non-methane Volatile Organic Compounds,Emissions / Emissions to air,kilogram,0.00014734120691347135
Fluorine,natural resource,kilogram,0.00014678165876001894
Fluoride Ion,Emissions / Emissions to water,kilogram,0.00014303194287654508
Potassium-40,water,kilo Becquerel,0.00014244906330984636
Lead-210,Emissions / Emissions to air,kilo Becquerel,0.00014222035979814655
Hydrogen,air,kilogram,0.00014168184441951259
Arsenic,Emissions / Emissions to air,kilogram,0.00014153635458022607
Aluminium,Emissions / Emissions to water,kilogram,0.00014005007159384317
Uranium-238,Emissions / Emissions to water,kilo Becquerel,0.0001332591488602657
"Noise, aircraft, passenger",non material emissions / unspecified,person kilometer,0.0001325984662871094
Magnesium,Emissions / Emissions to water,kilogram,0.0001318083658810572
Cyanide,Emissions / Emissions to water,kilogram,0.00013059317597834423
Xenon-133m,air,kilo Becquerel,0.00012411481550003928
beryllium,Emissions / Emissions to water,kilogram,0.00012399300899845604
Manganese,Emissions / Emissions to water,kilogram,0.00012195107063843301
Xenon-137,air,kilo Becquerel,0.0001209295818062928
Xenon-135,air,kilo Becquerel,0.00011955658674622923
Radium-228,air,kilo Becquerel,0.00011613162536575022
Sulfur Dioxide,Emissions / Emissions to air,kilogram,0.00010921003858480459
"Radioactive Species, Other Beta Emitters",air,kilo Becquerel,0.00010702054740193068
Chloride,Emissions / Emissions to soil,kilogram,0.00010635946374812136
Biological Oxygen Demand,water,kilogram,0.00010331902055447122
Chloride,Emissions / Emissions to water,kilogram,0.00010004177843657932
Particles (PM2.5),Emissions / Emissions to air,kilogram,9.430374038935918e-05
Hydrogen Chloride,Emissions / Emissions to air,kilogram,9.24127970894679e-05
Potassium,water,kilogram,9.098417783936094e-05
lake water,Resources / Resources from water,cubic meter,8.723351819265202e-05
Particles (> PM10),air,kilogram,8.720682840615055e-05
Potassium,water,kilogram,8.625048023380957e-05
Radium-226,Emissions / Emissions to air,kilo Becquerel,8.479811226645419e-05
To Arable,Land use / Land transformation,square meter,8.416032425167435e-05
From Shrub Land,Land use / Land transformation,square meter,8.351272714119912e-05
Particles (PM10),Emissions / Emissions to air,kilogram,8.231675916036638e-05
Methane (biogenic),Emissions / Emissions to air,kilogram,8.111570626277703e-05
Hydrogen,air,kilogram,7.571315330554751e-05
Uranium-235,Emissions / Emissions to water,kilo Becquerel,7.391729255455318e-05
Strontium,Emissions / Emissions to water,kilogram,7.19706164123524e-05
"Wood, soft, standing",resources / biotic,cubic meter,7.083520648296232e-05
Uranium alpha,emissions to air / low. pop.,kilo Becquerel,7.063158124935752e-05
Sulfate Ion,air,kilogram,6.103909045497254e-05
Chemical Oxygen Demand,water,kilogram,6.013774769302661e-05
Manganese,Emissions / Emissions to air,kilogram,5.8449544434061455e-05
thallium,Emissions / Emissions to water,kilogram,5.660873587224823e-05
To Inland Water Bodies,land use,square meter,5.468285541090837e-05
Non-methane Volatile Organic Compounds,Emissions / Emissions to air,kilogram,5.370851094055462e-05
Zinc,Emissions / Emissions to water,kilogram,5.36132632883837e-05
From Seabed,land use,square meter,5.272745308273121e-05
From Dump Site,Land use / Land transformation,square meter,4.968441661758546e-05
Ethane,Emissions / Emissions to air,kilogram,4.9487798247275154e-05
Calcium,Emissions / Emissions to soil,kilogram,4.944493638712034e-05
Chemical Oxygen Demand,water,kilogram,4.9398216332289204e-05
Biological Oxygen Demand,water,kilogram,4.839533942155411e-05
Cadmium,Emissions / Emissions to air,kilogram,4.8251556608651845e-05
Hydrogen-3,Emissions / Emissions to air,kilo Becquerel,4.5690346034765584e-05
Krypton-89,air,kilo Becquerel,4.563049794003117e-05
Uranium-234,Emissions / Emissions to water,kilo Becquerel,4.378616367519872e-05
chloride,Emissions / Emissions to soil,kilogram,4.3259691898966154e-05
Total Organic Carbon,water,kilogram,4.3157274155535297e-05
"DOC, Dissolved Organic Carbon",water,kilogram,4.19785282886692e-05
To Water Bodies,land use,square meter,4.146890446912211e-05
Potassium-40,water,kilo Becquerel,3.987736699149711e-05
Carbon Monoxide (biogenic),Emissions / Emissions to air,kilogram,3.8424894127622606e-05
"From Pasture/meadow, Intensive",Land use / Land transformation,square meter,3.824349669236865e-05
Arable,Land use / Land occupation,square meter-year,3.766361690803009e-05
Carbon,soil,kilogram,3.7077244392134714e-05
Cobalt-58,Emissions / Emissions to water,kilo Becquerel,3.6772864728432305e-05
To Shrub Land,Land use / Land transformation,square meter,3.653070423550091e-05
Thorium-234,water,kilo Becquerel,3.633286046983122e-05
Protactinium-234,water,kilo Becquerel,3.6327005038537045e-05
Talc,resources / in ground,kilogram,3.601729338441543e-05
Particles (PM10),Emissions / Emissions to air,kilogram,3.532953103531233e-05
silver,Emissions / Emissions to water,kilogram,3.3551642538508326e-05
From Arable,Land use / Land transformation,square meter,3.325736160217996e-05
Barium sulfate,Emissions / Emissions to water,kilogram,3.2616807969051765e-05
Polonium-210,water,kilo Becquerel,3.248288503882066e-05
Ammonium,Emissions / Emissions to water,kilogram,3.198373431300143e-05
Chromium,Emissions / Emissions to air,kilogram,3.134693792458201e-05
Potassium-40,air,kilo Becquerel,3.0956953785972795e-05
Strontium,Emissions / Emissions to water,kilogram,3.079550437663573e-05
"Carbon, organic, in soil or biomass stock",resources / in ground,kilogram,2.9411348900303783e-05
"To Traffic Area, Road Network",Land use / Land transformation,square meter,2.877631010516277e-05
Carbon-14,Emissions / Emissions to air,kilo Becquerel,2.8331725607972704e-05
Silicon,Emissions / Emissions to air,kilogram,2.7690706943668556e-05
Cobalt-60,Emissions / Emissions to water,kilo Becquerel,2.7604292238962866e-05
Agriculture,Land use / Land occupation,square meter-year,2.706480500061428e-05
Hydrogen Chloride,Emissions / Emissions to air,kilogram,2.687281981434136e-05
Sodium,soil,kilogram,2.6142380196166516e-05
Uranium-238,Emissions / Emissions to air,kilo Becquerel,2.6065056317216436e-05
"Permanent Crops, Non-irrigated, Intensive",Land use / Land occupation,square meter-year,2.5750957930665667e-05
Carbonate Ion,water,kilogram,2.520890231679631e-05
Water,Emissions / Emissions to water,cubic meter,2.514218189994667e-05
Particles (> PM10),air,kilogram,2.4870377600065084e-05
Silver-110,Emissions / Emissions to water,kilo Becquerel,2.47956452273599e-05
iron,Emissions / Emissions to soil,kilogram,2.4732989825204822e-05
"Wood, hard, standing",resources / biotic,cubic meter,2.3240917078581103e-05
Uranium-238,Emissions / Emissions to air,kilo Becquerel,2.3179766980501377e-05
Butane,Emissions / Emissions to air,kilogram,2.315890562618337e-05
Nitrogen,air,kilogram,2.2652232028275478e-05
From Mineral Extraction Site,Land use / Land transformation,square meter,2.1835087190929532e-05
"Actinides, Radioactive, Unspecified",water,kilo Becquerel,2.1419489997784605e-05
Uranium-234,Emissions / Emissions to air,kilo Becquerel,2.116599985647082e-05
Phosphate,Emissions / Emissions to water,kilogram,1.9892793550453412e-05
Xenon-138,air,kilo Becquerel,1.9842499044218917e-05
Propane,Emissions / Emissions to air,kilogram,1.9499605279306826e-05
"From Forest, Natural",Land use / Land transformation,square meter,1.8746700569236106e-05
Aluminium,Emissions / Emissions to air,kilogram,1.872521396417909e-05
Antimony,Emissions / Emissions to air,kilogram,1.863325613472262e-05
Particles (> PM10),air,kilogram,1.862321537266702e-05
Tin atom,Emissions / Emissions to air,kilogram,1.850433599067446e-05
Xenon-137,air,kilo Becquerel,1.8074335530703533e-05
Carbonate Ion,water,kilogram,1.7909916602623535e-05
Sulfur,Resources / Resources from ground,kilogram,1.776221308128129e-05
"Carboxylic Acids, Unspecified",water,kilogram,1.6964013115762158e-05
"Noise, aircraft, freight",non material emissions / unspecified,ton kilometer,1.6827118048047567e-05
"Oils, Unspecified",Emissions / Emissions to water,kilogram,1.6358657409787674e-05
"To Traffic Area, Rail/road Embankment",Land use / Land transformation,square meter,1.6334641694146133e-05
Sand,soil,kilogram,1.6127846313231392e-05
Lead,Resources / Resources from ground,kilogram,1.580977212377171e-05
Iron,Emissions / Emissions to water,kilogram,1.5808706277657505e-05
Pentane,Emissions / Emissions to air,kilogram,1.5764506551898192e-05
Ammonia,Emissions / Emissions to air,kilogram,1.5345967878302153e-05
Sodium chloride,resources / in water,kilogram,1.5238466465991329e-05
To Pasture/meadow,Land use / Land transformation,square meter,1.511442824214424e-05
Selenium,Emissions / Emissions to air,kilogram,1.4876469368301651e-05
Pentane,Emissions / Emissions to air,kilogram,1.4816174763626463e-05
Ammonium,Emissions / Emissions to water,kilogram,1.4603113279498997e-05
Fluorine,Emissions / Emissions to air,kilogram,1.4475248982348236e-05
Molybdenum,Emissions / Emissions to water,kilogram,1.4239137730710961e-05
Colemanite,soil,kilogram,1.4068090083307197e-05
bromine,Emissions / Emissions to water,kilogram,1.3648226560119605e-05
"From Traffic Area, Rail/road Embankment",Land use / Land transformation,square meter,1.3368892972192934e-05
"DOC, Dissolved Organic Carbon",water,kilogram,1.3303056387542692e-05
Iodine-129,Emissions / Emissions to air,kilo Becquerel,1.3193238314566585e-05
Iron,Emissions / Emissions to soil,kilogram,1.3086726011216374e-05
Cesium-137,Emissions / Emissions to water,kilo Becquerel,1.2965962623738701e-05
Carbon Monoxide (biogenic),Emissions / Emissions to air,kilogram,1.2425746095802423e-05
aluminium,Emissions / Emissions to soil,kilogram,1.2359046985837651e-05
Sulfide ion,water,kilogram,1.2069012019217089e-05
Tungsten,Emissions / Emissions to water,kilogram,1.1912717302927998e-05
Barium,Emissions / Emissions to water,kilogram,1.1630714842362364e-05
Particles (PM10),Emissions / Emissions to air,kilogram,1.1173928693258601e-05
Thorium-228,air,kilo Becquerel,1.1044109607994952e-05
"Carboxylic Acids, Unspecified",water,kilogram,1.0991435056514906e-05
Potassium,air,kilogram,1.0772160844991536e-05
"Agriculture, Mosaic",Land use / Land occupation,square meter-year,1.043436251149819e-05
Thorium-230,Emissions / Emissions to air,kilo Becquerel,1.0398594675717873e-05
Chlorate ion,Emissions / Emissions to water,kilogram,1.0356400216950647e-05
iron,Emissions / Emissions to air,kilogram,1.0153478683294047e-05
Magnesium,Emissions / Emissions to soil,kilogram,9.887243309642338e-06
Nitrous Oxide,Emissions / Emissions to air,kilogram,9.81229347656303e-06
Nitrous Oxide,Emissions / Emissions to air,kilogram,9.523163181374497e-06
Aluminium,Emissions / Emissions to air,kilogram,9.337119037637504e-06
Propane,Emissions / Emissions to air,kilogram,8.813611313404198e-06
Sulfate Ion,air,kilogram,8.597291851842929e-06
Formaldehyde,Emissions / Emissions to air,kilogram,8.569016082997044e-06
Argon-41,air,kilo Becquerel,8.448892313385534e-06
Thorium-232,emissions to air / high. pop.,kilo Becquerel,8.369865116282083e-06
Iron,Emissions / Emissions to air,kilogram,8.352610300030558e-06
Barium(2+),Emissions / Emissions to water,kilogram,8.272276462117442e-06
"Energy, Geothermal, Converted",natural resource,megajoule,8.158685832471285e-06
Copper,Emissions / Emissions to water,kilogram,7.940732767502457e-06
Ethanolamine,Emissions / Emissions to air,kilogram,7.656944758475878e-06
Hexane,Emissions / Emissions to air,kilogram,7.643627438282663e-06
Thorium-232,emissions to water / river,kilo Becquerel,7.47555010430979e-06
Particles (PM2.5),Emissions / Emissions to air,kilogram,7.449285948552169e-06
sulfur,Emissions / Emissions to soil,kilogram,7.415427371346288e-06
Ozone,air,kilogram,6.981147251365423e-06
Hydrogen Chloride,Emissions / Emissions to air,kilogram,6.946146743225801e-06
Magnesium,Emissions / Emissions to air,kilogram,6.843084685432237e-06
"Water, salt, sole",resources / in water,cubic meter,6.704691153231258e-06
"Oils, unspecified",Emissions / Emissions to soil,kilogram,6.4457945306955644e-06
Benzene,Emissions / Emissions to air,kilogram,6.307279093237757e-06
Barium(2+),Emissions / Emissions to soil,kilogram,6.179522412982556e-06
Butane,Emissions / Emissions to air,kilogram,6.159580508588064e-06
"Nitrogen, Total (excluding N2)",Emissions / Emissions to water,kilogram,5.988308182375302e-06
Benzene,Emissions / Emissions to air,kilogram,5.918347191753719e-06
Ethylene,Emissions / Emissions to air,kilogram,5.84265232867858e-06
Carbon,soil,kilogram,5.699506616885157e-06
"Oils, Unspecified",Emissions / Emissions to water,kilogram,5.643179447810045e-06
To Unspecified,Land use / Land transformation,square meter,5.32203338907136e-06
Iodide Ion,Emissions / Emissions to water,kilogram,5.2437704575871255e-06
fluorane,Emissions / Emissions to air,kilogram,5.045784316813062e-06
Chromium-51,water,kilo Becquerel,4.847972798360342e-06
Calcium,Emissions / Emissions to air,kilogram,4.8252841504912305e-06
Potassium-40,air,kilo Becquerel,4.813363786437507e-06
Hexane,Emissions / Emissions to air,kilogram,4.787230486420872e-06
Fluoride Ion,Emissions / Emissions to water,kilogram,4.762603917696527e-06
Xenon-131m,air,kilo Becquerel,4.756173234831032e-06
Iron,Emissions / Emissions to soil,kilogram,4.52055777033231e-06
"Hydrocarbons, Aliphatic, Alkanes, Unspecified",air,kilogram,4.421489306609391e-06
Magnesium,natural resource,kilogram,4.400679326584702e-06
Aluminium,Emissions / Emissions to water,kilogram,4.386152542330656e-06
Potassium,soil,kilogram,4.326532906558406e-06
Tin atom,Resources / Resources from ground,kilogram,4.28833833172167e-06
Helium,air,kilogram,4.223804661444993e-06
Bromine,Emissions / Emissions to water,kilogram,4.1631977240188795e-06
Zinc,Emissions / Emissions to water,kilogram,4.010448213066433e-06
Butane,Emissions / Emissions to air,kilogram,3.811016655041633e-06
Antimony-124,Emissions / Emissions to water,kilo Becquerel,3.635684174064064e-06
Iodide Ion,Emissions / Emissions to water,kilogram,3.511546537070464e-06
Acetic Acid,Emissions / Emissions to air,kilogram,3.5094635452766408e-06
"Radioactive Species, Alpha Emitters",water,kilo Becquerel,3.4377316015277713e-06
Acetic Acid,Emissions / Emissions to air,kilogram,3.3986596216390827e-06
Benzene,Emissions / Emissions to water,kilogram,3.3886148156040324e-06
Boron,Emissions / Emissions to air,kilogram,3.363106177180989e-06
Cumene,Emissions / Emissions to water,kilogram,3.2735241063245793e-06
fluorane,Emissions / Emissions to air,kilogram,3.175378704921958e-06
Cobalt,Emissions / Emissions to water,kilogram,3.1668701481617115e-06
Bromine,Emissions / Emissions to water,kilogram,3.1578220845939528e-06
Fluoride Ion,Emissions / Emissions to water,kilogram,3.0980484332267923e-06
Calcium,Emissions / Emissions to air,kilogram,3.0358392646391833e-06
Nickel,Emissions / Emissions to water,kilogram,2.9834740118709203e-06
"To Traffic Area, Rail Network",Land use / Land transformation,square meter,2.97659781059355e-06
Ethane,Emissions / Emissions to air,kilogram,2.9192312056867887e-06
"Aerosols, Radioactive, Unspecified",air,kilo Becquerel,2.8028625444399997e-06
Antimony-125,Emissions / Emissions to water,kilo Becquerel,2.7729980182326204e-06
Formaldehyde,Emissions / Emissions to air,kilogram,2.721219268298895e-06
"Urban, Discontinuously Built",Land use / Land occupation,square meter-year,2.7144126071031965e-06
"Oils, Unspecified",Emissions / Emissions to water,kilogram,2.6968535523964813e-06
"Hydrocarbons, Chlorinated",air,kilogram,2.6622365449359398e-06
Formaldehyde,Emissions / Emissions to air,kilogram,2.463582387169694e-06
Toluene,Emissions / Emissions to air,kilogram,2.402878938679905e-06
"Hydrocarbons, Aromatic",Emissions / Emissions to water,kilogram,2.3935214734717363e-06
Sodium,air,kilogram,2.3423957414400827e-06
Iron,Emissions / Emissions to air,kilogram,2.324413246737227e-06
Methanol,Emissions / Emissions to air,kilogram,2.3175015794142747e-06
Cesium-134,Emissions / Emissions to water,kilo Becquerel,2.279320199131488e-06
Radium-228,air,kilo Becquerel,2.2782027085754692e-06
"Hydrocarbons, Aliphatic, Unsaturated",air,kilogram,2.2745488713170698e-06
"Oils, biogenic",emissions to soil / forestry,kilogram,2.209748798737418e-06
Silicon,Emissions / Emissions to air,kilogram,2.0791671242798323e-06
Zinc-65,water,kilo Becquerel,2.0760712365193872e-06
fluorane,Emissions / Emissions to air,kilogram,2.0721454469817518e-06
Thorium-232,emissions to air / low. pop.,kilo Becquerel,2.0195290174825195e-06
hydrogen sulfide,Emissions / Emissions to water,kilogram,1.943457365620992e-06
Sulfur,Emissions / Emissions to water,kilogram,1.933630333617587e-06
Thorium-234,air,kilo Becquerel,1.8807616262016434e-06
Protactinium-234,air,kilo Becquerel,1.8802141462768918e-06
Manganese-54,Emissions / Emissions to water,kilo Becquerel,1.862182991384088e-06
Arsenic,Emissions / Emissions to water,kilogram,1.8443677911816234e-06
Toluene,Emissions / Emissions to air,kilogram,1.8141098097884776e-06
2-hydroxybenzonitrile,Emissions / Emissions to air,kilogram,1.7954666787576242e-06
Chromium,Emissions / Emissions to water,kilogram,1.774015344482141e-06
"Metamorphous rock, graphite containing",resources / in ground,kilogram,1.770668504912264e-06
Methanol,Emissions / Emissions to air,kilogram,1.7155581946824291e-06
From Industrial Area,Land use / Land transformation,square meter,1.6750156823076498e-06
Calcium,Emissions / Emissions to soil,kilogram,1.6332993356664952e-06
Ethane,Emissions / Emissions to air,kilogram,1.615376111937734e-06
Propylene,Emissions / Emissions to water,kilogram,1.6073404789269477e-06
Potassium,air,kilogram,1.5970044103215342e-06
Ethyl Acetate,Emissions / Emissions to air,kilogram,1.5955305900736176e-06
Methyl Ethyl Ketone,Emissions / Emissions to air,kilogram,1.595518882568027e-06
Volatile Organic Compound,Emissions / Emissions to water,kilogram,1.57891255869351e-06
"Hydrocarbons, Aromatic",Emissions / Emissions to water,kilogram,1.570887152604687e-06
Mercury,Emissions / Emissions to water,kilogram,1.5597036851561033e-06
Soil,soil,kilogram,1.5576094365020032e-06
Selenium,Emissions / Emissions to water,kilogram,1.5535033712642722e-06
Vanadium(2+),Emissions / Emissions to air,kilogram,1.5368757767645907e-06
Silicon,Emissions / Emissions to soil,kilogram,1.5359757072752775e-06
"From Forest, Extensive",Land use / Land transformation,square meter,1.492557430154814e-06
Oxygen,air,kilogram,1.4897895410623746e-06
Heptane,Emissions / Emissions to air,kilogram,1.4702609994520575e-06
Cyanide,Emissions / Emissions to air,kilogram,1.4657589806170037e-06
Polonium-210,water,kilo Becquerel,1.4606502224655292e-06
Propylene,Emissions / Emissions to air,kilogram,1.4519437547544945e-06
Artificial Areas,Land use / Land occupation,square meter-year,1.3952127504682645e-06
Cumene,Emissions / Emissions to air,kilogram,1.3622739360875302e-06
Methanol,Emissions / Emissions to air,kilogram,1.3606266054752793e-06
Xylene,Emissions / Emissions to air,kilogram,1.3453116456760895e-06
Cadmium,Emissions / Emissions to water,kilogram,1.3396545730922028e-06
Zinc,Emissions / Emissions to water,kilogram,1.2975377184888827e-06
Thorium-228,air,kilo Becquerel,1.2377384943903652e-06
Silicon,Emissions / Emissions to soil,kilogram,1.2359045615784282e-06
Ethylene,Emissions / Emissions to air,kilogram,1.2032514188524823e-06
Lithium,Emissions / Emissions to water,kilogram,1.1925380808897184e-06
Bromate,Emissions / Emissions to water,kilogram,1.1715599758663124e-06
Methyl Cyclopentane,Emissions / Emissions to water,kilogram,1.161315389666007e-06
Lead(2+),Emissions / Emissions to water,kilogram,1.1442038594401108e-06
Xylene,Emissions / Emissions to air,kilogram,1.1310401696978291e-06
Vanadium(2+),Emissions / Emissions to air,kilogram,1.1120205334048368e-06
Ethanol,Emissions / Emissions to air,kilogram,1.107731874001264e-06
Iron,Emissions / Emissions to water,kilogram,1.0956994123597325e-06
Boron,Emissions / Emissions to air,kilogram,1.0915955449403986e-06
Ethylene,Emissions / Emissions to water,kilogram,1.0810573111474563e-06
Boron,Emissions / Emissions to water,kilogram,1.0801781090035357e-06
Carbon Dioxide (fossil),Emissions / Emissions to air,kilogram,1.063369002866394e-06
Water,air,cubic meter,1.0619275411781181e-06
Copper,Emissions / Emissions to water,kilogram,1.0389421341748023e-06
"Hydrocarbons, Aromatic",Emissions / Emissions to air,kilogram,1.0121868223664166e-06
Acetone,Emissions / Emissions to air,kilogram,1.0119120232901968e-06
"To Arable, Fallow",Land use / Land transformation,square meter,9.835290419360855e-07
Lead-210,water,kilo Becquerel,9.599006149089284e-07
Magnesium,Emissions / Emissions to air,kilogram,9.31160742040327e-07
Arsenic,Emissions / Emissions to water,kilogram,9.250413188080733e-07
Tin atom,Emissions / Emissions to water,kilogram,9.119498456619468e-07
Zinc,Emissions / Emissions to air,kilogram,8.93309407847894e-07
Acetylene,Emissions / Emissions to air,kilogram,8.742576709135358e-07
Nickel,Emissions / Emissions to air,kilogram,8.713482358753416e-07
Antimony,Emissions / Emissions to water,kilogram,8.496659647655601e-07
"Oils, biogenic",emissions to soil / unspecified,kilogram,8.42623376784863e-07
Lithium,Emissions / Emissions to water,kilogram,7.859234227106465e-07
Copper,Emissions / Emissions to water,kilogram,7.855163315294724e-07
Ulexite,resources / in ground,kilogram,7.815518136411937e-07
"Oils, Unspecified",Emissions / Emissions to soil,kilogram,7.778526139129534e-07
Kieserite,soil,kilogram,7.738052254950796e-07
Acetaldehyde,Emissions / Emissions to air,kilogram,7.578010917653669e-07
Phosphorus,Emissions / Emissions to water,kilogram,7.550792555275642e-07
Uranium-235,Emissions / Emissions to air,kilo Becquerel,7.539610863706334e-07
Hydrogen Sulfide,Emissions / Emissions to air,kilogram,7.407262017987151e-07
Titanium,Emissions / Emissions to water,kilogram,7.281500202870906e-07
"Sand, resource correction",resources / in ground,kilogram,7.267954322746647e-07
Hydrogen Sulfide,Emissions / Emissions to air,kilogram,7.023704066993299e-07
"Hydrocarbons, Chlorinated",air,kilogram,7.023484059882945e-07
Scandium,water,kilogram,6.997723276914058e-07
Manganese,Emissions / Emissions to air,kilogram,6.920882498613933e-07
Acetaldehyde,Emissions / Emissions to air,kilogram,6.85555694868282e-07
Iodine-131,Emissions / Emissions to water,kilo Becquerel,6.735748467815268e-07
Titanium,Emissions / Emissions to air,kilogram,6.653099498239993e-07
Nitrogen Dioxide,Emissions / Emissions to air,kilogram,6.47742018085763e-07
Cobalt,Emissions / Emissions to air,kilogram,6.45675516219477e-07
"Hydrocarbons, Aromatic",Emissions / Emissions to air,kilogram,6.434307454365246e-07
"Oils, biogenic",emissions to soil / industrial,kilogram,6.404292883400293e-07
Iodine-129,Emissions / Emissions to water,kilo Becquerel,6.276917816927648e-07
Phosphorus,Emissions / Emissions to soil,kilogram,6.179735733894395e-07
Fluoride Ion,Emissions / Emissions to soil,kilogram,6.179555758213165e-07
"Nitrogen, organic bound","emissions to water / groundwater, long-term",kilogram,6.15897098344342e-07
Xylene,Emissions / Emissions to air,kilogram,6.147887326720184e-07
Acetaldehyde,Emissions / Emissions to air,kilogram,6.141410804986595e-07
Titanium,Emissions / Emissions to air,kilogram,6.097189626818766e-07
"From Arable, Fallow",Land use / Land transformation,square meter,6.077435569622247e-07
"Hydrocarbons, Aliphatic, Alkanes, Unspecified",water,kilogram,5.864526384180123e-07
"Urban, Continuously Built",Land use / Land occupation,square meter-year,5.76285549992033e-07
Carbon-14,Emissions / Emissions to water,kilo Becquerel,5.757953901864617e-07
Fluorine,Emissions / Emissions to air,kilogram,5.689009567932244e-07
Acetic Acid,Emissions / Emissions to air,kilogram,5.666559461179459e-07
Sodium,air,kilogram,5.484919315980287e-07
Toluene,Emissions / Emissions to water,kilogram,5.285105872786671e-07
Gypsum,resources / in ground,kilogram,5.124950066646169e-07
manganese,Emissions / Emissions to soil,kilogram,4.944259053093347e-07
Nitrite,Emissions / Emissions to water,kilogram,4.942224340489911e-07
Pentane,Emissions / Emissions to air,kilogram,4.857616518936101e-07
Technetium-99m,water,kilo Becquerel,4.840653164116512e-07
Aluminium,Emissions / Emissions to soil,kilogram,4.813230350371498e-07
Nitrogen,water,kilogram,4.763679680718527e-07
Sulfur,Emissions / Emissions to soil,kilogram,4.7389557817769304e-07
Vanadium,Emissions / Emissions to water,kilogram,4.7099116780282387e-07
Propylene,Emissions / Emissions to air,kilogram,4.5525143391473265e-07
Antimony,Emissions / Emissions to air,kilogram,4.4484370242170095e-07
"Hydrocarbons, Aliphatic, Alkanes, Unspecified",air,kilogram,4.4457397950511137e-07
Phenol,Emissions / Emissions to water,kilogram,4.444265282854715e-07
Xylene,Emissions / Emissions to water,kilogram,4.412745119523252e-07
Isopropanol,Emissions / Emissions to air,kilogram,4.181312618260334e-07
Ethylene,Emissions / Emissions to air,kilogram,4.1732797108542485e-07
Strontium-89,water,kilo Becquerel,3.990712583318009e-07
ammonium,Emissions / Emissions to water,kilogram,3.968762799959761e-07
"Hydrocarbons, Aliphatic, Alkanes, Unspecified",water,kilogram,3.8825348113221366e-07
Benzene,Emissions / Emissions to air,kilogram,3.8682670988635736e-07
Propane,Emissions / Emissions to air,kilogram,3.849861749905613e-07
Methane (biogenic),Emissions / Emissions to air,kilogram,3.845479204858789e-07
Cyanide,Emissions / Emissions to air,kilogram,3.7495787059559605e-07
Toluene,Emissions / Emissions to water,kilogram,3.742321171987265e-07
Phenol,Emissions / Emissions to water,kilogram,3.6462389495893964e-07
"To Permanent Crops, Non-irrigated, Intensive",Land use / Land transformation,square meter,3.62499708197388e-07
Manganese(2+),Emissions / Emissions to water,kilogram,3.598267422280869e-07
Strontium,Emissions / Emissions to air,kilogram,3.59385395687781e-07
Beryllium(2+),Emissions / Emissions to water,kilogram,3.5092698536925904e-07
Benzene,Emissions / Emissions to water,kilogram,3.3643349035599763e-07
Bauxite,soil,kilogram,3.24476912990676e-07
Bromine,Emissions / Emissions to air,kilogram,3.2317763100232214e-07
Iodine-135,air,kilo Becquerel,3.180847030676673e-07
Sulfite,water,kilogram,3.165347030774527e-07
Dichloromethane,Emissions / Emissions to water,kilogram,3.134719971782875e-07
Xylene,Emissions / Emissions to water,kilogram,3.060241822327129e-07
Acetone,Emissions / Emissions to air,kilogram,3.0520155084563817e-07
Silicon,Emissions / Emissions to air,kilogram,3.0345032930382226e-07
Tellurium-123m,water,kilo Becquerel,3.0293303256899027e-07
Mercury,Emissions / Emissions to air,kilogram,3.029106847459795e-07
Oxygen,natural resource,kilogram,-2.961689418161136e-07
Acrolein,Emissions / Emissions to air,kilogram,2.932417863443223e-07
Nitrate,Emissions / Emissions to air,kilogram,2.893958289338204e-07
Argon,air,kilogram,2.809307146580809e-07
Copper,Emissions / Emissions to air,kilogram,2.7584452864931087e-07
Waste water/m3,emissions to water / unspecified,cubic meter,2.666215518344116e-07
Barium(2+),Emissions / Emissions to air,kilogram,2.664093404767162e-07
Acetic Acid,Emissions / Emissions to water,kilogram,2.604304418957969e-07
Polycyclic Aromatic Hydrocarbons,Emissions / Emissions to air,kilogram,2.560616972324756e-07
Uranium-238,Emissions / Emissions to air,kilo Becquerel,2.5318652951576044e-07
Iron,Emissions / Emissions to air,kilogram,2.491202533359169e-07
Lead,Emissions / Emissions to air,kilogram,2.479282849962316e-07
"Hydrocarbons, Aliphatic, Unsaturated",air,kilogram,2.4246745151409526e-07
Benzaldehyde,Emissions / Emissions to air,kilogram,2.2696878600554004e-07
"Wood, primary forest, standing",resources / biotic,cubic meter,2.2633461689445348e-07
"Actinides, Radioactive, Unspecified",air,kilo Becquerel,2.2422599197013474e-07
Acrolein,Emissions / Emissions to air,kilogram,2.2385527730185617e-07
Phosphorus,Emissions / Emissions to air,kilogram,2.2029421292916902e-07
Chrysotile,resources / in ground,kilogram,2.176133273732428e-07
Sodium-24,water,kilo Becquerel,2.1151675109096456e-07
Silver,Resources / Resources from ground,kilogram,2.1048832791205167e-07
Manganese,Emissions / Emissions to air,kilogram,2.0995761362908132e-07
Sulfate Ion,air,kilogram,2.081770088460422e-07
Propylene,Emissions / Emissions to air,kilogram,2.0546620160434491e-07
Phenol,Emissions / Emissions to air,kilogram,2.0538250287175964e-07
Cobalt-60,Emissions / Emissions to water,kilo Becquerel,1.9996985115907893e-07
Silicon,Emissions / Emissions to air,kilogram,1.976932315162676e-07
Ruthenium-106,Emissions / Emissions to water,kilo Becquerel,1.9591031748753824e-07
Zinc,Emissions / Emissions to air,kilogram,1.954938675731989e-07
Mancozeb,Emissions / Emissions to soil,kilogram,1.8959094672823992e-07
Benzaldehyde,Emissions / Emissions to air,kilogram,1.894855931177041e-07
Zinc,Emissions / Emissions to soil,kilogram,1.8540765651468256e-07
Iodine-133,Emissions / Emissions to air,kilo Becquerel,1.8255765207983965e-07
Lead,Emissions / Emissions to air,kilogram,1.8247292372673278e-07
Magnesium,Emissions / Emissions to soil,kilogram,1.8240425949482943e-07
Fluosilicic Acid,water,kilogram,1.784065515632484e-07
Cobalt-57,water,kilo Becquerel,1.763386887344719e-07
Seabed,land use,square meter-year,1.7393814548274216e-07
Titanium,Emissions / Emissions to water,kilogram,1.7212989140077962e-07
Barium(2+),Emissions / Emissions to air,kilogram,1.7109099312485573e-07
Formaldehyde,Emissions / Emissions to water,kilogram,1.6689199184220367e-07
M-xylene,Emissions / Emissions to air,kilogram,1.6235799300544704e-07
Iodine,Emissions / Emissions to air,kilogram,1.605620418441463e-07
Formic Acid,Emissions / Emissions to air,kilogram,1.5859358311607085e-07
Sulfate Ion,air,kilogram,1.5112734038616403e-07
Butene,Emissions / Emissions to air,kilogram,1.4772819008114826e-07
Chlorothalonil,Emissions / Emissions to soil,kilogram,1.4598225299434627e-07
Boron,Emissions / Emissions to soil,kilogram,1.4414144865424838e-07
Bromine,natural resource,kilogram,1.425019032829353e-07
Carbon tetrafluoride,Emissions / Emissions to air,kilogram,1.414896450635637e-07
Ethyl Benzene,Emissions / Emissions to air,kilogram,1.4084094853846647e-07
Niobium-95,water,kilo Becquerel,1.3390035912146233e-07
Sulfur hexafluoride,Emissions / Emissions to air,kilogram,1.322298458546245e-07
Bromide ion,Emissions / Emissions to water,kilogram,1.2891525963118587e-07
Toluene,Emissions / Emissions to air,kilogram,1.2695786506311113e-07
Strontium,Emissions / Emissions to soil,kilogram,1.2393728228090407e-07
Manganese,Emissions / Emissions to air,kilogram,1.2391813623652032e-07
M-xylene,Emissions / Emissions to air,kilogram,1.2292071255484634e-07
"Radioactive Species, Other Beta Emitters",air,kilo Becquerel,1.2202949998541613e-07
Ethyl Benzene,Emissions / Emissions to water,kilogram,1.214520414472276e-07
Tin atom,Emissions / Emissions to water,kilogram,1.207193821860316e-07
Chromium,Emissions / Emissions to air,kilogram,1.1660390976941943e-07
Chromium,Emissions / Emissions to soil,kilogram,1.1630753942534647e-07
Potassium-40,water,kilo Becquerel,1.1601906236662298e-07
Chlorine,Emissions / Emissions to air,kilogram,1.1582109517941517e-07
Propionic Acid,Emissions / Emissions to air,kilogram,1.1242548989386089e-07
Metazachlor,Emissions / Emissions to soil,kilogram,1.0762570663829611e-07
Copper,Emissions / Emissions to air,kilogram,1.0714248716781528e-07
Carbon black,emissions to air / unspecified,kilogram,1.041007973680525e-07
Zinc(2+),Emissions / Emissions to soil,kilogram,1.0368941148923135e-07
"Volume Occupied, Underground Deposit",land use,cubic meter,1.0179289931860722e-07
Barium(2+),Emissions / Emissions to water,kilogram,9.989994158948126e-08
Cyanide,Emissions / Emissions to water,kilogram,9.921578297581443e-08
Fluosilicic Acid,air,kilogram,9.911475327920813e-08
Styrene,Emissions / Emissions to air,kilogram,9.873842006805762e-08
Polycyclic Aromatic Hydrocarbons,Emissions / Emissions to water,kilogram,9.826217629280433e-08
Phenol,Emissions / Emissions to air,kilogram,9.714780474294182e-08
Thallium,Emissions / Emissions to water,kilogram,9.493091746478902e-08
Cesium-134,Emissions / Emissions to water,kilo Becquerel,9.464485857758826e-08
Bromine,Emissions / Emissions to air,kilogram,9.226816813625489e-08
Chlorobenzene,Emissions / Emissions to water,kilogram,9.147798187681152e-08
"Hydrocarbons, Aliphatic, Alkanes, Unspecified",air,kilogram,9.082988668909739e-08
"Acidity, unspecified",emissions to water / river,kilogram,8.649524149303618e-08
Shale,soil,kilogram,8.461320605755815e-08
copper,Emissions / Emissions to soil,kilogram,8.408358464043867e-08
Lead,Emissions / Emissions to air,kilogram,8.367691052421292e-08
Ethyl Benzene,Emissions / Emissions to water,kilogram,8.360520863754546e-08
HFC-152a,Emissions / Emissions to air,kilogram,8.279016277774453e-08
Methanol,Emissions / Emissions to water,kilogram,8.206028019849078e-08
Selenium,Emissions / Emissions to air,kilogram,8.175790425289703e-08
Nitrate,Emissions / Emissions to air,kilogram,8.010532826571683e-08
Copper,Emissions / Emissions to air,kilogram,7.908488551963285e-08
fluoride,Emissions / Emissions to soil,kilogram,7.843292265589458e-08
glyphosate,Emissions / Emissions to soil,kilogram,7.833151821018213e-08
Hydroxide,water,kilogram,7.821645895815062e-08
Polycyclic Aromatic Hydrocarbons,Emissions / Emissions to water,kilogram,7.76037329801801e-08
Vermiculite,soil,kilogram,7.741012680192722e-08
Zirconium,Resources / Resources from ground,kilogram,7.620046317574915e-08
"Aldehydes, Unspecified",Emissions / Emissions to air,kilogram,7.454591185061462e-08
Nickel,Emissions / Emissions to water,kilogram,7.428804834480756e-08
Tetrachloroethylene,Emissions / Emissions to air,kilogram,7.120602953324458e-08
Styrene,Emissions / Emissions to air,kilogram,7.041053293752812e-08
Magnesium chloride,resources / in ground,kilogram,6.950024168953761e-08
Iodine,Emissions / Emissions to air,kilogram,6.860428262509289e-08
Molybdenum,Emissions / Emissions to air,kilogram,6.857536437770785e-08
Sulfide ion,water,kilogram,6.751439849002921e-08
O-xylene,Emissions / Emissions to air,kilogram,6.626712160534695e-08
Cerium,natural resource,kilogram,6.380272543447766e-08
Iodine-131,Emissions / Emissions to water,kilo Becquerel,6.349683271894555e-08
"(2,4-dichlorophenoxy)acetic Acid",Emissions / Emissions to soil,kilogram,6.307850078933286e-08
Radon-220,air,kilo Becquerel,6.256497701437943e-08
Chromium,Emissions / Emissions to air,kilogram,6.207711743295355e-08
chromium,Emissions / Emissions to soil,kilogram,6.182129095721558e-08
Lanthanum-140,water,kilo Becquerel,6.155740929278203e-08
Arsenic,Emissions / Emissions to air,kilogram,6.110215245767253e-08
Zinc,Emissions / Emissions to air,kilogram,5.995144500003647e-08
To Agriculture,Land use / Land transformation,square meter,5.880678259358934e-08
Vanadium,Emissions / Emissions to air,kilogram,5.7910546930321494e-08
Tin atom,Emissions / Emissions to air,kilogram,5.7342948482769905e-08
Acetylene,Emissions / Emissions to air,kilogram,5.73003890489982e-08
Silver,Emissions / Emissions to water,kilogram,5.694937410124401e-08
Gold,Resources / Resources from ground,kilogram,5.657607512281748e-08
Aluminium,Emissions / Emissions to air,kilogram,5.6381358298056675e-08
Vanadium,Emissions / Emissions to water,kilogram,5.633510117725366e-08
Cyanide,Emissions / Emissions to water,kilogram,5.615851262612566e-08
Heptane,Emissions / Emissions to air,kilogram,5.5327697519272645e-08
Barium-140,water,kilo Becquerel,5.50715414454374e-08
Polycyclic Aromatic Hydrocarbons,Emissions / Emissions to air,kilogram,5.474434755544469e-08
"Hydrocarbons, Aliphatic, Unsaturated",water,kilogram,5.4134092215579483e-08
barium,Emissions / Emissions to air,kilogram,5.4083855310385714e-08
"To Urban, Discontinuously Built",Land use / Land transformation,square meter,5.406934851872816e-08
From Agriculture,Land use / Land transformation,square meter,5.298906284440009e-08
Glyphosate,Emissions / Emissions to soil,kilogram,5.191227208080885e-08
O-xylene,Emissions / Emissions to air,kilogram,5.017176579703453e-08
Methanol,Emissions / Emissions to water,kilogram,4.995502352506327e-08
Hypochlorite,water,kilogram,4.9727717085073494e-08
Chlorine,Emissions / Emissions to water,kilogram,4.956492672776575e-08
arsenic,Emissions / Emissions to air,kilogram,4.9491835729177016e-08
Methyl acrylate,Emissions / Emissions to water,kilogram,4.939603885302936e-08
Borax,resources / in ground,kilogram,4.782646682523406e-08
HFC-134a,Emissions / Emissions to air,kilogram,4.7589759129963545e-08
Nickel,Emissions / Emissions to air,kilogram,4.674182956781277e-08
M-xylene,Emissions / Emissions to air,kilogram,4.6149939697737094e-08
"1,2-dichloroethane",Emissions / Emissions to air,kilogram,4.5979335036322945e-08
Rubidium,water,kilogram,4.5111741810607196e-08
Furan,Emissions / Emissions to air,kilogram,4.5031821244631653e-08
Molybdenum,Emissions / Emissions to air,kilogram,4.443235314213485e-08
Adsorbable Organic Halogen Compounds,Emissions / Emissions to water,kilogram,4.286474710766856e-08
Propylene Oxide,Emissions / Emissions to water,kilogram,4.27893584254119e-08
To Seabed,land use,square meter,4.182893594841158e-08
Cobalt,Emissions / Emissions to air,kilogram,4.1109762424532767e-08
Ethylenediamine,Emissions / Emissions to air,kilogram,4.097745339207876e-08
Diflubenzuron,Emissions / Emissions to soil,kilogram,4.0722729442430597e-08
Beryllium(2+),Emissions / Emissions to air,kilogram,3.963636928037658e-08
Chlorate ion,Emissions / Emissions to water,kilogram,3.936657806228313e-08
Manganese,Emissions / Emissions to water,kilogram,3.7672792559580004e-08
Heptane,Emissions / Emissions to air,kilogram,3.7611361374410345e-08
Cadmium,Emissions / Emissions to water,kilogram,3.7328473821652356e-08
Benzo[a]pyrene,Emissions / Emissions to air,kilogram,3.715352901820935e-08
Iodine-133,water,kilo Becquerel,3.7011263932726093e-08
Hydrogen Sulfide,Emissions / Emissions to air,kilogram,3.6383646147154984e-08
Chromium,Emissions / Emissions to water,kilogram,3.631480948401834e-08
Orbencarb,Emissions / Emissions to soil,kilogram,3.604900251332444e-08
Mercury,Emissions / Emissions to air,kilogram,3.5942999800804724e-08
"Hydrocarbons, Aliphatic, Unsaturated",water,kilogram,3.586057478360061e-08
Sodium,air,kilogram,3.5212205806874474e-08
Calcium,Emissions / Emissions to air,kilogram,3.506505844030989e-08
"Nitrogen, Total (excluding N2)",Emissions / Emissions to water,kilogram,3.480264689650321e-08
Hydrogen Sulfide,Emissions / Emissions to water,kilogram,3.462836386100635e-08
Propylene Oxide,Emissions / Emissions to air,kilogram,3.415457207023701e-08
strontium,Emissions / Emissions to air,kilogram,3.3929966088852223e-08
Thorium-230,Emissions / Emissions to air,kilo Becquerel,3.372703058807237e-08
Scandium,air,kilogram,3.34197414107872e-08
Nickel,Emissions / Emissions to water,kilogram,3.292457623057602e-08
Zirconium-95,water,kilo Becquerel,3.2816567125496083e-08
Sodium Chlorate,Emissions / Emissions to air,kilogram,3.2616412158267337e-08
Isocyanic Acid,air,kilogram,3.249832294624687e-08
Vinyl Chloride,Emissions / Emissions to air,kilogram,3.1490123198742896e-08
Waste Heat,air,megajoule,3.047032338198738e-08
Formaldehyde,Emissions / Emissions to water,kilogram,3.025507731331855e-08
Anhydrite,resources / in ground,kilogram,2.98945728672017e-08
zinc,Emissions / Emissions to soil,kilogram,2.988532220556057e-08
Rubidium,water,kilogram,2.986565147538497e-08
Chlormequat Chloride,Emissions / Emissions to soil,kilogram,2.9423078164836168e-08
"Hydrocarbons, Chlorinated",air,kilogram,2.9369979822892496e-08
Arsenic,Emissions / Emissions to water,kilogram,2.932884061356666e-08
Thorium-232,emissions to water / ocean,kilo Becquerel,2.9138429416779846e-08
Phenol,Emissions / Emissions to water,kilogram,2.821928557885567e-08
Hydrogen Peroxide,Emissions / Emissions to water,kilogram,2.7607842932114582e-08
Nitrate,Emissions / Emissions to air,kilogram,2.7552154380649976e-08
Phosphorus,Emissions / Emissions to water,kilogram,2.7303862789646118e-08
"Hydrocarbons, Aliphatic, Alkanes, Cyclic",air,kilogram,2.6794809340476664e-08
Copper(2+),Emissions / Emissions to soil,kilogram,2.6294660084233902e-08
Scandium,water,kilogram,2.5727630015796306e-08
Barium(2+),Emissions / Emissions to air,kilogram,2.565311122993757e-08
Lead(2+),Emissions / Emissions to water,kilogram,2.4923202006054498e-08
Strontium(2+),Emissions / Emissions to air,kilogram,2.4466156898651875e-08
Hexane,Emissions / Emissions to air,kilogram,2.3794828956255987e-08
Acetonitrile,Emissions / Emissions to air,kilogram,2.3711643865718854e-08
Magnesium,Emissions / Emissions to air,kilogram,2.367050345130346e-08
Iodine,natural resource,kilogram,2.3297550380332772e-08
Phosphorus,Emissions / Emissions to water,kilogram,2.321236885070347e-08
Cerium-141,water,kilo Becquerel,2.3050206641519875e-08
Ethylene Oxide,Emissions / Emissions to air,kilogram,2.2934249309651544e-08
Ethyl Benzene,Emissions / Emissions to air,kilogram,2.262718934080333e-08
Cadmium,Emissions / Emissions to air,kilogram,2.2206322127279522e-08
Butene,Emissions / Emissions to air,kilogram,2.212703328738688e-08
Cypermethrin,Emissions / Emissions to soil,kilogram,2.142819268878075e-08
Sodium bromide,resources / unspecified,kilogram,2.1197940626530547e-08
Barium-140,air,kilo Becquerel,2.1170123094240085e-08
Cinnabar,soil,kilogram,2.081338760465165e-08
Nitrite,Emissions / Emissions to water,kilogram,2.0505687831871178e-08
Molybdenum-99,water,kilo Becquerel,2.0258412684224616e-08
Trifluralin,Emissions / Emissions to soil,kilogram,2.0256587943960093e-08
Terpenes,air,kilogram,1.975970179941658e-08
"1,2-dichloroethane",Emissions / Emissions to water,kilogram,1.9453999011181774e-08
Ammonium,Emissions / Emissions to water,kilogram,1.9202602585845152e-08
Aluminium,Emissions / Emissions to water,kilogram,1.9054542768474334e-08
Lanthanum,natural resource,kilogram,1.904114150436333e-08
Sulfide ion,water,kilogram,1.8772338045451867e-08
Toluene,Emissions / Emissions to water,kilogram,1.815817958045445e-08
Acetylene,Emissions / Emissions to air,kilogram,1.7921752992465547e-08
"Radioactive species, unspecified",emissions to air / low. pop.,kilo Becquerel,1.7921671727737655e-08
Antimony-122,water,kilo Becquerel,1.7871095746427534e-08
Isobutane,Emissions / Emissions to air,kilogram,1.7849717256471306e-08
Fluorine,Emissions / Emissions to air,kilogram,1.778332192200482e-08
Sulfur hexafluoride,Emissions / Emissions to air,kilogram,1.742655131545425e-08
Potassium,soil,kilogram,1.7348524133287764e-08
Tebutam,soil,kilogram,1.7270398544493173e-08
Nickel,Emissions / Emissions to air,kilogram,1.7143562454764085e-08
Polycyclic Aromatic Hydrocarbons,Emissions / Emissions to air,kilogram,1.7030911234489038e-08
Cobalt,Resources / Resources from ground,kilogram,1.6904395090265228e-08
"Hydrocarbons, Aliphatic, Alkanes, Cyclic",air,kilogram,1.6660649566004366e-08
Titanium,Emissions / Emissions to air,kilogram,1.6348002055878458e-08
"Volume Occupied, Final Repository For Low-active Radioactive Waste",land use,cubic meter,1.630511754046894e-08
Pentachlorophenol,Emissions / Emissions to air,kilogram,1.625748691876583e-08
Molybdenum,Emissions / Emissions to air,kilogram,1.625066857293927e-08
Chlorodifluoromethane,Emissions / Emissions to air,kilogram,1.5719095899161632e-08
Boron,Emissions / Emissions to air,kilogram,1.5689419962923823e-08
Phosphorus,Emissions / Emissions to air,kilogram,1.5689419962923823e-08
Polycyclic Aromatic Hydrocarbons,Emissions / Emissions to water,kilogram,1.551546980780974e-08
Mercury,Emissions / Emissions to air,kilogram,1.5365512926877694e-08
"Acidity, unspecified",emissions to water / unspecified,kilogram,1.5089230380629827e-08
Ethanol,Emissions / Emissions to water,kilogram,1.4837623234084822e-08
Calcium,Emissions / Emissions to air,kilogram,1.4622844885619448e-08
Manganese,Emissions / Emissions to soil,kilogram,1.4527409311637883e-08
Decane,Emissions / Emissions to water,kilogram,1.4343663400230922e-08
"1,3-Butadiene",Emissions / Emissions to air,kilogram,1.4306774259376339e-08
Hexafluoroethane,Emissions / Emissions to air,kilogram,1.4153668298303994e-08
Acetaldehyde,Emissions / Emissions to water,kilogram,1.405260336792792e-08
Ethylene Oxide,Emissions / Emissions to water,kilogram,1.3654505710269327e-08
Chlorine,Emissions / Emissions to air,kilogram,1.339108452597655e-08
"1,2-dichloroethane",Emissions / Emissions to air,kilogram,1.3143080609014068e-08
Black carbon,emissions to air / unspecified,kilogram,1.3106034817477312e-08
Chromium,Emissions / Emissions to soil,kilogram,1.3022004190874327e-08
Lead,Emissions / Emissions to water,kilogram,1.2721086028224835e-08
Tebuconazole,Emissions / Emissions to soil,kilogram,1.2636384351062954e-08
Trifluoromethane,Emissions / Emissions to air,kilogram,1.2506157699699957e-08
Napropamide,Emissions / Emissions to soil,kilogram,1.2296211144495234e-08
Iron-59,water,kilo Becquerel,1.1966793020673595e-08
Thorium-228,water,kilo Becquerel,1.1768497207453714e-08
Xylene,Emissions / Emissions to water,kilogram,1.158909647658559e-08
Olivine,soil,kilogram,1.1487682999650693e-08
"Radioactive Species, Other Beta Emitters",air,kilo Becquerel,1.137915306398406e-08
Nickel,Emissions / Emissions to soil,kilogram,1.1332037693134095e-08
Benzene,Emissions / Emissions to water,kilogram,1.1190059895706372e-08
Benzo[a]pyrene,Emissions / Emissions to water,kilogram,1.0886189336081013e-08
Cadmium,Emissions / Emissions to water,kilogram,1.0658870056345204e-08
Neodymium,natural resource,kilogram,1.051993553605873e-08
Hexafluoroethane,Emissions / Emissions to air,kilogram,9.962556459408579e-09
Cadmium,Emissions / Emissions to air,kilogram,9.925738999233786e-09
CFC-114,Emissions / Emissions to air,kilogram,9.837608516581624e-09
Cerium-144,water,kilo Becquerel,9.528615509190377e-09
Water,air,cubic meter,9.184853779348226e-09
Antimony,Emissions / Emissions to air,kilogram,9.170876892961391e-09
Copper,Emissions / Emissions to soil,kilogram,9.128953084841232e-09
Cadmium,Resources / Resources from ground,kilogram,9.055538424669248e-09
Carbofuran,Emissions / Emissions to soil,kilogram,8.636989943277312e-09
Nitrate,Emissions / Emissions to air,kilogram,8.60380416733636e-09
Vanadium(2+),Emissions / Emissions to air,kilogram,8.598908469795257e-09
Phenol,Emissions / Emissions to air,kilogram,8.510677493873325e-09
Sodium Hydroxide,Emissions / Emissions to air,kilogram,8.454907566776659e-09
Endosulfan,Emissions / Emissions to soil,kilogram,8.451887348249873e-09
Acrolein,Emissions / Emissions to air,kilogram,7.775994365147724e-09
"Hydrocarbons, Aromatic",Emissions / Emissions to air,kilogram,7.726152571393662e-09
Sulfate Ion,soil,kilogram,7.701098084211123e-09
Lead(2+),Emissions / Emissions to soil,kilogram,7.657643156910513e-09
Butyl acetate,Emissions / Emissions to water,kilogram,7.527804764002867e-09
Cobalt,Emissions / Emissions to air,kilogram,7.500308397548599e-09
Mercury(2+),Emissions / Emissions to water,kilogram,7.384695167637531e-09
Sodium,air,kilogram,7.172712528569071e-09
Potassium,air,kilogram,7.1239382019215455e-09
Carbendazim,Emissions / Emissions to soil,kilogram,7.02499070125855e-09
Cesium-137,Emissions / Emissions to air,kilo Becquerel,7.010255237353422e-09
Silicon,Emissions / Emissions to water,kilogram,6.914440099772394e-09
Tert-butyl Methyl Ether,Emissions / Emissions to air,kilogram,6.885834815337606e-09
sulfur,Emissions / Emissions to water,kilogram,6.754422801010417e-09
(1S)-1-(ethylcarbamoyl)ethyl N-phenylcarbamate,Emissions / Emissions to soil,kilogram,6.688651297980141e-09
Metribuzin,Emissions / Emissions to soil,kilogram,6.6756185468427026e-09
Total Organic Carbon,soil,kilogram,6.598932174665892e-09
Ethylene,Emissions / Emissions to water,kilogram,6.480043225933352e-09
Carbon,soil,kilogram,6.442508107290999e-09
N-propanol,Emissions / Emissions to air,kilogram,6.268430444131761e-09
CFC-10,Emissions / Emissions to air,kilogram,6.177057217965287e-09
Chromium(6+),Emissions / Emissions to air,kilogram,6.020655791225749e-09
Ruthenium-103,water,kilo Becquerel,5.937943324671437e-09
acrylic acid,Emissions / Emissions to water,kilogram,5.921304343365416e-09
Ethylene Oxide,Emissions / Emissions to air,kilogram,5.917860624954206e-09
Fenpiclonil,Emissions / Emissions to soil,kilogram,5.859017674314009e-09
Lead(2+),Emissions / Emissions to water,kilogram,5.827626816587368e-09
Propaquizafop,Emissions / Emissions to soil,kilogram,5.8157790843875165e-09
Butanol,Emissions / Emissions to water,kilogram,5.812083461894869e-09
Benzaldehyde,Emissions / Emissions to air,kilogram,5.750174526175467e-09
Cesium-136,water,kilo Becquerel,5.555064218704829e-09
Silicon,Emissions / Emissions to soil,kilogram,5.527760728407388e-09
Acetaldehyde,Emissions / Emissions to water,kilogram,5.427729705785785e-09
Sodium Formate,Emissions / Emissions to water,kilogram,5.31741423329803e-09
"Chlorinated Solvents, Unspecified",water,kilogram,5.308557937168205e-09
Cerium-141,air,kilo Becquerel,5.131666686931249e-09
Tert-butyl Methyl Ether,Emissions / Emissions to air,kilogram,5.122167680772568e-09
Total Organic Carbon,air,kilogram,5.016365687191834e-09
Adsorbable Organic Halogen Compounds,Emissions / Emissions to water,kilogram,4.9796125230019526e-09
Monocrotophos,Emissions / Emissions to soil,kilogram,4.975088342536418e-09
Nitrogen,water,kilogram,4.953177452109779e-09
arsenic,Emissions / Emissions to soil,kilogram,4.943633611708706e-09
Ethanol,Emissions / Emissions to air,kilogram,4.898250052005999e-09
Chromium(3+),Emissions / Emissions to water,kilogram,4.8684886691239314e-09
Adsorbable Organic Halogen Compounds,Emissions / Emissions to water,kilogram,4.819025916584435e-09
Propanal,Emissions / Emissions to air,kilogram,4.783364590398268e-09
Chromium,Emissions / Emissions to water,kilogram,4.681288068601225e-09
Selenium,Emissions / Emissions to air,kilogram,4.6685589891429976e-09
Nitrate,soil,kilogram,4.6127463624589074e-09
Molybdenum,Emissions / Emissions to water,kilogram,4.5561535829189715e-09
Cesium,Emissions / Emissions to water,kilogram,4.511174244716549e-09
"1,2-dichlorobenzene",Emissions / Emissions to water,kilogram,4.502271032033427e-09
Cobalt-60,Emissions / Emissions to air,kilo Becquerel,4.489030450634313e-09
Sulfite,water,kilogram,4.476321996510918e-09
Uranium,air,kilogram,4.416581620732285e-09
Styrene,Emissions / Emissions to air,kilogram,4.3989379513124075e-09
2-methyl-1-propene,Emissions / Emissions to air,kilogram,4.377070562409946e-09
"Aldehydes, Unspecified",Emissions / Emissions to air,kilogram,4.271047641003917e-09
"From Agriculture, Mosaic",Land use / Land transformation,square meter,4.19045287815387e-09
Platinum,Resources / Resources from ground,kilogram,4.161595352230049e-09
Chloroacetic Acid,Emissions / Emissions to water,kilogram,4.086784217721369e-09
Glutaraldehyde,Emissions / Emissions to water,kilogram,4.026766008962956e-09
"Volume Occupied, Final Repository For Radioactive Waste",land use,cubic meter,3.993870139958847e-09
Metconazole,Emissions / Emissions to soil,kilogram,3.926742380331863e-09
Tantalum,Resources / Resources from ground,kilogram,3.897812790086127e-09
Sulfur,Emissions / Emissions to water,kilogram,3.867989384915599e-09
Silver,Emissions / Emissions to water,kilogram,3.838585877203424e-09
Propanal,Emissions / Emissions to air,kilogram,3.787951560424469e-09
Tungsten,Emissions / Emissions to air,kilogram,3.775665341736758e-09
Dichloroacetylene,Emissions / Emissions to air,kilogram,3.6854395318630223e-09
Chromium(3+),Emissions / Emissions to air,kilogram,3.614772279327037e-09
Americium-241,Emissions / Emissions to water,kilo Becquerel,3.5574063268704383e-09
Metolachlor,Emissions / Emissions to soil,kilogram,3.3262718797023395e-09
Thorium,air,kilogram,3.3167078667547583e-09
Aclonifen,Emissions / Emissions to soil,kilogram,3.2935855719821757e-09
Metaldehyde,Emissions / Emissions to soil,kilogram,3.2037805941039534e-09
Dichromate,water,kilogram,3.1905519062691155e-09
"To Urban, Continuously Built",Land use / Land transformation,square meter,3.1643509271491852e-09
Phosphorus,Emissions / Emissions to soil,kilogram,3.1195539654533556e-09
Molybdenum,Emissions / Emissions to air,kilogram,3.105284703101121e-09
Selenium,Emissions / Emissions to air,kilogram,3.0846246066247347e-09
Lithium,Resources / Resources from ground,kilogram,3.0792162492028714e-09
Silicium Tetrafluoride,air,kilogram,3.004766088097234e-09
Ethyl Cellulose,air,kilogram,2.9891647982606645e-09
Cesium,Emissions / Emissions to water,kilogram,2.9865651892903157e-09
Potassium-40,air,kilo Becquerel,2.8668471250844843e-09
Ozone,air,kilogram,2.8282226357252246e-09
Thallium,Emissions / Emissions to air,kilogram,2.761390059306594e-09
calcium,Emissions / Emissions to soil,kilogram,2.740966295727969e-09
Chlorine,Emissions / Emissions to air,kilogram,2.673744510559121e-09
Silver,Emissions / Emissions to water,kilogram,2.6597177492051507e-09
Ethyl Benzene,Emissions / Emissions to water,kilogram,2.6502214692562456e-09
Vinyl Chloride,Emissions / Emissions to air,kilogram,2.6065442277418466e-09
Potassium,air,kilogram,2.6007367244643526e-09
Butene,Emissions / Emissions to water,kilogram,2.578830482968468e-09
Ethanol,Emissions / Emissions to air,kilogram,2.5415187085941408e-09
Methyl acrylate,Emissions / Emissions to air,kilogram,2.52855381536863e-09
Fluazifop-p-butyl,Emissions / Emissions to soil,kilogram,2.5068066474168602e-09
Acrylic Acid,Emissions / Emissions to air,kilogram,2.5018697822924153e-09
Chromium(6+),Emissions / Emissions to air,kilogram,2.4954476849826677e-09
Ethanolamine,Emissions / Emissions to air,kilogram,2.396852003401639e-09
Benzo[a]pyrene,Emissions / Emissions to air,kilogram,2.370879714560338e-09
Strontium,Emissions / Emissions to air,kilogram,2.3311895772274447e-09
Hydrogen Peroxide,Emissions / Emissions to air,kilogram,2.2593278373908674e-09
Sodium Formate,Emissions / Emissions to air,kilogram,2.21333990826221e-09
Palladium,Resources / Resources from ground,kilogram,2.213087375837484e-09
Beryllium(2+),Emissions / Emissions to air,kilogram,2.2074461108134214e-09
Scandium,air,kilogram,2.1993393439414316e-09
Cumene,Emissions / Emissions to air,kilogram,2.1811535401089245e-09
Mercury(2+),Emissions / Emissions to water,kilogram,2.1419329608289163e-09
Chloroform,Emissions / Emissions to air,kilogram,2.098582493805079e-09
Isoprene,Emissions / Emissions to air,kilogram,2.089685520608307e-09
"From Urban, Continuously Built",Land use / Land transformation,square meter,2.0274345514051728e-09
Nitric oxide,Emissions / Emissions to air,kilogram,1.9804356106313927e-09
Tin atom,Emissions / Emissions to air,kilogram,1.946508580152179e-09
Chloroform,Emissions / Emissions to air,kilogram,1.925802282097255e-09
Formate,water,kilogram,1.9184563859350983e-09
lead,Emissions / Emissions to soil,kilogram,1.8909342540674525e-09
Cobalt,Emissions / Emissions to water,kilogram,1.88729988447002e-09
Formic Acid,Emissions / Emissions to air,kilogram,1.8472044286296615e-09
Lanthanum-140,air,kilo Becquerel,1.8091683589793942e-09
Sulfur,Emissions / Emissions to soil,kilogram,1.8069821209630256e-09
Borax (B4Na2O7.10H2O),water,kilogram,1.8051190041145305e-09
"Nitrogen, Total (excluding N2)",Emissions / Emissions to water,kilogram,1.7990103313340976e-09
Sulfuric acid,Emissions / Emissions to air,kilogram,1.7601318862787193e-09
Vanadium(2+),Emissions / Emissions to water,kilogram,1.7524048185825092e-09
Titanium,Emissions / Emissions to air,kilogram,1.7361950345112934e-09
Helium,air,kilogram,1.7103597718601971e-09
Vinyl Acetate,Emissions / Emissions to air,kilogram,1.7007541090221179e-09
Bentazon,Emissions / Emissions to soil,kilogram,1.6953066937394395e-09
Nitric Acid,Emissions / Emissions to air,kilogram,1.6801550798297438e-09
Tellurium-132,water,kilo Becquerel,1.6645423543606772e-09
Cadmium(2+),Emissions / Emissions to soil,kilogram,1.650184193140093e-09
Bromotrifluoromethane,Emissions / Emissions to air,kilogram,1.6335232657240913e-09
Chlorine,Emissions / Emissions to soil,kilogram,1.5973200607661875e-09
Chloride,Emissions / Emissions to air,kilogram,1.5842721319635975e-09
O-xylene,Emissions / Emissions to air,kilogram,1.575130010429127e-09
Cesium-134,Emissions / Emissions to air,kilo Becquerel,1.5452660513811645e-09
Tin atom,Emissions / Emissions to air,kilogram,1.5416360044797679e-09
Tellurium,Resources / Resources from ground,kilogram,1.54078791505744e-09
Dimethyl Formamide,Emissions / Emissions to air,kilogram,1.5278859660032463e-09
Chloroethane,Emissions / Emissions to air,kilogram,1.4418592652640437e-09
Silver,Emissions / Emissions to air,kilogram,1.3980166787719776e-09
Phosphorus,Emissions / Emissions to air,kilogram,1.3802495697349232e-09
Indium,Resources / Resources from ground,kilogram,1.3658436638600775e-09
Barium,Emissions / Emissions to water,kilogram,1.3259259873044154e-09
Ethyl Acetate,Emissions / Emissions to air,kilogram,1.289449714479852e-09
Cadmium,Emissions / Emissions to air,kilogram,1.2755626677671213e-09
Cobalt-60,Emissions / Emissions to air,kilo Becquerel,1.1917187494410884e-09
Beryllium,Emissions / Emissions to air,kilogram,1.1786199229157342e-09
Titanium,Emissions / Emissions to soil,kilogram,1.162726706367606e-09
Arsenic,Emissions / Emissions to air,kilogram,1.1613264265114753e-09
Zirconium-95,air,kilo Becquerel,1.160734743043213e-09
Praseodymium,natural resource,kilogram,1.1162059891512938e-09
Prochloraz,Emissions / Emissions to soil,kilogram,1.0941676991154148e-09
Titanium,Emissions / Emissions to water,kilogram,1.0639389742426666e-09
Methanol,Emissions / Emissions to water,kilogram,1.0368815812045167e-09
Chloride,Emissions / Emissions to soil,kilogram,1.0186328644403927e-09
Hcfc 124,Emissions / Emissions to air,kilogram,9.964277296283513e-10
Cfc 113,Emissions / Emissions to air,kilogram,9.964263774179473e-10
Volatile Organic Compound,Emissions / Emissions to air,kilogram,9.953731771593856e-10
Aluminium,Emissions / Emissions to soil,kilogram,9.949925462785821e-10
"1,3-Butadiene",Emissions / Emissions to air,kilogram,9.84649389436563e-10
CFC-10,Emissions / Emissions to air,kilogram,9.353299148445315e-10
iodide,Emissions / Emissions to water,kilogram,9.326823025165114e-10
Sodium Dichromate,air,kilogram,9.198796895530064e-10
Radium-228,air,kilo Becquerel,8.913366291510289e-10
Molybdenum,Emissions / Emissions to water,kilogram,8.7172902128686e-10
Triethylene Glycol,Emissions / Emissions to water,kilogram,8.615307005054512e-10
Antimony,Emissions / Emissions to air,kilogram,8.418713816845212e-10
Zinc-65,air,kilo Becquerel,8.408650162948415e-10
"Oils, Unspecified",Emissions / Emissions to air,kilogram,8.396673799636689e-10
Samarium,natural resource,kilogram,7.965094688369413e-10
Thorium-232,emissions to air / unspecified,kilo Becquerel,7.542078869934408e-10
Mercury,Emissions / Emissions to air,kilogram,6.428836003633133e-10
Carbon disulfide,Emissions / Emissions to water,kilogram,6.418391134673365e-10
Carbon Monoxide (fossil),Emissions / Emissions to air,kilogram,6.41135041884866e-10
Tin atom,Emissions / Emissions to soil,kilogram,6.270522126036926e-10
Uranium-234,Emissions / Emissions to water,kilo Becquerel,5.774808201475715e-10
Potassium,Resources / Resources from ground,kilogram,5.634629247678759e-10
Cobalt-58,Emissions / Emissions to air,kilo Becquerel,5.540541631201319e-10
HFC-134a,Emissions / Emissions to air,kilogram,5.468403924669802e-10
Arsenic,Emissions / Emissions to soil,kilogram,5.437389632955466e-10
HFC-134a,Emissions / Emissions to air,kilogram,5.394244972964439e-10
Methyl Acetate,Emissions / Emissions to air,kilogram,5.337234259787213e-10
Gallium,Resources / Resources from ground,kilogram,5.309905399501673e-10
Trichloroethylene,Emissions / Emissions to air,kilogram,5.066520776158192e-10
"Particulates, unspecified",emissions to air / unspecified,kilogram,4.928809732473341e-10
Acetone,Emissions / Emissions to air,kilogram,4.866481347264655e-10
Feldspar,soil,kilogram,4.809513511786442e-10
Thorium-228,air,kilo Becquerel,4.799504806269088e-10
Thallium,Emissions / Emissions to air,kilogram,4.761589779082623e-10
Linuron,Emissions / Emissions to soil,kilogram,4.667491184879517e-10
Total Organic Carbon,air,kilogram,4.629513280490833e-10
Antimony-125,air,kilo Becquerel,4.625925167690477e-10
Tin-San,water,kilogram,4.5365854602209853e-10
Teflubenzuron,Emissions / Emissions to soil,kilogram,4.4504121844993963e-10
Titanium,Emissions / Emissions to soil,kilogram,4.4274952466722053e-10
"Wood, unspecified, standing/m3",resources / biotic,cubic meter,4.3682293499922053e-10
Benzo[a]pyrene,Emissions / Emissions to air,kilogram,4.3629153201000726e-10
Deltamethrin,Emissions / Emissions to soil,kilogram,4.1611511302263515e-10
Sulfur Trioxide,Emissions / Emissions to air,kilogram,4.0154431068945086e-10
Gadolinium,natural resource,kilogram,3.989378955440927e-10
Phosphorus Trichloride,Emissions / Emissions to air,kilogram,3.973409724504237e-10
Selenium,Emissions / Emissions to water,kilogram,3.907216782358061e-10
Barium,Emissions / Emissions to soil,kilogram,3.8505353665866294e-10
Tin atom,Emissions / Emissions to water,kilogram,3.779232156944281e-10
Chlorotrimethylsilane,Emissions / Emissions to air,kilogram,3.5868262260592063e-10
Hexachlorobenzene,Emissions / Emissions to air,kilogram,3.4401658727025215e-10
Carbon Monoxide (biogenic),Emissions / Emissions to air,kilogram,3.438954541860078e-10
Sulfur Dioxide,Emissions / Emissions to air,kilogram,3.374782405845227e-10
Ethylenediamine,Emissions / Emissions to water,kilogram,3.3500522729589174e-10
Polychlorinated Biphenyls,Emissions / Emissions to air,kilogram,3.3494885315146597e-10
Chromium-51,air,kilo Becquerel,3.2883627750249104e-10
Monochloramine,Emissions / Emissions to water,kilogram,3.2732412215683893e-10
Vanadium,Emissions / Emissions to water,kilogram,3.2340499550413826e-10
Chloroform,Emissions / Emissions to water,kilogram,3.0466024452858715e-10
Carbon disulfide,Emissions / Emissions to air,kilogram,2.9656846609523726e-10
Mercury(2+),Emissions / Emissions to water,kilogram,2.9281920902085527e-10
Lambda-cyhalothrin,Emissions / Emissions to soil,kilogram,2.927316155266485e-10
Radium-228,water,kilo Becquerel,2.8837866556588066e-10
Octane,Emissions / Emissions to air,kilogram,2.710320713873903e-10
Bromine,Emissions / Emissions to air,kilogram,2.7101981479585287e-10
Isoproturon,Emissions / Emissions to soil,kilogram,2.673453344640214e-10
Thorium-232,emissions to water / groundwater,kilo Becquerel,2.636468780636719e-10
Uranium-235,Emissions / Emissions to air,kilo Becquerel,2.6231053414304383e-10
"Unspecified, Used",Land use / Land occupation,square meter-year,2.5467401885343206e-10
Cobalt,Emissions / Emissions to soil,kilogram,2.495628516850268e-10
tin,Emissions / Emissions to soil,kilogram,2.4550748506887636e-10
Clomazone,Emissions / Emissions to soil,kilogram,2.454679852910777e-10
Ethephon,Emissions / Emissions to soil,kilogram,2.450581733298278e-10
Cobalt,Emissions / Emissions to air,kilogram,2.425182359886637e-10
Barium(2+),Emissions / Emissions to soil,kilogram,2.4003246944343565e-10
Bromochlorodifluoromethane,Emissions / Emissions to air,kilogram,2.358700195074984e-10
Antimony-124,air,kilo Becquerel,2.2754793598845248e-10
Nitrobenzene,Emissions / Emissions to water,kilogram,2.2674292844349265e-10
Antimony,Emissions / Emissions to water,kilogram,2.1533542295747648e-10
Atrazine,Emissions / Emissions to soil,kilogram,2.1506348213531262e-10
Acenaphthene,Emissions / Emissions to water,kilogram,2.1276197745055568e-10
Chlorodifluoromethane,Emissions / Emissions to air,kilogram,2.1257129008173703e-10
"Hydrocarbons, Aliphatic, Unsaturated",air,kilogram,2.0239885597849866e-10
Chlorodifluoromethane,Emissions / Emissions to air,kilogram,2.007673468101754e-10
Iodine-131,Emissions / Emissions to water,kilo Becquerel,1.9057840306065247e-10
"1,4-Butanediol",Emissions / Emissions to air,kilogram,1.9049282964656296e-10
CFC-12,Emissions / Emissions to air,kilogram,1.8303063619231643e-10
Chloroacetic Acid,Emissions / Emissions to air,kilogram,1.7912531085982602e-10
Carbon disulfide,Emissions / Emissions to air,kilogram,1.7686394869046203e-10
Methyl Chloride,Emissions / Emissions to air,kilogram,1.7131132556417012e-10
Lithium,Emissions / Emissions to water,kilogram,1.7039061573268465e-10
Manganese-54,air,kilo Becquerel,1.684005865009387e-10
Trinexapac-ethyl,Emissions / Emissions to soil,kilogram,1.6816289804825624e-10
Mercury(2+),Emissions / Emissions to air,kilogram,1.6300133455114066e-10
Pirimicarb,Emissions / Emissions to soil,kilogram,1.6164651532923284e-10
Europium,natural resource,kilogram,1.5984837649015633e-10
Manganese,Emissions / Emissions to soil,kilogram,1.566826787805093e-10
Beryllium(2+),Emissions / Emissions to water,kilogram,1.5646364356289244e-10
Boron,Emissions / Emissions to air,kilogram,1.5490503865616738e-10
Silver(1+),Emissions / Emissions to air,kilogram,1.466804031071455e-10
Molybdenum,Emissions / Emissions to soil,kilogram,1.4548430522285196e-10
Cfc 113,Emissions / Emissions to air,kilogram,1.4455783994087293e-10
Acenaphthene,Emissions / Emissions to water,kilogram,1.4075854853710598e-10
Zirconium,Emissions / Emissions to air,kilogram,1.3999795140868548e-10
Trifluoromethane,Emissions / Emissions to air,kilogram,1.368773328219006e-10
Cyanide,Emissions / Emissions to air,kilogram,1.359552177805993e-10
Cobalt-58,Emissions / Emissions to air,kilo Becquerel,1.2752896255729402e-10
Trifluoromethane,Emissions / Emissions to air,kilogram,1.1768435747286891e-10
Acetochlor,Emissions / Emissions to soil,kilogram,1.1630367767660307e-10
Bis(tributyltin) oxide,Emissions / Emissions to water,kilogram,1.1559185241969824e-10
Tert-butyl Methyl Ether,Emissions / Emissions to water,kilogram,1.1484111230877628e-10
Uranium,emissions to water / unspecified,kilogram,1.0903425253286136e-10
Kerosene,Emissions / Emissions to air,kilogram,1.0542160537704496e-10
Acenaphthylene,Emissions / Emissions to water,kilogram,1.0533807831725796e-10
Dichloromethane,Emissions / Emissions to air,kilogram,1.0527963390812562e-10
Vinyl Chloride,Emissions / Emissions to water,kilogram,1.0472655165722891e-10
Gamma-Butyrolactone,Emissions / Emissions to water,kilogram,1.0398838077088361e-10
Tributyltin,Emissions / Emissions to water,kilogram,9.80902103939607e-11
Magnesium,Emissions / Emissions to water,kilogram,9.710200074247102e-11
Nickel,Emissions / Emissions to soil,kilogram,9.637729886698457e-11
Octene,Emissions / Emissions to air,kilogram,9.496164853787738e-11
Isopropanol,Emissions / Emissions to air,kilogram,9.24068994034278e-11
Metamitron,Emissions / Emissions to soil,kilogram,9.234603540826675e-11
Dimethylamine,Emissions / Emissions to water,kilogram,9.214047567169967e-11
Aldrin,Emissions / Emissions to soil,kilogram,9.162113446401278e-11
Aniline,Emissions / Emissions to water,kilogram,9.011893076183494e-11
Mercury,Emissions / Emissions to soil,kilogram,8.603753573883918e-11
Nitrogen Trifluoride,Emissions / Emissions to air,kilogram,8.359550328490413e-11
Methyl Chloride,Emissions / Emissions to air,kilogram,7.800392739812421e-11
Propionic Acid,Emissions / Emissions to water,kilogram,7.650218411652192e-11
"1,4-Butanediol",Emissions / Emissions to water,kilogram,7.619768249622273e-11
Cobalt,Emissions / Emissions to water,kilogram,7.394036512687697e-11
Scandium,air,kilogram,7.298510960452992e-11
Acenaphthylene,Emissions / Emissions to water,kilogram,6.960644565766906e-11
"Aldehydes, Unspecified",Emissions / Emissions to air,kilogram,6.86907072982867e-11
"1,2-dichloroethane",Emissions / Emissions to water,kilogram,6.833351953000882e-11
Tin(2+),Emissions / Emissions to water,kilogram,6.797409212341763e-11
Plutonium,Emissions / Emissions to air,kilo Becquerel,6.729967337632087e-11
Diatomite,soil,kilogram,6.672498066669754e-11
Naphthalene,Emissions / Emissions to water,kilogram,6.491190668553831e-11
"Trans-1,2-Dichloroethylene",Emissions / Emissions to air,kilogram,6.458710932115273e-11
"Hydrocarbons, Aliphatic, Alkanes, Cyclic",air,kilogram,6.271478847441616e-11
Water,air,cubic meter,6.252058910190191e-11
Silver-110,air,kilo Becquerel,6.187669164848458e-11
Stibnite,resources / in ground,kilogram,6.175795761476953e-11
bromine,Emissions / Emissions to soil,kilogram,6.137623143397665e-11
selenium,Emissions / Emissions to soil,kilogram,6.137623143397665e-11
Molybdenum,Emissions / Emissions to water,kilogram,5.984133081435924e-11
Methyl Chloride,Emissions / Emissions to air,kilogram,5.7354546233413775e-11
Sulfuric acid,Emissions / Emissions to air,kilogram,5.694858655603657e-11
Nitrobenzene,Emissions / Emissions to air,kilogram,5.657976171565669e-11
HFC-152a,Emissions / Emissions to air,kilogram,5.60691442706527e-11
Pendimethalin,Emissions / Emissions to soil,kilogram,5.464252152855092e-11
Fenpropimorph,Emissions / Emissions to soil,kilogram,5.352350591906876e-11
Dimethoate,Emissions / Emissions to soil,kilogram,5.2621851622905876e-11
O-chlorotoluene,Emissions / Emissions to water,kilogram,4.860311645580156e-11
Rhodium,natural resource,kilogram,4.644290184376813e-11
Diethylamine,Emissions / Emissions to water,kilogram,4.520544837979055e-11
Methylamine,Emissions / Emissions to water,kilogram,4.5204503114634183e-11
Isobutanol,Emissions / Emissions to water,kilogram,4.4680339383845205e-11
Chromium(3+),Emissions / Emissions to soil,kilogram,4.379882751457845e-11
Fluoride Ion,Emissions / Emissions to air,kilogram,4.354991263281671e-11
Gamma-Butyrolactone,Emissions / Emissions to air,kilogram,4.3327702446882166e-11
Acetone,Emissions / Emissions to water,kilogram,4.320627497101624e-11
Ethyl Acetate,Emissions / Emissions to water,kilogram,4.072870758435046e-11
Cobalt,Emissions / Emissions to soil,kilogram,3.93184014429378e-11
Spiroxamine,Emissions / Emissions to soil,kilogram,3.7949806068677956e-11
Formamide,Emissions / Emissions to water,kilogram,3.7947319995976664e-11
Aniline,Emissions / Emissions to air,kilogram,3.748273237936636e-11
Monochloramine,Emissions / Emissions to air,kilogram,3.665569659590306e-11
Antimony-124,air,kilo Becquerel,3.39676139402672e-11
Bromine,Emissions / Emissions to water,kilogram,3.318025800985848e-11
Cyclohexane,Emissions / Emissions to air,kilogram,3.2829642841031576e-11
CFC-12,Emissions / Emissions to air,kilogram,3.2510712151000984e-11
M-xylene,Emissions / Emissions to water,kilogram,3.1422818657563006e-11
Dichloromethane,Emissions / Emissions to air,kilogram,3.141099502617043e-11
"Benzene, chloro-","emissions to water / river, long-term",kilogram,3.136966049515775e-11
Ethyl Amine,Emissions / Emissions to water,kilogram,3.0743583051658485e-11
Urea,Emissions / Emissions to water,kilogram,3.0493792085436714e-11
Vinyl Chloride,Emissions / Emissions to water,kilogram,2.9634486293337875e-11
Cyclohexane,Emissions / Emissions to air,kilogram,2.926446234546799e-11
N-propanol,Emissions / Emissions to water,kilogram,2.921123502119423e-11
Magnesium,Emissions / Emissions to air,kilogram,2.8225728714511432e-11
Iodine,Emissions / Emissions to air,kilogram,2.8068533441588596e-11
Thiram,Emissions / Emissions to soil,kilogram,2.7949623454185132e-11
Fluorine,Emissions / Emissions to air,kilogram,2.7411747058688994e-11
Ioxynil,Emissions / Emissions to soil,kilogram,2.7329816477771432e-11
Propanal,Emissions / Emissions to water,kilogram,2.712966279211544e-11
"8-(N-Indolyl)-2,6-dimethyl-7-octen-2-ol",Emissions / Emissions to water,kilogram,2.5652590437202783e-11
O-chlorotoluene,Emissions / Emissions to air,kilogram,2.490571600158526e-11
sea water,Emissions / Emissions to air,kilogram,2.4679045971457517e-11
Fluoride Ion,Emissions / Emissions to air,kilogram,2.4230964958880656e-11
Ethofumesate,Emissions / Emissions to soil,kilogram,2.4229031863216477e-11
Dichlorobenzene,Emissions / Emissions to air,kilogram,2.421716818918296e-11
Dipropylamine,Emissions / Emissions to water,kilogram,2.377218608434153e-11
Dichlorprop-P,Emissions / Emissions to soil,kilogram,2.2999265617356948e-11
Phosphorus,Emissions / Emissions to soil,kilogram,2.2882606709854644e-11
Methyl Ethyl Ketone,Emissions / Emissions to air,kilogram,2.27166437894861e-11
"2,4-dichlorophenol",Emissions / Emissions to air,kilogram,2.236041991586992e-11
Diflufenican,Emissions / Emissions to soil,kilogram,2.2309815688296178e-11
Dichloromethane,Emissions / Emissions to air,kilogram,2.1540660635637394e-11
Fenpropidin,Emissions / Emissions to soil,kilogram,2.1044821043829525e-11
Pentan-1-ol,Emissions / Emissions to water,kilogram,2.0748165611133858e-11
Niobium-95,air,kilo Becquerel,2.0647154726093335e-11
Granite,soil,kilogram,2.032907868531596e-11
Isopropanol,Emissions / Emissions to water,kilogram,1.9938496037578436e-11
Chlortoluron,Emissions / Emissions to soil,kilogram,1.8900069507504575e-11
Methylamine,Emissions / Emissions to air,kilogram,1.88354772313949e-11
Diethylamine,Emissions / Emissions to air,kilogram,1.8835336401044308e-11
Lactic Acid,Emissions / Emissions to water,kilogram,1.862175446849959e-11
Isobutanol,Emissions / Emissions to air,kilogram,1.8617080475907235e-11
"Metals, unspecified",emissions to air / unspecified,kilogram,1.7914142122630133e-11
Phenmedipham,Emissions / Emissions to soil,kilogram,1.691460718024505e-11
Chloroform,Emissions / Emissions to water,kilogram,1.690274060545728e-11
Chlorosulfonic acid,Emissions / Emissions to water,kilogram,1.6901953979147958e-11
Azoxystrobin,Emissions / Emissions to soil,kilogram,1.667455851759695e-11
Nitric Acid,Emissions / Emissions to water,kilogram,1.6427608792158574e-11
Thallium,Emissions / Emissions to water,kilogram,1.6350574116623053e-11
Acetyl Chloride,Emissions / Emissions to water,kilogram,1.6299061399179626e-11
Phosphorus,Emissions / Emissions to air,kilogram,1.592747091404851e-11
Formamide,Emissions / Emissions to air,kilogram,1.5811014878005403e-11
Benomyl,Emissions / Emissions to soil,kilogram,1.575408536379167e-11
1-pentene,Emissions / Emissions to water,kilogram,1.5678988397596364e-11
"1,2-dichlorobenzene",Emissions / Emissions to air,kilogram,1.5209638971394243e-11
Tert-butylamine,Emissions / Emissions to water,kilogram,1.4938499661604388e-11
Cadmium,Emissions / Emissions to soil,kilogram,1.4795583563325442e-11
Tert-butyl Methyl Ether,Emissions / Emissions to water,kilogram,1.4578117791051814e-11
CFC-10,Emissions / Emissions to water,kilogram,1.431803883094719e-11
Ammonia,Emissions / Emissions to soil,kilogram,1.3441367281729564e-11
Flurtamone,Emissions / Emissions to soil,kilogram,1.3416194121037167e-11
Ethyl Amine,Emissions / Emissions to air,kilogram,1.2809749862473707e-11
Propionic Acid,Emissions / Emissions to air,kilogram,1.2603192209155755e-11
Vanadium(2+),Emissions / Emissions to soil,kilogram,1.257374903526641e-11
Formic Acid,Emissions / Emissions to air,kilogram,1.2031373255035398e-11
Polycyclic Aromatic Hydrocarbons,Emissions / Emissions to soil,kilogram,1.2008210065631925e-11
Chloroacetyl Chloride,Emissions / Emissions to water,kilogram,1.1981298905339383e-11
Beryllium,Emissions / Emissions to water,kilogram,1.1960673428254922e-11
Mecoprop-P,Emissions / Emissions to soil,kilogram,1.1959963082405852e-11
Plutonium,Emissions / Emissions to water,kilo Becquerel,1.1695326088975249e-11
Arsenic,Emissions / Emissions to soil,kilogram,1.1683430684212604e-11
Vinyl Acetate,Emissions / Emissions to water,kilogram,1.1378972411543803e-11
Thorium,air,kilogram,1.1269191358903984e-11
Formic Acid,Emissions / Emissions to water,kilogram,1.101559732259835e-11
Chloroform,Emissions / Emissions to air,kilogram,1.0613271125469194e-11
Tert-butyl Methyl Ether,Emissions / Emissions to water,kilogram,1.0260172781414673e-11
Ethyl Benzene,Emissions / Emissions to air,kilogram,1.0184451587903212e-11
Thallium,Emissions / Emissions to air,kilogram,1.002900263131115e-11
Dipropylamine,Emissions / Emissions to air,kilogram,9.90497168007069e-12
Dimethenamid,Emissions / Emissions to soil,kilogram,9.841064854929753e-12
"2,3,7,8-tetrachlorodibenzo-p-dioxin",Emissions / Emissions to air,kilogram,9.796688259368005e-12
Propylamine,Emissions / Emissions to water,kilogram,9.751065162113963e-12
Chlorpyrifos,Emissions / Emissions to soil,kilogram,9.417267661663897e-12
Butanol,Emissions / Emissions to air,kilogram,9.411495712313287e-12
(4-Chloro-2-methylphenoxy)acetic acid,Emissions / Emissions to soil,kilogram,9.200071809067207e-12
Beryllium(2+),Emissions / Emissions to air,kilogram,9.037990395259813e-12
L-Alaninol,water,kilogram,8.983617900396572e-12
1-pentene,Emissions / Emissions to air,kilogram,8.92191860613497e-12
Cyprodinil,Emissions / Emissions to soil,kilogram,8.739741535331336e-12
Pentan-1-ol,Emissions / Emissions to air,kilogram,8.64502884400079e-12
Isopropylamine,Emissions / Emissions to water,kilogram,8.642783365213211e-12
Molybdenum,Emissions / Emissions to soil,kilogram,8.629882542705342e-12
Methyl Lactate,Emissions / Emissions to air,kilogram,8.518037281015671e-12
Strontium,Emissions / Emissions to water,kilogram,8.441497383152333e-12
Tungsten,Emissions / Emissions to air,kilogram,8.265646077452819e-12
Antimony,Emissions / Emissions to soil,kilogram,8.251576053820359e-12
"1,1,2,2-tetrachloroethane",Emissions / Emissions to air,kilogram,8.220135113397386e-12
Antimony,Emissions / Emissions to soil,kilogram,8.203273610980502e-12
Particles (PM2.5),Emissions / Emissions to air,kilogram,8.106433994119823e-12
Alachlor,Emissions / Emissions to soil,kilogram,8.09891661810297e-12
kresoxim methyl,Emissions / Emissions to soil,kilogram,7.85826931888838e-12
Dichromate,water,kilogram,7.818437846977333e-12
Methyl Formate,Emissions / Emissions to air,kilogram,7.793140504312346e-12
Lactic Acid,Emissions / Emissions to air,kilogram,7.75903131831254e-12
Hexachlorobenzene,Emissions / Emissions to air,kilogram,7.577114186745204e-12
Cyproconazole,Emissions / Emissions to soil,kilogram,7.421190910994023e-12
Uranium,air,kilogram,7.280148327846238e-12
Hexachlorobenzene,Emissions / Emissions to air,kilogram,7.229853501697011e-12
Dimethyl Malonate,Emissions / Emissions to air,kilogram,6.96063548802058e-12
Chlorosulfonic acid,Emissions / Emissions to air,kilogram,6.777792374235241e-12
Bas 480f,Emissions / Emissions to soil,kilogram,6.612347584223141e-12
Phosphate,Emissions / Emissions to soil,kilogram,6.432982655244268e-12
CFC-10,Emissions / Emissions to water,kilogram,6.306890570375578e-12
Tert-butylamine,Emissions / Emissions to air,kilogram,6.224327024051937e-12
antimony,Emissions / Emissions to soil,kilogram,6.137623613529315e-12
Methyl Cyclopentane,Emissions / Emissions to water,kilogram,5.9951780266109225e-12
Uranium,air,kilogram,5.732793714508646e-12
Methanesulfonic Acid,Emissions / Emissions to air,kilogram,5.6091722429639065e-12
Sodium carbonate,Emissions / Emissions to air,kilogram,5.5792963363989416e-12
Propiconazole,Emissions / Emissions to soil,kilogram,5.558186172532398e-12
Cyanoacetic Acid,Emissions / Emissions to air,kilogram,5.55072549941899e-12
Selenium,Emissions / Emissions to water,kilogram,5.394815990164379e-12
Oxydemeton-methyl,Emissions / Emissions to soil,kilogram,5.363551369348643e-12
Uranium alpha,emissions to water / unspecified,kilo Becquerel,5.294916033277635e-12
Terbufos,Emissions / Emissions to soil,kilogram,5.2735994753595095e-12
Dithianon,Emissions / Emissions to soil,kilogram,5.059973825677807e-12
Trimethylamine,Emissions / Emissions to water,kilogram,5.025540730052796e-12
Simazine,Emissions / Emissions to soil,kilogram,4.7556898329600986e-12
Tetrachloroethylene,Emissions / Emissions to air,kilogram,4.652686400231511e-12
Acetonitrile,Emissions / Emissions to water,kilogram,4.647962017846306e-12
Flusilazole,Emissions / Emissions to soil,kilogram,4.618193126952051e-12
Rhenium,Resources / Resources from ground,kilogram,4.616281784545946e-12
"Pesticides, Unspecified",soil,kilogram,4.525729325405738e-12
"1,3-Butadiene",Emissions / Emissions to air,kilogram,4.5210476073181014e-12
Ruthenium-103,air,kilo Becquerel,4.392069291631145e-12
"1,2-dichloroethane",Emissions / Emissions to air,kilogram,4.3257122191325335e-12
Methyl Formate,Emissions / Emissions to air,kilogram,4.1697860077767986e-12
Plutonium,Emissions / Emissions to air,kilo Becquerel,4.123823532521773e-12
2-Nitrobenzoic Acid,air,kilogram,4.0832362895928136e-12
Propylamine,Emissions / Emissions to air,kilogram,4.062967679348498e-12
Lithium,Emissions / Emissions to soil,kilogram,4.002662875767531e-12
Sulfuric acid,Emissions / Emissions to soil,kilogram,3.949266748923484e-12
Parathion,Emissions / Emissions to soil,kilogram,3.944417995678621e-12
Curium,Emissions / Emissions to water,kilo Becquerel,3.898314984675894e-12
Sulfur,Emissions / Emissions to air,kilogram,3.854903568718566e-12
Sodium Dichromate,air,kilogram,3.757529690166598e-12
L-Alaninol,air,kilogram,3.732824244897964e-12
Isopropylamine,Emissions / Emissions to air,kilogram,3.6011310948833106e-12
2-nitrotoluene,Emissions / Emissions to air,kilogram,3.5259616510862176e-12
Ethylene Oxide,Emissions / Emissions to water,kilogram,3.52412374159924e-12
Cerium,Emissions / Emissions to water,kilogram,3.476883086389231e-12
Furan,Emissions / Emissions to air,kilogram,3.416338223922054e-12
Trimethyl borate,Emissions / Emissions to air,kilogram,3.397860847215523e-12
Dicamba,Emissions / Emissions to soil,kilogram,3.3901849142744628e-12
Pentachlorobenzene,Emissions / Emissions to air,kilogram,3.254983592036015e-12
Vanadium,Emissions / Emissions to soil,kilogram,3.1686624944037364e-12
Anthranilic Acid,Emissions / Emissions to air,kilogram,3.1626718149666063e-12
Pentachlorophenol,Emissions / Emissions to air,kilogram,3.1289424789688586e-12
Methyl Formate,Emissions / Emissions to water,kilogram,3.1113522355322954e-12
Mesotrione,Emissions / Emissions to soil,kilogram,3.0606950263808274e-12
Methanethiol,Emissions / Emissions to air,kilogram,3.0164259709454454e-12
Chromium(3+),Emissions / Emissions to water,kilogram,2.8621337357183424e-12
Triadimenol,Emissions / Emissions to soil,kilogram,2.7792237714585604e-12
Lead,Emissions / Emissions to soil,kilogram,2.737663273751874e-12
Phosphine,Emissions / Emissions to air,kilogram,2.7113883870230545e-12
Tetrachloroethylene,Emissions / Emissions to air,kilogram,2.7079006507217266e-12
Trichloroethane,Emissions / Emissions to air,kilogram,2.544335079886196e-12
Glufosinate,soil,kilogram,2.330691041355311e-12
Methyl Acetate,Emissions / Emissions to water,kilogram,2.269133697140683e-12
HCFC-140,Emissions / Emissions to air,kilogram,2.1729618550537362e-12
"Ethane, 1,1,1-trichloro-, HCFC-140",emissions to air / low. pop.,kilogram,2.1655361720161433e-12
"1,1-dichloroethane",Emissions / Emissions to air,kilogram,2.0994141749413443e-12
Acetamide,Emissions / Emissions to soil,kilogram,1.9777220888958953e-12
Tebupirimfos,Emissions / Emissions to soil,kilogram,1.9777220888958953e-12
1-pentene,Emissions / Emissions to air,kilogram,1.9623792592559252e-12
Trimethylamine,Emissions / Emissions to air,kilogram,1.960678151388277e-12
Vanadium,Resources / Resources from ground,kilogram,1.8790869332843326e-12
Plutonium-238,Emissions / Emissions to air,kilo Becquerel,1.7989322880415454e-12
Acetonitrile,Emissions / Emissions to air,kilogram,1.7988577424810082e-12
Platinum,air,kilogram,1.5646506136314722e-12
"2,3,5,6-tetrafluoro-4-methylbenzyl 3-[(1Z)-2-chloro-3,3,3-trifluoroprop-1-en-1-yl]-2,2-dimethylcyclopropanecarboxylate",Emissions / Emissions to soil,kilogram,1.5538461523555118e-12
Fluroxypyr,Emissions / Emissions to soil,kilogram,1.5179661294695917e-12
Vinylidene chloride,Emissions / Emissions to air,kilogram,1.4375936705284028e-12
Pyrite,soil,kilogram,1.3966991673671907e-12
Anthracene,Emissions / Emissions to water,kilogram,1.3228333512023628e-12
Fenbuconazole,Emissions / Emissions to soil,kilogram,1.3224434095073378e-12
Lithium,Emissions / Emissions to air,kilogram,1.297526590236299e-12
Naphthalene,Emissions / Emissions to air,kilogram,1.2895336262069693e-12
Silver(1+),Emissions / Emissions to air,kilogram,1.2745732454867036e-12
Bromoxynil,Emissions / Emissions to soil,kilogram,1.2713340794120688e-12
Dichloroacetylene,Emissions / Emissions to air,kilogram,1.2521440581504837e-12
Paraquat,Emissions / Emissions to soil,kilogram,1.200701139721546e-12
"Fungicides, Unspecified",Emissions / Emissions to soil,kilogram,1.1565791883388658e-12
Fluquinconazole,Emissions / Emissions to soil,kilogram,1.1499632363160773e-12
Isoxaflutole,Emissions / Emissions to soil,kilogram,1.1300682000310316e-12
Sulfide ion,soil,kilogram,1.1218145642801727e-12
Pentachlorophenol,Emissions / Emissions to air,kilogram,9.766707657369823e-13
Methyl Acetate,Emissions / Emissions to air,kilogram,9.454714083793776e-13
Tetramethyl Ammonium Hydroxide,Emissions / Emissions to air,kilogram,8.067818529336578e-13
Terpenes,air,kilogram,7.700940779799708e-13
PFC-318,Emissions / Emissions to air,kilogram,7.548601077813978e-13
"Propane, perfluorocyclo-",emissions to air / high. pop.,kilogram,7.548601077813978e-13
Propanal,Emissions / Emissions to air,kilogram,7.485642087755871e-13
CFC-114,Emissions / Emissions to air,kilogram,7.367723861788435e-13
Flumetsulam,Emissions / Emissions to soil,kilogram,6.592146153694271e-13
Fluorine,Emissions / Emissions to water,kilogram,6.346586307756619e-13
Dichlorofluoromethane,Emissions / Emissions to air,kilogram,6.302482764359137e-13
Ozone,air,kilogram,6.247909348946823e-13
Silicon,Resources / Resources from ground,kilogram,6.192103420359076e-13
"2-Propenoic acid, 2-chloro-3-(2-chloro-5-(1,3,4,5,6,7-hexahydro-1,3-dioxo-2H-isoindol-2-yl)phenyl)-, ethyl ester, (2Z)-",soil,kilogram,6.133206810615767e-13
Cumene,Emissions / Emissions to air,kilogram,5.896261855277981e-13
Fipronil,Emissions / Emissions to soil,kilogram,5.650438873151747e-13
Magnesium,Resources / Resources from ground,kilogram,5.581227589491029e-13
Nicosulfuron,Emissions / Emissions to soil,kilogram,5.179487359883896e-13
Thorium-234,air,kilo Becquerel,5.089551585722233e-13
Cadmium(2+),Emissions / Emissions to air,kilogram,5.060638380146135e-13
Amidosulfuron,Emissions / Emissions to soil,kilogram,5.059973974183707e-13
Protactinium-234,air,kilo Becquerel,5.002011240515299e-13
Copper(2+),Emissions / Emissions to air,kilogram,4.801600903980619e-13
Trichlorofluoromethane,Emissions / Emissions to air,kilogram,4.4957286618568276e-13
"2,3,7,8-tetrachlorodibenzo-p-dioxin",Emissions / Emissions to air,kilogram,4.418386139567944e-13
Dichlorofluoromethane,Emissions / Emissions to air,kilogram,4.3002993307340864e-13
Sodium Hydroxide,Emissions / Emissions to air,kilogram,4.261916884484579e-13
Bifenthrin,Emissions / Emissions to soil,kilogram,4.237780079341373e-13
Propylene Oxide,Emissions / Emissions to water,kilogram,4.107820836605084e-13
Tellurium,Emissions / Emissions to air,kilogram,4.051171666095067e-13
Phenanthrene,Emissions / Emissions to air,kilogram,4.047648490302352e-13
Sodium nitrate,resources / in ground,kilogram,3.9367897061777797e-13
Chrysene,Emissions / Emissions to water,kilogram,3.772706626816037e-13
Diflufenzopyr-sodium,Emissions / Emissions to soil,kilogram,3.7668288441218083e-13
Anthracene,Emissions / Emissions to water,kilogram,3.6755540582314716e-13
Hydrogen cyanide,Emissions / Emissions to air,kilogram,3.486741499140051e-13
Dichloromethane,Emissions / Emissions to water,kilogram,3.4017141328768e-13
Platinum,air,kilogram,3.1808359193874517e-13
Silver,Emissions / Emissions to soil,kilogram,3.076434626848245e-13
Propylene Oxide,Emissions / Emissions to air,kilogram,2.9423358761632303e-13
Chlorine Dioxide,Emissions / Emissions to air,kilogram,2.936036279648399e-13
Tribenuron,soil,kilogram,2.8902567324937786e-13
fluorane,Emissions / Emissions to water,kilogram,2.759717058282969e-13
CFC-12,Emissions / Emissions to air,kilogram,2.641867093700275e-13
Silver(1+),Emissions / Emissions to air,kilogram,2.620674199217236e-13
Primisulfuron-methyl,Emissions / Emissions to soil,kilogram,2.354365796304612e-13
Rimsulfuron,Emissions / Emissions to soil,kilogram,2.354365796304612e-13
"(RS)-1-(2,4-dichlorophenyl)-5-methyl-2-pyrazoline-3,5-dicarboxylic acid",soil,kilogram,2.2999264726321547e-13
Permethrin,Emissions / Emissions to soil,kilogram,2.1187923056982402e-13
Difenoconazole,Emissions / Emissions to soil,kilogram,1.7757081779795342e-13
Trichlorofluoromethane,Emissions / Emissions to air,kilogram,1.6679391397590645e-13
Chloroethane,Emissions / Emissions to water,kilogram,1.6601925199423252e-13
Isoprene,Emissions / Emissions to air,kilogram,1.586846689305341e-13
Sulfur Trioxide,Emissions / Emissions to water,kilogram,1.505142456464307e-13
nickel,Emissions / Emissions to soil,kilogram,1.465123726319869e-13
"Chlorinated Solvents, Unspecified",water,kilogram,1.4512879271293273e-13
Metsulfuron-methyl,Emissions / Emissions to soil,kilogram,1.4167300469941163e-13
Hexachlorobutadiene,Emissions / Emissions to water,kilogram,1.415271477528774e-13
"Gravel, resource correction",resources / in ground,kilogram,1.3422219796898088e-13
"1,1,1,3,3-pentafluoropropane",Emissions / Emissions to air,kilogram,1.2958083213460728e-13
Fluorene,Emissions / Emissions to air,kilogram,1.269584331480833e-13
Fluoranthene,Emissions / Emissions to water,kilogram,1.2031755897563728e-13
Thifensulfuron methyl,Emissions / Emissions to soil,kilogram,1.1591855455471762e-13
"Ethane, 1,1-dichloro-",emissions to water / unspecified,kilogram,1.135263474341817e-13
Pentachlorobenzene,Emissions / Emissions to water,kilogram,1.1021594770945211e-13
Hydrogen Chloride,Emissions / Emissions to water,kilogram,1.0706253246581918e-13
Acenaphthene,Emissions / Emissions to air,kilogram,1.069501879979589e-13
Waste Heat,air,megajoule,1.0633437131901819e-13
Methyl Chloride,Emissions / Emissions to water,kilogram,1.0168368182193569e-13
"1,1,2,2-tetrachloroethane",Emissions / Emissions to water,kilogram,9.947763708373397e-14
Cyfluthrin,Emissions / Emissions to soil,kilogram,9.888218674443696e-14
Esfenvalerate,Emissions / Emissions to soil,kilogram,9.583070902296177e-14
Sulfur Trioxide,Emissions / Emissions to air,kilogram,9.267080273612917e-14
vanadium,Emissions / Emissions to soil,kilogram,8.581992982754113e-14
Hexachlorobenzene,Emissions / Emissions to water,kilogram,8.476354548726506e-14
BENZ(a)ANTHRACENE,Emissions / Emissions to water,kilogram,8.059632584577597e-14
Acenaphthylene,Emissions / Emissions to air,kilogram,7.844882641529209e-14
Iodosulfuron,soil,kilogram,7.666508513269709e-14
Carbon tetrafluoride,Emissions / Emissions to air,kilogram,7.367794157069032e-14
Foramsulfuron,Emissions / Emissions to soil,kilogram,7.062901920968943e-14
Ethylene Oxide,Emissions / Emissions to air,kilogram,7.041678576677531e-14
Polychlorinated Biphenyls,Emissions / Emissions to air,kilogram,6.559210822589802e-14
"2,3,7,8-tetrachlorodibenzo-p-dioxin",Emissions / Emissions to air,kilogram,6.197348063678434e-14
2-chlorophenol,Emissions / Emissions to water,kilogram,5.624130937951609e-14
Acenaphthene,Emissions / Emissions to air,kilogram,5.521045104664845e-14
Propylene Glycol Monomethyl Ether Acetate,Emissions / Emissions to air,kilogram,4.443392440819548e-14
sea water,Emissions / Emissions to water,kilogram,4.3469341658446245e-14
cobalt,Emissions / Emissions to soil,kilogram,4.284757072606477e-14
Prosulfuron,Emissions / Emissions to soil,kilogram,4.237780148853444e-14
Fluoranthene,Emissions / Emissions to air,kilogram,3.997870831433587e-14
Cadmium(2+),Emissions / Emissions to soil,kilogram,3.962980676976916e-14
Hydrogen Arsenide,Emissions / Emissions to air,kilogram,3.5504141220080775e-14
Trichloroethylene,Emissions / Emissions to water,kilogram,3.298008100777904e-14
Imazethapyr,Emissions / Emissions to soil,kilogram,3.296073007335064e-14
Tetrachloroethylene,Emissions / Emissions to water,kilogram,2.986859003663987e-14
2-methyl-2-butene,Emissions / Emissions to water,kilogram,2.341182105409337e-14
BENZ(a)ANTHRACENE,Emissions / Emissions to water,kilogram,2.250113536229525e-14
Sodium borohydride,Emissions / Emissions to air,kilogram,2.2333891544703234e-14
Boron Trifluoride,air,kilogram,1.8969308751352234e-14
"Forest, Natural",Land use / Land occupation,square meter-year,-1.657671494521069e-14
Chrysene,Emissions / Emissions to air,kilogram,1.5176727442842452e-14
4-chlorophenol,Emissions / Emissions to air,kilogram,1.421347732944334e-14
Chlorobenzene,Emissions / Emissions to water,kilogram,1.3342859941979128e-14
Alachlor,Emissions / Emissions to water,kilogram,1.27526774150729e-14
Deltamethrin,Emissions / Emissions to air,kilogram,1.2249940568453963e-14
Anthracene,Emissions / Emissions to air,kilogram,1.2212177770784469e-14
Cyclohexane,Emissions / Emissions to air,kilogram,1.1350504440524174e-14
Benzo(K)Fluoranthene,Emissions / Emissions to air,kilogram,1.1012548906392251e-14
molybdenum,Emissions / Emissions to soil,kilogram,1.0028701177134496e-14
Benzo(K)Fluoranthene,Emissions / Emissions to water,kilogram,9.814255999394366e-15
2-methyl-2-butene,Emissions / Emissions to air,kilogram,9.754778245948591e-15
Imazapyr,Emissions / Emissions to soil,kilogram,9.417267786785627e-15
Antimony,Resources / Resources from ground,kilogram,9.362822166472801e-15
decane,Emissions / Emissions to soil,kilogram,7.372087504377817e-15
HFC-125,Emissions / Emissions to air,kilogram,7.291031482143408e-15
Chlorobenzene,Emissions / Emissions to air,kilogram,7.15165496054659e-15
HFC-143,Emissions / Emissions to air,kilogram,6.5136571296349175e-15
Nitrobenzene,Emissions / Emissions to water,kilogram,6.422185588442927e-15
BENZ(a)ANTHRACENE,Emissions / Emissions to air,kilogram,6.171124005976499e-15
Benzo(ghi)perylene,Emissions / Emissions to air,kilogram,5.514666369815073e-15
"Acidity, unspecified",emissions to air / unspecified,kilogram,5.361708842706644e-15
Hydrogen Arsenide,Emissions / Emissions to air,kilogram,4.905316285311007e-15
Pentachlorobenzene,Emissions / Emissions to air,kilogram,4.870666339767897e-15
M-xylene,Emissions / Emissions to water,kilogram,4.787654752799078e-15
"Indeno(1,2,3-cd)pyrene",Emissions / Emissions to air,kilogram,4.1060091384630765e-15
Trifluralin,Emissions / Emissions to air,kilogram,4.018659426899187e-15
Wood,natural resource,kilogram,3.602508367717464e-15
Polychlorinated Biphenyls,Emissions / Emissions to air,kilogram,3.560972567607729e-15
"DIBENZ(a,h)ANTHRACENE",Emissions / Emissions to air,kilogram,3.4325771015899716e-15
O-xylene,Emissions / Emissions to water,kilogram,3.417723207474818e-15
Benzo(K)Fluoranthene,Emissions / Emissions to water,kilogram,2.7423615623252795e-15
(aminooxy)(hydroxy)sulfane Dioxide,Emissions / Emissions to soil,kilogram,2.628501797741754e-15
Mercury,Emissions / Emissions to soil,kilogram,2.5829527800387833e-15
Nitrobenzene,Emissions / Emissions to air,kilogram,1.6175429624139752e-15
Acetone,Emissions / Emissions to water,kilogram,1.5467857787952546e-15
Acenaphthene,Emissions / Emissions to air,kilogram,1.3086365167582338e-15
"Energy, gross calorific value, in biomass, resource correction",resources / unspecified,megajoule,1.2538640020860339e-15
Difluoromethane,Emissions / Emissions to air,kilogram,1.0936642506952002e-15
"1,2-dichlorobenzene",Emissions / Emissions to water,kilogram,1.0859222998472957e-15
"From Unspecified, Used",Land use / Land transformation,square meter,-1.0117677709353041e-15
