flow,compartment,unit,amount
Radon-222,Emissions / Emissions to air,kilo Becquerel,1.371709882942101
"Heat, waste","emissions to water / groundwater, long-term",megajoule,1.2000918198333697
"Noble Gases, Radioactive, Unspecified",air,kilo Becquerel,0.46584120964299514
calcium,Emissions / Emissions to water,kilogram,0.38133536085745556
Waste Heat,air,megajoule,0.26202453720758945
Crude Oil,Resources / Resources from ground,megajoule,0.23029172170426754
Gravel,soil,kilogram,0.17417227099699006
Hydrogen-3,Emissions / Emissions to water,kilo Becquerel,0.1447884826309253
Waste Heat,water,megajoule,0.08032397995468862
"COD, Chemical Oxygen Demand","emissions to water / groundwater, long-term",kilogram,0.03921526736026095
"TOC, Total Organic Carbon","emissions to water / groundwater, long-term",kilogram,0.03580465830460542
"DOC, Dissolved Organic Carbon","emissions to water / groundwater, long-term",kilogram,0.03580465830460542
Water,Emissions / Emissions to water,cubic meter,0.031553170279525915
Natural Gas,Resources / Resources from ground,megajoule,0.03141427980282984
Water to turbine,Resources / Resources from water,cubic meter,0.031231934539746514
Waste Heat,air,megajoule,0.02554734912846516
Uranium,Resources / Resources from ground,megajoule,0.01917165274103452
Hydrogen-3,Emissions / Emissions to water,kilo Becquerel,0.01875370424259265
Radon-222,Emissions / Emissions to air,kilo Becquerel,0.013159170307038526
"Radioactive species, unspecified",emissions to air / unspecified,kilo Becquerel,0.0099494398246226
"BOD5, Biological Oxygen Demand","emissions to water / groundwater, long-term",kilogram,0.009273381779459838
chloride,Emissions / Emissions to water,kilogram,0.00921712714662241
Waste Heat,air,megajoule,0.008706944841677416
"Noise, road, lorry, average",non material emissions / unspecified,kilometer,0.008535530404990145
Krypton-85,Emissions / Emissions to air,kilo Becquerel,0.008118375188425724
Carbon Dioxide (fossil),Emissions / Emissions to air,kilogram,0.007601112720314578
Waste Heat,soil,megajoule,0.006551240754633084
"Energy, Potential (in Hydropower Reservoir), Converted",natural resource,megajoule,0.005237252213532658
Hard Coal,Resources / Resources from ground,megajoule,0.0036658601110336974
"Energy, gross calorific value, in biomass",resources / biotic,megajoule,0.003411978412797771
"Noise, rail, freight train",non material emissions / unspecified,ton kilometer,0.002126248257005948
Carbon Dioxide (fossil),Emissions / Emissions to air,kilogram,0.002043323317125506
"Traffic Area, Road Network",Land use / Land occupation,square meter-year,0.0018936714045020607
Brown Coal,Resources / Resources from ground,megajoule,0.0018626292381575967
"Waste mass, total, placed in landfill",resources / in ground,kilogram,0.001687325490582178
"Energy, Kinetic (in Wind), Converted",natural resource,megajoule,0.0016387430018084714
Carbon Dioxide (fossil),Emissions / Emissions to air,kilogram,0.0015436778826067464
Dump Site,Land use / Land occupation,square meter-year,0.001505875297978561
"Radioactive Species, Nuclides, Unspecified",water,kilo Becquerel,0.0014073438623796886
"Energy, Solar, Converted",natural resource,megajoule,0.0008902684036594016
"Water, salt, ocean",resources / in water,cubic meter,0.000854364467544193
Water,water,cubic meter,0.0008525433992218765
Radium-226,Emissions / Emissions to water,kilo Becquerel,0.0007898898394169393
Calcite,resources / in ground,kilogram,0.000715191743593106
Chemically polluted water,emissions to water / river,kilogram,0.0006133308624113322
carbon dioxide (biogenic),Resources / Resources from air,kilogram,0.0004697513850020524
Carbon Dioxide (biogenic),Emissions / Emissions to air,kilogram,0.00037296052566515624
Chloride,Emissions / Emissions to water,kilogram,0.00031766313012761933
Iron,Resources / Resources from ground,kilogram,0.0002753835671553569
Hydrogen-3,Emissions / Emissions to air,kilo Becquerel,0.0002684509052599437
Water,Resources / Resources from water,cubic meter,0.0002677970059629521
Waste Heat,water,megajoule,0.000255432967687567
Construction Site,Land use / Land occupation,square meter-year,0.00025150149784186593
Shrub Land,Land use / Land occupation,square meter-year,0.00025022584763607404
Xenon-133,Emissions / Emissions to air,kilo Becquerel,0.0002467860596248105
"Radioactive Species, Nuclides, Unspecified",water,kilo Becquerel,0.00017000926980026266
Carbon Dioxide (biogenic),Emissions / Emissions to air,kilogram,0.00016655404403091627
"Forest, Intensive",Land use / Land occupation,square meter-year,0.00015384497595594945
"Volume Occupied, Reservoir",land use,cubic meter-year,0.00013743843811907483
tin,Emissions / Emissions to water,kilogram,0.00013400944114988318
lead,Emissions / Emissions to water,kilogram,0.00011404712130556732
Chloride,Emissions / Emissions to water,kilogram,0.00010395654495489042
Methane (fossil),Emissions / Emissions to air,kilogram,0.00010069125251009861
Xenon-135,air,kilo Becquerel,9.837123033423072e-05
cobalt,Emissions / Emissions to water,kilogram,9.365758830783748e-05
Sulfate,"emissions to water / groundwater, long-term",kilogram,9.337716131575546e-05
Platinum,air,kilogram,8.379090881615677e-05
Clay,soil,kilogram,7.74573967986119e-05
Methane (fossil),Emissions / Emissions to air,kilogram,7.605311494693992e-05
Radium-228,water,kilo Becquerel,7.233121575615777e-05
Lead-210,water,kilo Becquerel,7.007880932955143e-05
From Pasture/meadow,Land use / Land transformation,square meter,6.701299212349215e-05
zinc,Emissions / Emissions to water,kilogram,6.659742458811529e-05
Xenon-135m,air,kilo Becquerel,6.298982118502118e-05
Carbon-14,Emissions / Emissions to air,kilo Becquerel,5.825351366907659e-05
Industrial Area,Land use / Land occupation,square meter-year,5.5925095302217036e-05
Sodium,water,kilogram,5.216956782169194e-05
Silicon,Emissions / Emissions to water,kilogram,5.195808236336649e-05
To Forest,Land use / Land transformation,square meter,5.165357299235113e-05
To Dump Site,Land use / Land transformation,square meter,5.0988913531931546e-05
Mineral Extraction Site,Land use / Land occupation,square meter-year,5.091757594279236e-05
From Shrub Land,Land use / Land transformation,square meter,5.026904165478027e-05
From Dump Site,Land use / Land transformation,square meter,5.0121832007001126e-05
To Shrub Land,Land use / Land transformation,square meter,5.004513462857024e-05
Water To Cooling,Resources / Resources from water,cubic meter,4.86848446712324e-05
Radium-228,water,kilo Becquerel,4.86176447663409e-05
"Radioactive Species, Nuclides, Unspecified",water,kilo Becquerel,4.708230449475074e-05
Lead-210,water,kilo Becquerel,4.618132284278171e-05
Dolomite,soil,kilogram,4.043096169167161e-05
Sodium,water,kilogram,3.7548317735209197e-05
Non-methane Volatile Organic Compounds,Emissions / Emissions to air,kilogram,3.6128672805233635e-05
Barite,resources / in ground,kilogram,3.5104909245299774e-05
Strontium-90,Emissions / Emissions to water,kilo Becquerel,3.4274121031779906e-05
Forest,Land use / Land occupation,square meter-year,2.6930437827270554e-05
Waste water,emissions to water / river,kilogram,2.663084027766506e-05
Carbon Dioxide (biogenic),Emissions / Emissions to air,kilogram,2.5804446993666387e-05
Sodium,"emissions to water / groundwater, long-term",kilogram,2.5057760989256152e-05
"Energy, Gross Calorific Value, In Biomass, Primary Forest",natural resource,megajoule,2.455783582919044e-05
Sodium chloride,resources / in ground,kilogram,2.3345178192470353e-05
Nitrogen Oxides,Emissions / Emissions to air,kilogram,2.2328139476839563e-05
"To Arable, Non-irrigated, Intensive",Land use / Land transformation,square meter,2.2279971635699627e-05
river water,Resources / Resources from water,cubic meter,2.1987705948205e-05
Magnesite,soil,kilogram,2.1431979274053753e-05
"Arable, Non-irrigated, Intensive",Land use / Land occupation,square meter-year,2.041583676908176e-05
Xenon-133,Emissions / Emissions to air,kilo Becquerel,1.918185667777275e-05
Carbon Monoxide (fossil),Emissions / Emissions to air,kilogram,1.8563984064666985e-05
Water Bodies,land use,square meter-year,1.8542049143322898e-05
Radium-224,water,kilo Becquerel,1.823834452278231e-05
Nitrogen Oxides,Emissions / Emissions to air,kilogram,1.643119989143436e-05
magnesium,Emissions / Emissions to water,kilogram,1.613655552428589e-05
Air,air,kilogram,1.5950967682508917e-05
"From Arable, Non-irrigated, Intensive",Land use / Land transformation,square meter,1.581361585740043e-05
Krypton-85,Emissions / Emissions to air,kilo Becquerel,1.4799568213614898e-05
"To Arable, Non-irrigated",Land use / Land transformation,square meter,1.4602809538010556e-05
Thorium-228,water,kilo Becquerel,1.4476311410533282e-05
Xenon-138,air,kilo Becquerel,1.4452551007609202e-05
Peat,Resources / Resources from ground,megajoule,1.3274995965550162e-05
Calcium,Emissions / Emissions to water,kilogram,1.2980846947961789e-05
Thorium-230,water,kilo Becquerel,1.2952203023598798e-05
Chloride,Emissions / Emissions to water,kilogram,1.2922432840765726e-05
cadmium,Emissions / Emissions to water,kilogram,1.2704743808832146e-05
"From Arable, Non-irrigated",Land use / Land transformation,square meter,1.2661826896570118e-05
Radium-224,water,kilo Becquerel,1.2259139757696973e-05
"To Traffic Area, Road Network",Land use / Land transformation,square meter,1.0257581894698162e-05
Waste Heat,water,megajoule,1.0188394446307082e-05
Chromium,Resources / Resources from ground,kilogram,9.970098036051646e-06
Used Air,air,kilogram,9.945753878980977e-06
aluminium,Emissions / Emissions to water,kilogram,9.944033584399674e-06
Waste water,emissions to water / ocean,kilogram,9.808544422910875e-06
Thorium-228,water,kilo Becquerel,9.719612026562056e-06
"Arable, Non-irrigated",Land use / Land occupation,square meter-year,9.583879804330446e-06
"Traffic Area, Rail/road Embankment",Land use / Land occupation,square meter-year,9.476107101328085e-06
Calcium,Emissions / Emissions to water,kilogram,9.354944220996062e-06
Cesium-137,Emissions / Emissions to water,kilo Becquerel,9.023835043837959e-06
Chemical Oxygen Demand,water,kilogram,8.919402829878496e-06
Biological Oxygen Demand,water,kilogram,8.857740375234184e-06
Ground Water,Resources / Resources from water,cubic meter,8.51373817003814e-06
Aluminium,Resources / Resources from ground,kilogram,8.381642745908663e-06
molybdenum,Emissions / Emissions to water,kilogram,8.006209592018047e-06
Xenon-131m,air,kilo Becquerel,7.1567162506953834e-06
Chloride,Emissions / Emissions to soil,kilogram,6.732747664741629e-06
From Unspecified,Land use / Land transformation,square meter,6.732500087823361e-06
Sulfate Ion,water,kilogram,6.512334701668678e-06
Chemical Oxygen Demand,water,kilogram,6.468994039211094e-06
Potassium,"emissions to water / groundwater, long-term",kilogram,6.171771691944286e-06
To Mineral Extraction Site,Land use / Land transformation,square meter,5.905385127619789e-06
Nickel,Resources / Resources from ground,kilogram,5.8653470568988155e-06
Krypton-85m,air,kilo Becquerel,5.555512426483662e-06
Sulfur Dioxide,Emissions / Emissions to air,kilogram,5.307056351242987e-06
Total Organic Carbon,water,kilogram,4.9537190051389015e-06
"Radioactive Species, Other Beta Emitters",air,kilo Becquerel,4.7331408227695935e-06
Argon-41,air,kilo Becquerel,4.710624688097415e-06
Potassium chloride,resources / in ground,kilogram,4.644419057395863e-06
Sodium,water,kilogram,4.594620591533385e-06
Total Organic Carbon,water,kilogram,4.462507310933091e-06
Sulfate Ion,water,kilogram,4.243191570629083e-06
Carbon Monoxide (fossil),Emissions / Emissions to air,kilogram,4.1300570458561246e-06
Carbon Dioxide (land Use Change),Emissions / Emissions to air,kilogram,4.079939019294366e-06
iron,Emissions / Emissions to water,kilogram,3.956467893901843e-06
Manganese,Resources / Resources from ground,kilogram,3.8234038454973015e-06
Uranium alpha,emissions to water / river,kilo Becquerel,3.6382646797708295e-06
Inland Water Bodies,land use,square meter-year,3.474492524770879e-06
nickel,Emissions / Emissions to water,kilogram,3.4481182473150063e-06
Hydrogen Chloride,Emissions / Emissions to air,kilogram,3.4420618468143154e-06
"Suspended Solids, Unspecified",water,kilogram,3.3307254371474176e-06
Basalt,soil,kilogram,3.1343563064213613e-06
"Noise, road, passenger car, average",non material emissions / unspecified,kilometer,3.1007739278624057e-06
Nitrogen Oxides,Emissions / Emissions to air,kilogram,3.099596677867517e-06
lake water,Resources / Resources from water,cubic meter,3.016218335580433e-06
Biological Oxygen Demand,water,kilogram,2.994765284592221e-06
Agriculture,Land use / Land occupation,square meter-year,2.9833189743291404e-06
To Arable,Land use / Land transformation,square meter,2.9248225130366005e-06
Biological Oxygen Demand,water,kilogram,2.745623140158082e-06
Total Organic Carbon,water,kilogram,2.684423559620599e-06
"DOC, Dissolved Organic Carbon",water,kilogram,2.5979776840523135e-06
"Clay, bentonite",resources / in ground,kilogram,2.5598017380912002e-06
Arable,Land use / Land occupation,square meter-year,2.3884763241001593e-06
"From Pasture/meadow, Intensive",Land use / Land transformation,square meter,2.38043960868865e-06
Copper,Resources / Resources from ground,kilogram,2.3625998214187965e-06
Phosphate,Emissions / Emissions to water,kilogram,2.3459314855509132e-06
Sulfur Dioxide,Emissions / Emissions to air,kilogram,2.289985042564451e-06
Polonium-210,water,kilo Becquerel,2.2249752084744885e-06
"Organic carbon, placed in landfill",resources / in ground,kilogram,2.2022184894340056e-06
Uranium alpha,emissions to water / lake,kilo Becquerel,2.1757052738584736e-06
Magnesium,Emissions / Emissions to water,kilogram,2.1139064475654415e-06
Water,air,cubic meter,2.063902480727949e-06
Chemical Oxygen Demand,water,kilogram,2.063281928101313e-06
"To Forest, Intensive",Land use / Land transformation,square meter,1.943622047259127e-06
Xenon-137,air,kilo Becquerel,1.9169576971045838e-06
From Arable,Land use / Land transformation,square meter,1.8971772108520344e-06
"From Forest, Intensive",Land use / Land transformation,square meter,1.8787598883611608e-06
Carbon Monoxide (fossil),Emissions / Emissions to air,kilogram,1.7903099877660945e-06
Krypton-88,air,kilo Becquerel,1.7366852026422273e-06
"Traffic Area, Rail Network",Land use / Land occupation,square meter-year,1.7197412805840966e-06
"DOC, Dissolved Organic Carbon",water,kilogram,1.7158025435313945e-06
Sulfate Ion,water,kilogram,1.7055420652148466e-06
Magnesium,Emissions / Emissions to water,kilogram,1.6340169836709522e-06
Particles (> PM10),air,kilogram,1.6299199120485014e-06
Hypochlorite,water,kilogram,1.5947218808256798e-06
To Industrial Area,Land use / Land transformation,square meter,1.5371161284774603e-06
From Forest,Land use / Land transformation,square meter,1.519856924078514e-06
Carbon-14,Emissions / Emissions to air,kilo Becquerel,1.5132778972730997e-06
arsenic,Emissions / Emissions to water,kilogram,1.4956818022284276e-06
Potassium,water,kilogram,1.4598171347334826e-06
From Mineral Extraction Site,Land use / Land transformation,square meter,1.4202283555656044e-06
Krypton-87,air,kilo Becquerel,1.3522433513013453e-06
Sulfur Dioxide,Emissions / Emissions to air,kilogram,1.2857121497418566e-06
Hydrogen-3,Emissions / Emissions to air,kilo Becquerel,1.2721870623539039e-06
Iodine-131,Emissions / Emissions to air,kilo Becquerel,1.2373392347115924e-06
Potassium,water,kilogram,1.211200460367476e-06
Zinc,Resources / Resources from ground,kilogram,1.2044047071730303e-06
Particles (PM2.5),Emissions / Emissions to air,kilogram,1.1250089459471647e-06
To Water Bodies,land use,square meter,1.1077573502008716e-06
Particles (PM10),Emissions / Emissions to air,kilogram,1.1025594779898178e-06
fluoride,Emissions / Emissions to water,kilogram,1.0064724039725287e-06
Fluorspar,soil,kilogram,9.785165160377798e-07
"DOC, Dissolved Organic Carbon",water,kilogram,9.718969667933721e-07
manganese,Emissions / Emissions to water,kilogram,9.706782133471195e-07
Calcium,Emissions / Emissions to soil,kilogram,8.801589185458843e-07
From Seabed,land use,square meter,8.501435473480342e-07
Non-methane Volatile Organic Compounds,Emissions / Emissions to air,kilogram,8.238309682499258e-07
Uranium-238,Emissions / Emissions to water,kilo Becquerel,8.072633023054915e-07
Particles (PM2.5),Emissions / Emissions to air,kilogram,8.069976531909826e-07
Nitrate,Emissions / Emissions to water,kilogram,7.908769151360487e-07
Uranium-238,Emissions / Emissions to water,kilo Becquerel,7.83427685189435e-07
chloride,Emissions / Emissions to soil,kilogram,7.701179595087691e-07
Water,Emissions / Emissions to water,cubic meter,7.294501243637895e-07
Nitrate,Emissions / Emissions to water,kilogram,7.222467643615248e-07
Krypton-89,air,kilo Becquerel,7.020219180556818e-07
"Solids, Inorganic",water,kilogram,6.977665338038189e-07
Phosphate,Emissions / Emissions to water,kilogram,6.913387663042099e-07
Carbon,soil,kilogram,6.600894202301469e-07
Silicon,Emissions / Emissions to water,kilogram,6.567447454988107e-07
"Oils, Unspecified",Emissions / Emissions to water,kilogram,6.362979499771508e-07
Phosphorus,Resources / Resources from ground,kilogram,6.299499092846187e-07
"Energy, Geothermal, Converted",natural resource,megajoule,6.276692318445004e-07
Non-methane Volatile Organic Compounds,Emissions / Emissions to air,kilogram,5.884792057229802e-07
Xenon-135,air,kilo Becquerel,5.454198787293333e-07
Titanium,Resources / Resources from ground,kilogram,5.376885230770008e-07
Barium sulfate,Emissions / Emissions to water,kilogram,5.275718674721851e-07
Colemanite,soil,kilogram,5.24312346816844e-07
Strontium,Emissions / Emissions to water,kilogram,4.942808778668042e-07
Radon-220,air,kilo Becquerel,4.866236202443686e-07
Sodium,soil,kilogram,4.860278310823283e-07
Lead,Resources / Resources from ground,kilogram,4.48108221861849e-07
iron,Emissions / Emissions to soil,kilogram,4.400793808372366e-07
Calcium,Emissions / Emissions to water,kilogram,4.3608617138100804e-07
Methane (fossil),Emissions / Emissions to air,kilogram,4.160791714218081e-07
Carbonate Ion,water,kilogram,4.040697397800697e-07
Particles (PM10),Emissions / Emissions to air,kilogram,3.969846920469257e-07
Butane,Emissions / Emissions to air,kilogram,3.9649138884082544e-07
Hydrogen,air,kilogram,3.781549664273983e-07
Particles (> PM10),air,kilogram,3.732278179406277e-07
Iron,Emissions / Emissions to water,kilogram,3.661689991111589e-07
Xenon-133m,air,kilo Becquerel,3.624748607839547e-07
Cobalt-60,Emissions / Emissions to water,kilo Becquerel,3.581786409271042e-07
Strontium,Emissions / Emissions to water,kilogram,3.377686532525733e-07
Cobalt-58,Emissions / Emissions to water,kilo Becquerel,3.3299354104941807e-07
Uranium alpha,emissions to air / low. pop.,kilo Becquerel,3.3009219029731605e-07
Particles (> PM10),air,kilogram,3.2899767379675606e-07
Methane (biogenic),Emissions / Emissions to air,kilogram,3.085145177426276e-07
Butane,Emissions / Emissions to air,kilogram,3.0718024679900504e-07
Silver-110,Emissions / Emissions to water,kilo Becquerel,3.0164266939997493e-07
Cesium-137,Emissions / Emissions to water,kilo Becquerel,2.9213324743281217e-07
Uranium-235,Emissions / Emissions to water,kilo Becquerel,2.9154993288583257e-07
Pentane,Emissions / Emissions to air,kilogram,2.89462465046939e-07
Carbonate Ion,water,kilogram,2.755612911511838e-07
"Carbon, organic, in soil or biomass stock",resources / in ground,kilogram,2.73377642524978e-07
"Carboxylic Acids, Unspecified",water,kilogram,2.715810255849063e-07
strontium,Emissions / Emissions to water,kilogram,2.6594312680426834e-07
Hexane,Emissions / Emissions to air,kilogram,2.577083900274187e-07
Radium-226,Emissions / Emissions to air,kilo Becquerel,2.5276381433532405e-07
Sodium sulfate,resources / in ground,kilogram,2.5025784599905385e-07
Polonium-210,Emissions / Emissions to air,kilo Becquerel,2.4329765590541107e-07
Pentane,Emissions / Emissions to air,kilogram,2.4310353437252346e-07
titanium,Emissions / Emissions to water,kilogram,2.3941035868320055e-07
Ammonium,Emissions / Emissions to water,kilogram,2.3480557748519905e-07
Radon-220,air,kilo Becquerel,2.3174300660294143e-07
Pentane,Emissions / Emissions to air,kilogram,2.2809584245761306e-07
aluminium,Emissions / Emissions to soil,kilogram,2.2002975266490018e-07
Nitrous Oxide,Emissions / Emissions to air,kilogram,2.1938387189582494e-07
Particles (PM10),Emissions / Emissions to air,kilogram,2.1810714519012076e-07
Propane,Emissions / Emissions to air,kilogram,2.1791166790166875e-07
Particles (PM2.5),Emissions / Emissions to air,kilogram,2.1546838448246554e-07
Methane (biogenic),Emissions / Emissions to air,kilogram,2.152480633397762e-07
Chromium VI,"emissions to water / groundwater, long-term",kilogram,2.1339311214466896e-07
Ammonium,Emissions / Emissions to water,kilogram,2.0926041137140139e-07
"Hydrocarbons, Chlorinated",air,kilogram,2.003924529731535e-07
Magnesium,natural resource,kilogram,1.9701676124594123e-07
hydrogen sulfide,Emissions / Emissions to water,kilogram,1.9212324944790476e-07
"Noise, aircraft, passenger",non material emissions / unspecified,person kilometer,1.9060346831353343e-07
"From Forest, Natural",Land use / Land transformation,square meter,1.8845881852276815e-07
Barium,Emissions / Emissions to water,kilogram,1.8665381998303852e-07
Hydrogen Chloride,Emissions / Emissions to air,kilogram,1.8578625577910728e-07
"Carboxylic Acids, Unspecified",water,kilogram,1.7884288259161737e-07
Potassium-40,water,kilo Becquerel,1.7604032400969929e-07
Magnesium,Emissions / Emissions to soil,kilogram,1.7602383738389506e-07
"Permanent Crops, Non-irrigated, Intensive",Land use / Land occupation,square meter-year,1.7538136227432765e-07
Uranium-234,Emissions / Emissions to water,kilo Becquerel,1.7047777722065786e-07
Ammonia,Emissions / Emissions to air,kilogram,1.6422509166486947e-07
Propane,Emissions / Emissions to air,kilogram,1.611282828063448e-07
Propane,Emissions / Emissions to air,kilogram,1.6034582849072386e-07
Fluorine,natural resource,kilogram,1.5737927862162835e-07
Molybdenum,Resources / Resources from ground,kilogram,1.5716947033069546e-07
Cobalt,Emissions / Emissions to water,kilogram,1.5336203472295243e-07
Artificial Areas,Land use / Land occupation,square meter-year,1.5305841287847235e-07
Butane,Emissions / Emissions to air,kilogram,1.495488565150777e-07
boron,Emissions / Emissions to water,kilogram,1.4536355359483092e-07
Lead-210,Emissions / Emissions to air,kilo Becquerel,1.4229508503403443e-07
Thorium-234,water,kilo Becquerel,1.4119887908636065e-07
Protactinium-234,water,kilo Becquerel,1.4117198492554727e-07
Nitrous Oxide,Emissions / Emissions to air,kilogram,1.4104196210850709e-07
sulfur,Emissions / Emissions to soil,kilogram,1.3201784981774596e-07
Hexane,Emissions / Emissions to air,kilogram,1.2817129434336283e-07
Barium(2+),Emissions / Emissions to water,kilogram,1.2668935246147076e-07
Helium,air,kilogram,1.2023238948244328e-07
barium,Emissions / Emissions to water,kilogram,1.2014488881159453e-07
Formaldehyde,Emissions / Emissions to air,kilogram,1.1624106008636903e-07
"Solids, Inorganic",water,kilogram,1.1549943246712914e-07
copper,Emissions / Emissions to water,kilogram,1.137480646837446e-07
Ethylene,Emissions / Emissions to air,kilogram,1.1121125792326567e-07
Barium(2+),Emissions / Emissions to soil,kilogram,1.1001487129940647e-07
Aluminium,Emissions / Emissions to air,kilogram,1.0943412369384992e-07
Ammonia,Emissions / Emissions to air,kilogram,1.0337028842778747e-07
Xenon-138,air,kilo Becquerel,9.052193372964565e-08
Carbon Monoxide (biogenic),Emissions / Emissions to air,kilogram,8.692084519404701e-08
Iodide Ion,Emissions / Emissions to water,kilogram,8.421525497261878e-08
Xenon-137,air,kilo Becquerel,8.245553140618177e-08
To Pasture/meadow,Land use / Land transformation,square meter,7.877009365383748e-08
"Actinides, Radioactive, Unspecified",water,kilo Becquerel,7.87460654000145e-08
vanadium,Emissions / Emissions to water,kilogram,7.845392762099958e-08
Potassium,soil,kilogram,7.707062761704972e-08
Chromium-51,water,kilo Becquerel,7.555336215211217e-08
Uranium-238,Emissions / Emissions to air,kilo Becquerel,7.506022966718057e-08
"Wood, soft, standing",resources / biotic,cubic meter,7.477282298585412e-08
Aluminium,Emissions / Emissions to water,kilogram,7.453542246694181e-08
Iron,Emissions / Emissions to air,kilogram,7.352035828314602e-08
Ethane,Emissions / Emissions to air,kilogram,7.164445490809367e-08
Particles (> PM10),air,kilogram,7.152487436125559e-08
Kaolinite,soil,kilogram,7.066197311821144e-08
Uranium-234,Emissions / Emissions to air,kilo Becquerel,6.994751287110813e-08
Sulfide ion,water,kilogram,6.928673717548248e-08
Nitrous Oxide,Emissions / Emissions to air,kilogram,6.503530267280246e-08
Potassium-40,water,kilo Becquerel,6.34921346031131e-08
Acetaldehyde,Emissions / Emissions to air,kilogram,6.259581522177726e-08
Aluminium,Emissions / Emissions to water,kilogram,6.22000872109123e-08
Water,air,cubic meter,5.866038032098047e-08
Hydrogen Chloride,Emissions / Emissions to air,kilogram,5.826056175558293e-08
Polonium-210,water,kilo Becquerel,5.709849763018839e-08
Iodide Ion,Emissions / Emissions to water,kilogram,5.6709252324816683e-08
Iron,Emissions / Emissions to water,kilogram,5.5953732387658426e-08
Heptane,Emissions / Emissions to air,kilogram,5.396170960052492e-08
Iron,Emissions / Emissions to soil,kilogram,5.361486967730373e-08
Carbon Monoxide (biogenic),Emissions / Emissions to air,kilogram,5.124808748737382e-08
Radium-228,air,kilo Becquerel,5.1057539155213065e-08
Bromine,Emissions / Emissions to water,kilogram,5.060459356177717e-08
Iodine-129,Emissions / Emissions to water,kilo Becquerel,5.022248087887426e-08
Sulfate Ion,air,kilogram,4.9235626800487645e-08
"Oils, biogenic",emissions to soil / industrial,kilogram,4.9066292457820075e-08
Iodine-129,Emissions / Emissions to air,kilo Becquerel,4.903084387626238e-08
Bauxite,soil,kilogram,4.742351046984713e-08
"Oils, Unspecified",Emissions / Emissions to water,kilogram,4.5669282519006376e-08
"Water, salt, sole",resources / in water,cubic meter,4.467116388422669e-08
"Wood, hard, standing",resources / biotic,cubic meter,4.4461689336318245e-08
Bromine,Emissions / Emissions to water,kilogram,4.4274157355665194e-08
Particles (PM10),Emissions / Emissions to air,kilogram,4.291492438813778e-08
Sulfur,Emissions / Emissions to water,kilogram,4.1878339712406376e-08
To Inland Water Bodies,land use,square meter,4.18000024541385e-08
Potassium,water,kilogram,4.139811030785376e-08
"Oils, Unspecified",Emissions / Emissions to water,kilogram,4.124467325008799e-08
Cumene,Emissions / Emissions to water,kilogram,4.083698587015886e-08
Nitrogen,air,kilogram,3.9069708736744e-08
iron,Emissions / Emissions to air,kilogram,3.89957525157621e-08
Argon-41,air,kilo Becquerel,3.854403965835261e-08
"Hydrocarbons, Aromatic",Emissions / Emissions to water,kilogram,3.835583837065959e-08
Sodium chloride,resources / in water,kilogram,3.792260851274139e-08
Ammonia,Emissions / Emissions to air,kilogram,3.7771076670893616e-08
Zinc-65,water,kilo Becquerel,3.7683846352269746e-08
Ethane,Emissions / Emissions to air,kilogram,3.7601986836911496e-08
Benzene,Emissions / Emissions to air,kilogram,3.686375737309689e-08
"To Traffic Area, Rail/road Embankment",Land use / Land transformation,square meter,3.610784275691531e-08
Ethane,Emissions / Emissions to air,kilogram,3.606355863838743e-08
Aluminium,Emissions / Emissions to air,kilogram,3.586041642448509e-08
Cesium-134,Emissions / Emissions to water,kilo Becquerel,3.575925018549521e-08
Toluene,Emissions / Emissions to air,kilogram,3.397007042053385e-08
Chromium,Emissions / Emissions to air,kilogram,3.3832947487181266e-08
Benzene,Emissions / Emissions to water,kilogram,3.376467908308175e-08
"Hydrocarbons, Chlorinated",air,kilogram,3.3055603510494824e-08
Sulfate Ion,air,kilogram,3.301901526910822e-08
"Hydrocarbons, Aliphatic, Alkanes, Unspecified",air,kilogram,3.230241995184846e-08
Propylene,Emissions / Emissions to water,kilogram,3.1369208931500384e-08
Fluoride Ion,Emissions / Emissions to water,kilogram,3.060338933906968e-08
Antimony,Emissions / Emissions to air,kilogram,3.045351400184179e-08
Mercury,Emissions / Emissions to water,kilogram,2.899123175039195e-08
Particles (PM2.5),Emissions / Emissions to air,kilogram,2.8609949653744786e-08
"Hydrocarbons, Aromatic",Emissions / Emissions to water,kilogram,2.656420466947184e-08
Sulfur,Resources / Resources from ground,kilogram,2.6378959970977344e-08
Boron,Emissions / Emissions to water,kilogram,2.6359606786308542e-08
Hydrogen,air,kilogram,2.6333017063256242e-08
Thorium-230,Emissions / Emissions to air,kilo Becquerel,2.5955521221954913e-08
Volatile Organic Compound,Emissions / Emissions to water,kilogram,2.5302303424685215e-08
Zinc,Emissions / Emissions to water,kilogram,2.502721829291636e-08
Phosphate,Emissions / Emissions to water,kilogram,2.47058913059324e-08
Acrolein,Emissions / Emissions to air,kilogram,2.4234808490840535e-08
Potassium-40,air,kilo Becquerel,2.2866026888363036e-08
"Agriculture, Mosaic",Land use / Land occupation,square meter-year,2.2599550166261486e-08
Propylene,Emissions / Emissions to air,kilogram,2.236658353124996e-08
Barium(2+),Emissions / Emissions to water,kilogram,2.2285705743044777e-08
Silicon,Emissions / Emissions to soil,kilogram,2.200297578468626e-08
"Oils, Unspecified",Emissions / Emissions to soil,kilogram,2.1996908305519274e-08
Xenon-131m,air,kilo Becquerel,2.1697770901267884e-08
Carbon disulfide,Emissions / Emissions to air,kilogram,2.1320158819105916e-08
Manganese-54,Emissions / Emissions to water,kilo Becquerel,2.0863055945924855e-08
Silicon,Emissions / Emissions to air,kilogram,2.0803031064950256e-08
"Urban, Discontinuously Built",Land use / Land occupation,square meter-year,2.0710834359937614e-08
Uranium-238,Emissions / Emissions to air,kilo Becquerel,1.976882092354685e-08
Antimony-124,Emissions / Emissions to water,kilo Becquerel,1.9247672759401347e-08
Lithium,Emissions / Emissions to water,kilogram,1.9156147706899195e-08
Methanol,Emissions / Emissions to air,kilogram,1.9042423779097194e-08
Carbon-14,Emissions / Emissions to water,kilo Becquerel,1.880800690468721e-08
Benzaldehyde,Emissions / Emissions to air,kilogram,1.8758137022915413e-08
Ozone,air,kilogram,1.8709569270727587e-08
Zinc,Emissions / Emissions to water,kilogram,1.859932196493885e-08
Sand,soil,kilogram,1.8113595102428908e-08
Copper,Emissions / Emissions to air,kilogram,1.8086222468032067e-08
"From Traffic Area, Rail/road Embankment",Land use / Land transformation,square meter,1.7874791633430907e-08
Methyl Cyclopentane,Emissions / Emissions to water,kilogram,1.7436368051268896e-08
Iron,Emissions / Emissions to water,kilogram,1.742632774000503e-08
Boron,Emissions / Emissions to water,kilogram,1.7349030579409547e-08
Cumene,Emissions / Emissions to air,kilogram,1.6994272724701353e-08
Antimony-125,Emissions / Emissions to water,kilo Becquerel,1.6783969929089393e-08
Uranium-238,Emissions / Emissions to air,kilo Becquerel,1.6628753475554383e-08
Potassium,air,kilogram,1.6573570648356647e-08
Nitrogen,water,kilogram,1.653160244117783e-08
Benzene,Emissions / Emissions to air,kilogram,1.6402696369847725e-08
Xylene,Emissions / Emissions to air,kilogram,1.580482617617937e-08
Formaldehyde,Emissions / Emissions to air,kilogram,1.5012241835956317e-08
Carbon,soil,kilogram,1.4840774317072217e-08
Phenol,Emissions / Emissions to water,kilogram,1.4700937580998234e-08
Propylene,Emissions / Emissions to air,kilogram,1.406169030160718e-08
Formaldehyde,Emissions / Emissions to air,kilogram,1.384732902848642e-08
Molybdenum,Emissions / Emissions to water,kilogram,1.3565152523699482e-08
M-xylene,Emissions / Emissions to air,kilogram,1.3418303672337327e-08
Tin atom,Resources / Resources from ground,kilogram,1.3138038369394758e-08
Lithium,Emissions / Emissions to water,kilogram,1.2893475291520266e-08
Benzene,Emissions / Emissions to air,kilogram,1.2693454360881836e-08
Thorium-232,emissions to water / river,kilo Becquerel,1.2226495511836848e-08
Barium(2+),Emissions / Emissions to air,kilogram,1.1727292583684015e-08
Calcium,Emissions / Emissions to air,kilogram,1.1659534561062036e-08
Silicon,Emissions / Emissions to air,kilogram,1.1548723998512653e-08
Cadmium,Emissions / Emissions to water,kilogram,1.1516389311715622e-08
Phenol,Emissions / Emissions to air,kilogram,1.1512518682402362e-08
Iron,Emissions / Emissions to soil,kilogram,1.1510849791787632e-08
"Noise, aircraft, freight",non material emissions / unspecified,ton kilometer,1.113039629927911e-08
Phosphorus,Emissions / Emissions to soil,kilogram,1.1001522871992758e-08
Fluoride Ion,Emissions / Emissions to soil,kilogram,1.1001502924614495e-08
"Aerosols, Radioactive, Unspecified",air,kilo Becquerel,1.0516388500573457e-08
Zinc,Emissions / Emissions to air,kilogram,1.0376018858404299e-08
Sulfate Ion,air,kilogram,1.0338036767074196e-08
Ethylene,Emissions / Emissions to air,kilogram,1.033498961318569e-08
Manganese,Emissions / Emissions to water,kilogram,1.028304450820725e-08
Xylene,Emissions / Emissions to air,kilogram,1.0118741550276722e-08
Polycyclic Aromatic Hydrocarbons,Emissions / Emissions to air,kilogram,1.0069757017021758e-08
"Metamorphous rock, graphite containing",resources / in ground,kilogram,9.949901302481556e-09
"Hydrocarbons, Aliphatic, Alkanes, Unspecified",water,kilogram,9.397995584944674e-09
Toluene,Emissions / Emissions to air,kilogram,9.339289437502911e-09
Chlorate ion,Emissions / Emissions to water,kilogram,9.046241167424108e-09
manganese,Emissions / Emissions to soil,kilogram,8.801275297581478e-09
Toluene,Emissions / Emissions to water,kilogram,8.459740089456935e-09
Technetium-99m,water,kilo Becquerel,8.400263935136567e-09
fluorane,Emissions / Emissions to air,kilogram,8.225060590547065e-09
To Unspecified,Land use / Land transformation,square meter,8.212164114117274e-09
Calcium,Emissions / Emissions to air,kilogram,8.062030085054065e-09
Silicon,Emissions / Emissions to air,kilogram,7.985311078189353e-09
Styrene,Emissions / Emissions to air,kilogram,7.836082094877134e-09
Zinc,Emissions / Emissions to air,kilogram,7.705189371230357e-09
Aluminium,Emissions / Emissions to air,kilogram,7.45046550082427e-09
Acetaldehyde,Emissions / Emissions to air,kilogram,7.420052018160912e-09
"Nitrogen, organic bound","emissions to water / groundwater, long-term",kilogram,7.400378785489009e-09
Thorium-232,emissions to air / high. pop.,kilo Becquerel,7.356482534832767e-09
Toluene,Emissions / Emissions to water,kilogram,7.12184465889086e-09
Fluoride Ion,Emissions / Emissions to water,kilogram,7.115254634832353e-09
Soil,soil,kilogram,7.105849816270222e-09
Xylene,Emissions / Emissions to water,kilogram,7.065103065088775e-09
Thorium-228,air,kilo Becquerel,7.0230080525936855e-09
Chromium,Emissions / Emissions to water,kilogram,6.8719319802075094e-09
beryllium,Emissions / Emissions to water,kilogram,6.825957833556187e-09
Oxygen,air,kilogram,6.796453904653625e-09
"Hydrocarbons, Aliphatic, Alkanes, Unspecified",air,kilogram,6.589172539174148e-09
Hexane,Emissions / Emissions to air,kilogram,6.444654030198392e-09
"Hydrocarbons, Aliphatic, Alkanes, Unspecified",water,kilogram,6.317747890723741e-09
Thorium-234,air,kilo Becquerel,6.313884329716372e-09
Protactinium-234,air,kilo Becquerel,6.311368548488613e-09
Strontium-89,water,kilo Becquerel,6.197860256311567e-09
Zinc,Emissions / Emissions to water,kilogram,6.1974929193691876e-09
Potassium,air,kilogram,6.1335026332003174e-09
Phenol,Emissions / Emissions to water,kilogram,5.806016524083582e-09
"Hydrocarbons, Aliphatic, Alkanes, Cyclic",air,kilogram,5.783236533052219e-09
Acetic Acid,Emissions / Emissions to air,kilogram,5.71600335210176e-09
Potassium-40,air,kilo Becquerel,5.6697645597061694e-09
Dichloromethane,Emissions / Emissions to water,kilogram,5.580144320078939e-09
Manganese,Emissions / Emissions to air,kilogram,5.5250935667739406e-09
Manganese(2+),Emissions / Emissions to water,kilogram,5.513260633247619e-09
O-xylene,Emissions / Emissions to air,kilogram,5.47680667765971e-09
Heptane,Emissions / Emissions to air,kilogram,5.424858029435691e-09
Butene,Emissions / Emissions to air,kilogram,5.397956199815145e-09
Benzene,Emissions / Emissions to water,kilogram,5.384202603838616e-09
Gypsum,resources / in ground,kilogram,5.3434577710333896e-09
antimony,Emissions / Emissions to water,kilogram,5.338972826875048e-09
"Oils, unspecified",Emissions / Emissions to soil,kilogram,5.106904608205773e-09
Acetic Acid,Emissions / Emissions to air,kilogram,5.054353588120772e-09
Iodine-135,air,kilo Becquerel,4.994402202653764e-09
fluorane,Emissions / Emissions to air,kilogram,4.975687134756776e-09
Xylene,Emissions / Emissions to water,kilogram,4.91419619529788e-09
Fluoride Ion,Emissions / Emissions to water,kilogram,4.8662526761576685e-09
Calcium,Emissions / Emissions to soil,kilogram,4.8341613812080395e-09
tungsten,Emissions / Emissions to water,kilogram,4.775800057857475e-09
Sodium,air,kilogram,4.768170444523776e-09
"Nitrogen, Total (excluding N2)",Emissions / Emissions to water,kilogram,4.62980274329975e-09
ammonium,Emissions / Emissions to water,kilogram,4.629182237018575e-09
selenium,Emissions / Emissions to water,kilogram,4.558601258715513e-09
Waste water/m3,emissions to water / unspecified,cubic meter,4.552228413632416e-09
Methane (biogenic),Emissions / Emissions to air,kilogram,4.462832411977329e-09
Boron,Emissions / Emissions to air,kilogram,4.267491591549278e-09
Iodine-131,Emissions / Emissions to water,kilo Becquerel,4.233680994550765e-09
Toluene,Emissions / Emissions to water,kilogram,4.093166694787557e-09
Ethylene,Emissions / Emissions to air,kilogram,3.996887441096551e-09
"To Traffic Area, Rail Network",Land use / Land transformation,square meter,3.977836730609184e-09
"Nitrogen, Total (excluding N2)",Emissions / Emissions to water,kilogram,3.968873975105417e-09
Tetrachloroethylene,Emissions / Emissions to air,kilogram,3.933387742200939e-09
Scandium,"emissions to water / groundwater, long-term",kilogram,3.741548713109175e-09
Copper,Emissions / Emissions to water,kilogram,3.7068184907094173e-09
Lead,Emissions / Emissions to air,kilogram,3.6873302564295194e-09
From Industrial Area,Land use / Land transformation,square meter,3.6785288424281117e-09
Silicon,Emissions / Emissions to soil,kilogram,3.6734085534005337e-09
Talc,resources / in ground,kilogram,3.667939292260355e-09
Toluene,Emissions / Emissions to air,kilogram,3.6582245681071027e-09
Ethyl Benzene,Emissions / Emissions to air,kilogram,3.6502815861696924e-09
Iron,Emissions / Emissions to air,kilogram,3.616623812448117e-09
Magnesium,Emissions / Emissions to air,kilogram,3.5762437069528675e-09
"Hydrocarbons, Aliphatic, Alkanes, Unspecified",air,kilogram,3.5553168247753534e-09
"From Forest, Extensive",Land use / Land transformation,square meter,3.540860963696497e-09
Arsenic,Emissions / Emissions to water,kilogram,3.529731259595484e-09
Copper,Emissions / Emissions to air,kilogram,3.4110062711134545e-09
"Radioactive Species, Alpha Emitters",water,kilo Becquerel,3.371091115134958e-09
Tin atom,Emissions / Emissions to water,kilogram,3.3640003700535353e-09
Phosphorus,Emissions / Emissions to water,kilogram,3.3548402948820293e-09
Nickel,Emissions / Emissions to air,kilogram,3.321892686317296e-09
"Sand, resource correction",resources / in ground,kilogram,3.315657855756598e-09
Zinc,Emissions / Emissions to soil,kilogram,3.300477759138718e-09
Vanadium(2+),Emissions / Emissions to air,kilogram,3.2040696200751167e-09
Benzene,Emissions / Emissions to water,kilogram,3.1396796831319116e-09
Magnesium,Emissions / Emissions to air,kilogram,3.0886598138717203e-09
Uranium-235,Emissions / Emissions to air,kilo Becquerel,3.0805449848664322e-09
Molybdenum,Emissions / Emissions to air,kilogram,3.0466734936332376e-09
Lead,Emissions / Emissions to air,kilogram,3.02477823533033e-09
fluorane,Emissions / Emissions to air,kilogram,2.9922264859944763e-09
Nitrogen Dioxide,Emissions / Emissions to air,kilogram,2.9550138772540334e-09
Methanol,Emissions / Emissions to air,kilogram,2.9400864545529146e-09
Cyanide,Emissions / Emissions to water,kilogram,2.897248387767129e-09
Xylene,Emissions / Emissions to air,kilogram,2.8507776002680007e-09
Hydrogen Sulfide,Emissions / Emissions to air,kilogram,2.8158791842153472e-09
Butene,Emissions / Emissions to air,kilogram,2.790341339823958e-09
Vermiculite,soil,kilogram,2.7576796136360416e-09
"Hydrocarbons, Aliphatic, Unsaturated",air,kilogram,2.734281746070849e-09
Iodine-133,Emissions / Emissions to air,kilo Becquerel,2.7062543070432807e-09
2-hydroxybenzonitrile,Emissions / Emissions to air,kilogram,2.659246277124224e-09
Sodium-24,water,kilo Becquerel,2.6216694794351013e-09
Phenol,Emissions / Emissions to water,kilogram,2.6093213464859563e-09
HFC-134a,Emissions / Emissions to air,kilogram,2.606622952075933e-09
Thorium-230,Emissions / Emissions to air,kilo Becquerel,2.597580004977206e-09
Xylene,Emissions / Emissions to water,kilogram,2.562318472680764e-09
Acrolein,Emissions / Emissions to air,kilogram,2.5297423469513414e-09
Carbon Dioxide (fossil),Emissions / Emissions to air,kilogram,2.5285766503235154e-09
Radium-228,air,kilo Becquerel,2.5171584951349405e-09
"To Permanent Crops, Non-irrigated, Intensive",Land use / Land transformation,square meter,2.4688670701512425e-09
Sodium,air,kilogram,2.410345926952368e-09
Calcium,Emissions / Emissions to air,kilogram,2.405385446885058e-09
Titanium,Emissions / Emissions to air,kilogram,2.341704670008861e-09
"Wood, primary forest, standing",resources / biotic,cubic meter,2.2788808143189614e-09
Nickel,Emissions / Emissions to water,kilogram,2.274129234226861e-09
Boron,Emissions / Emissions to soil,kilogram,2.270682623887345e-09
Acetic Acid,Emissions / Emissions to air,kilogram,2.2537666189324395e-09
Thorium-232,emissions to air / low. pop.,kilo Becquerel,2.242455471378903e-09
Strontium,Emissions / Emissions to soil,kilogram,2.2100944243312244e-09
Fluorine,Emissions / Emissions to air,kilogram,2.1849379321515574e-09
Nitrogen,water,kilogram,2.1783125928116827e-09
Tin atom,Emissions / Emissions to air,kilogram,2.1648115042229235e-09
Cobalt,Resources / Resources from ground,kilogram,2.151233941349711e-09
Cobalt-57,water,kilo Becquerel,2.112270015104753e-09
Sodium,air,kilogram,2.1065544888255585e-09
"Oils, biogenic",emissions to soil / forestry,kilogram,2.0793982201933485e-09
Hydrogen Sulfide,Emissions / Emissions to air,kilogram,2.07665493211225e-09
Benzaldehyde,Emissions / Emissions to air,kilogram,1.973448201913341e-09
Lead(2+),Emissions / Emissions to water,kilogram,1.9712169420718374e-09
Nickel,Emissions / Emissions to air,kilogram,1.951919917302686e-09
Ethyl Benzene,Emissions / Emissions to water,kilogram,1.9446200700487304e-09
Nickel,Emissions / Emissions to water,kilogram,1.9381030939284384e-09
Propylene,Emissions / Emissions to air,kilogram,1.893508170580698e-09
Formaldehyde,Emissions / Emissions to water,kilogram,1.8076328935825107e-09
Ethyl Benzene,Emissions / Emissions to air,kilogram,1.7908030236362743e-09
Nitrite,Emissions / Emissions to water,kilogram,1.7358472844565588e-09
"Hydrocarbons, Aromatic",Emissions / Emissions to air,kilogram,1.6769001829437067e-09
Chlorine,Emissions / Emissions to water,kilogram,1.6668688766747803e-09
Formaldehyde,Emissions / Emissions to water,kilogram,1.6575520497443796e-09
"1,3-Butadiene",Emissions / Emissions to air,kilogram,1.6363507521607975e-09
Ethylene,Emissions / Emissions to water,kilogram,1.6229528648793639e-09
zinc,Emissions / Emissions to soil,kilogram,1.6203922624952354e-09
Cyanide,Emissions / Emissions to air,kilogram,1.6199566608414795e-09
Formic Acid,Emissions / Emissions to air,kilogram,1.5997748078897939e-09
Polycyclic Aromatic Hydrocarbons,Emissions / Emissions to water,kilogram,1.5769435680266754e-09
Copper,Emissions / Emissions to water,kilogram,1.475824148988485e-09
Ulexite,resources / in ground,kilogram,1.4295403388371175e-09
M-xylene,Emissions / Emissions to air,kilogram,1.4003609277847956e-09
"To Arable, Fallow",Land use / Land transformation,square meter,1.3804982280701952e-09
Thorium-228,air,kilo Becquerel,1.3731586140151134e-09
Oxygen,natural resource,kilogram,-1.3511294753806984e-09
Niobium-95,water,kilo Becquerel,1.3377943536206735e-09
Tellurium-123m,water,kilo Becquerel,1.3353839102666506e-09
Ethyl Benzene,Emissions / Emissions to water,kilogram,1.3153859593150634e-09
Aluminium,Emissions / Emissions to soil,kilogram,1.287370986159947e-09
Sulfur,Emissions / Emissions to soil,kilogram,1.2581458177223444e-09
Polycyclic Aromatic Hydrocarbons,Emissions / Emissions to water,kilogram,1.256429054927739e-09
bromine,Emissions / Emissions to water,kilogram,1.2522300831534405e-09
Acetone,Emissions / Emissions to air,kilogram,1.2433617681709924e-09
Antimony,Emissions / Emissions to water,kilogram,1.2229537819230852e-09
Polonium-210,water,kilo Becquerel,1.218983208942062e-09
"Actinides, Radioactive, Unspecified",air,kilo Becquerel,1.2109101994336848e-09
thallium,Emissions / Emissions to water,kilogram,1.1969510291462356e-09
Kieserite,soil,kilogram,1.1967161949945622e-09
Bromate,Emissions / Emissions to water,kilogram,1.1787949416447377e-09
"Urban, Continuously Built",Land use / Land occupation,square meter-year,1.1699852657046906e-09
To Agriculture,Land use / Land transformation,square meter,1.1626176584067757e-09
"Oils, biogenic",emissions to soil / unspecified,kilogram,1.1260565728933927e-09
Titanium,Emissions / Emissions to air,kilogram,1.121312374674729e-09
From Agriculture,Land use / Land transformation,square meter,1.1149259079159207e-09
Lithium,Resources / Resources from ground,kilogram,1.1099518696731025e-09
chromium,Emissions / Emissions to soil,kilogram,1.1001835187117698e-09
Tebutam,soil,kilogram,1.0853609482241478e-09
Lanthanum-140,water,kilo Becquerel,1.0577559608404768e-09
Metazachlor,Emissions / Emissions to soil,kilogram,1.05752572264602e-09
Silicon,Emissions / Emissions to air,kilogram,1.0301869153547994e-09
"From Arable, Fallow",Land use / Land transformation,square meter,1.0170971452862878e-09
Bromine,natural resource,kilogram,1.0117668197229063e-09
Barium-140,water,kilo Becquerel,1.0004856646656018e-09
Chlorobenzene,Emissions / Emissions to water,kilogram,9.93614215192508e-10
Acetaldehyde,Emissions / Emissions to air,kilogram,9.895320820031731e-10
Nickel,Emissions / Emissions to air,kilogram,9.594692196513699e-10
Ruthenium-106,Emissions / Emissions to water,kilo Becquerel,8.937473418564988e-10
Bromide ion,Emissions / Emissions to water,kilogram,8.925050899889006e-10
Ethyl Acetate,Emissions / Emissions to air,kilogram,8.873382613595799e-10
Methyl Ethyl Ketone,Emissions / Emissions to air,kilogram,8.871946112653536e-10
"Volume Occupied, Underground Deposit",land use,cubic meter,8.817893129776364e-10
Ammonium,Emissions / Emissions to water,kilogram,8.758448008113152e-10
Arsenic,Emissions / Emissions to air,kilogram,8.679290508438603e-10
"Hydrocarbons, Aliphatic, Unsaturated",water,kilogram,8.675073252091364e-10
Cumene,Emissions / Emissions to air,kilogram,8.660452197199797e-10
Manganese,Emissions / Emissions to air,kilogram,8.063694515981168e-10
Lead-210,water,kilo Becquerel,8.01066743680969e-10
Styrene,Emissions / Emissions to air,kilogram,8.001655032864599e-10
Sulfate Ion,air,kilogram,7.995389048161017e-10
Tert-butyl Methyl Ether,Emissions / Emissions to air,kilogram,7.876163238061611e-10
Cyanide,Emissions / Emissions to air,kilogram,7.873051295593408e-10
Zinc(2+),Emissions / Emissions to soil,kilogram,7.750987258972787e-10
Sulfur hexafluoride,Emissions / Emissions to air,kilogram,7.607027776344738e-10
Zinc,Emissions / Emissions to air,kilogram,7.356885900574908e-10
Boron,Emissions / Emissions to air,kilogram,7.335387591194905e-10
Rubidium,water,kilogram,7.229227436183943e-10
Aluminium,Emissions / Emissions to water,kilogram,6.78686266843264e-10
Chromium,Emissions / Emissions to air,kilogram,6.5754005873052e-10
"(2,4-dichlorophenoxy)acetic Acid",Emissions / Emissions to soil,kilogram,6.479784296910305e-10
Copper,Emissions / Emissions to water,kilogram,6.410985697373636e-10
Glyphosate,Emissions / Emissions to soil,kilogram,6.39477694823541e-10
Iodine-133,water,kilo Becquerel,6.214905889746746e-10
Acetaldehyde,Emissions / Emissions to water,kilogram,5.998730496680677e-10
Ethyl Benzene,Emissions / Emissions to water,kilogram,5.960234430376116e-10
Nitrate,Emissions / Emissions to air,kilogram,5.929815088319129e-10
"Hydrocarbons, Aliphatic, Unsaturated",water,kilogram,5.833986537541505e-10
Methanol,Emissions / Emissions to air,kilogram,5.738313645475378e-10
Acetone,Emissions / Emissions to air,kilogram,5.717793551732339e-10
O-xylene,Emissions / Emissions to air,kilogram,5.715074497693107e-10
Acetylene,Emissions / Emissions to air,kilogram,5.652473124388939e-10
"Hydrocarbons, Aromatic",Emissions / Emissions to air,kilogram,5.472636326623103e-10
Iron,Emissions / Emissions to air,kilogram,5.434316803902106e-10
Sulfate Ion,soil,kilogram,5.379734024639699e-10
Sulfite,water,kilogram,5.37884849342184e-10
Magnesium,Emissions / Emissions to soil,kilogram,5.301622834464537e-10
Phosphorus,Emissions / Emissions to water,kilogram,5.276670978486636e-10
Methanol,Emissions / Emissions to water,kilogram,5.248020801280415e-10
Chlorine,Emissions / Emissions to air,kilogram,5.067576265924717e-10
Cobalt,Emissions / Emissions to air,kilogram,5.012123951613835e-10
Ethanolamine,Emissions / Emissions to air,kilogram,5.011016372198286e-10
2-methyl-1-propene,Emissions / Emissions to air,kilogram,4.992890048545282e-10
Rubidium,water,kilogram,4.859806106372631e-10
Argon,air,kilogram,4.833335369353103e-10
sulfur,Emissions / Emissions to water,kilogram,4.719688046630894e-10
Arsenic,Emissions / Emissions to water,kilogram,4.692768107690684e-10
Thorium-232,emissions to water / ocean,kilo Becquerel,4.680605733264713e-10
Sulfide ion,water,kilogram,4.60460795032728e-10
Vanadium(2+),Emissions / Emissions to air,kilogram,4.559128226507514e-10
Furan,Emissions / Emissions to air,kilogram,4.5424734897666565e-10
Cobalt-60,Emissions / Emissions to water,kilo Becquerel,4.524843346861031e-10
Chlorine,Emissions / Emissions to air,kilogram,4.448259313255309e-10
Bromine,Emissions / Emissions to air,kilogram,4.338606873087551e-10
Heptane,Emissions / Emissions to air,kilogram,4.2866289828673766e-10
Diflubenzuron,Emissions / Emissions to soil,kilogram,4.2097156729056174e-10
Shale,soil,kilogram,4.2035139474208727e-10
Manganese,Emissions / Emissions to air,kilogram,4.133064573314552e-10
Zirconium-95,water,kilo Becquerel,4.126682664407399e-10
"To Urban, Discontinuously Built",Land use / Land transformation,square meter,4.1254646348670404e-10
Acetic Acid,Emissions / Emissions to water,kilogram,4.0324262995960363e-10
Chromium,Emissions / Emissions to soil,kilogram,3.990676666198168e-10
Cerium-141,water,kilo Becquerel,3.972215534042577e-10
(1S)-1-(ethylcarbamoyl)ethyl N-phenylcarbamate,Emissions / Emissions to soil,kilogram,3.9449342352980015e-10
Vanadium,Emissions / Emissions to water,kilogram,3.9387187934746964e-10
Borax,resources / in ground,kilogram,3.9275804019274653e-10
Silicon,Emissions / Emissions to soil,kilogram,3.8616769519822173e-10
Lead,Emissions / Emissions to air,kilogram,3.8502568090861065e-10
Titanium,Emissions / Emissions to air,kilogram,3.847646249876373e-10
Barium-140,air,kilo Becquerel,3.8455921015923455e-10
"Hydrocarbons, Aliphatic, Unsaturated",air,kilogram,3.738044669508948e-10
Acetylene,Emissions / Emissions to air,kilogram,3.7174952422531324e-10
Molybdenum-99,water,kilo Becquerel,3.673008906726228e-10
Cadmium,Emissions / Emissions to air,kilogram,3.650975356876133e-10
Aluminium,Emissions / Emissions to air,kilogram,3.607540921146842e-10
Manganese,Emissions / Emissions to water,kilogram,3.597273782624803e-10
Chromium,Emissions / Emissions to water,kilogram,3.565950637011906e-10
Titanium,Emissions / Emissions to water,kilogram,3.3866958736956055e-10
Napropamide,Emissions / Emissions to soil,kilogram,3.367703697003615e-10
Lead(2+),Emissions / Emissions to water,kilogram,3.297474573223867e-10
Sulfur hexafluoride,Emissions / Emissions to air,kilogram,3.2639040190513253e-10
Nitrate,soil,kilogram,3.2225008241317846e-10
Lead,Emissions / Emissions to air,kilogram,3.213720311519251e-10
copper,Emissions / Emissions to soil,kilogram,3.1895514079958423e-10
Magnesium chloride,resources / in ground,kilogram,3.1706168957824084e-10
Phosphorus,Emissions / Emissions to water,kilogram,3.170220631006766e-10
Cobalt,Emissions / Emissions to water,kilogram,3.169494309312226e-10
Cesium-137,Emissions / Emissions to air,kilo Becquerel,3.09739961124034e-10
Acrolein,Emissions / Emissions to air,kilogram,3.079260337469413e-10
Nitrate,Emissions / Emissions to air,kilogram,3.076549176242338e-10
Copper,Emissions / Emissions to air,kilogram,3.0373575568025306e-10
Fluosilicic Acid,water,kilogram,3.0261622538273453e-10
Trifluralin,Emissions / Emissions to soil,kilogram,2.9788128104217113e-10
Isopropanol,Emissions / Emissions to air,kilogram,2.9744917890831345e-10
Tin atom,Emissions / Emissions to air,kilogram,2.971071123148718e-10
Seabed,land use,square meter-year,2.9701852352045556e-10
Iodine-131,Emissions / Emissions to water,kilo Becquerel,2.8954103258088933e-10
Phenol,Emissions / Emissions to air,kilogram,2.890544016318636e-10
Chlormequat Chloride,Emissions / Emissions to soil,kilogram,2.8651726360617464e-10
Americium-241,Emissions / Emissions to water,kilo Becquerel,2.846004118921123e-10
Phosphorus,Emissions / Emissions to air,kilogram,2.7950977384902236e-10
Radon-220,air,kilo Becquerel,2.7002944071466816e-10
fluoride,Emissions / Emissions to soil,kilogram,2.6584828192354436e-10
Cerium,natural resource,kilogram,2.658306806201446e-10
Ethanol,Emissions / Emissions to air,kilogram,2.6473443497330293e-10
"Radioactive species, unspecified",emissions to air / low. pop.,kilo Becquerel,2.615371157454307e-10
"Hydrocarbons, Chlorinated",air,kilogram,2.5582620395714516e-10
silver,Emissions / Emissions to water,kilogram,2.53766108724086e-10
Nitrite,Emissions / Emissions to water,kilogram,2.4601157622960935e-10
Selenium,Emissions / Emissions to water,kilogram,2.439543098961283e-10
Cyanide,Emissions / Emissions to water,kilogram,2.4024997470345246e-10
Acetonitrile,Emissions / Emissions to air,kilogram,2.3918548494823827e-10
Carbon tetrafluoride,Emissions / Emissions to air,kilogram,2.3637538882738546e-10
M-xylene,Emissions / Emissions to air,kilogram,2.3467815585035e-10
Acetylene,Emissions / Emissions to air,kilogram,2.3248895641775393e-10
Benzaldehyde,Emissions / Emissions to air,kilogram,2.317571711193563e-10
Zinc,Emissions / Emissions to air,kilogram,2.3025129483443754e-10
Platinum,Resources / Resources from ground,kilogram,2.2459101571187403e-10
Chrysotile,resources / in ground,kilogram,2.2419251587230204e-10
Cypermethrin,Emissions / Emissions to soil,kilogram,2.2407517693167712e-10
Phosphorus Trichloride,Emissions / Emissions to air,kilogram,2.2268829705984716e-10
Vanadium,Emissions / Emissions to air,kilogram,2.2241296538159484e-10
Cesium-134,Emissions / Emissions to water,kilo Becquerel,2.1666654822733106e-10
Fluorine,Emissions / Emissions to air,kilogram,2.1435742428861664e-10
Antimony-122,water,kilo Becquerel,2.14068612053367e-10
Barium(2+),Emissions / Emissions to air,kilogram,2.1026946322089297e-10
barium,Emissions / Emissions to air,kilogram,2.077160619543536e-10
"Hydrocarbons, Aliphatic, Alkanes, Cyclic",air,kilogram,2.0661272486682083e-10
Terpenes,air,kilogram,1.9932122296822968e-10
Metaldehyde,Emissions / Emissions to soil,kilogram,1.9862453030376763e-10
Iodine,Emissions / Emissions to air,kilogram,1.9572622815617126e-10
calcium,Emissions / Emissions to soil,kilogram,1.9148580164915542e-10
arsenic,Emissions / Emissions to air,kilogram,1.9007980501601563e-10
Nickel,Emissions / Emissions to water,kilogram,1.892594881229771e-10
HFC-152a,Emissions / Emissions to air,kilogram,1.8037492658287337e-10
Potassium,air,kilogram,1.787681236084392e-10
Silver,Resources / Resources from ground,kilogram,1.754207463443055e-10
"Radioactive Species, Other Beta Emitters",air,kilo Becquerel,1.7476778116249248e-10
Dimethyl Formamide,Emissions / Emissions to air,kilogram,1.747605124281607e-10
Strontium,Emissions / Emissions to air,kilogram,1.7432158435205338e-10
Polycyclic Aromatic Hydrocarbons,Emissions / Emissions to water,kilogram,1.6846201494368706e-10
Fluosilicic Acid,air,kilogram,1.6812012994796018e-10
Iron-59,water,kilo Becquerel,1.6601789000939757e-10
Isocyanic Acid,air,kilogram,1.650268218346401e-10
Vanadium(2+),Emissions / Emissions to water,kilogram,1.5961677644255221e-10
Strontium,Emissions / Emissions to air,kilogram,1.5915554136887734e-10
Cadmium,Resources / Resources from ground,kilogram,1.5726518249326829e-10
Hydrogen Sulfide,Emissions / Emissions to water,kilogram,1.5574813792532064e-10
Manganese,Emissions / Emissions to air,kilogram,1.5535681602071143e-10
Adsorbable Organic Halogen Compounds,Emissions / Emissions to water,kilogram,1.5486064242088505e-10
Propionic Acid,Emissions / Emissions to air,kilogram,1.5340588201755366e-10
"Aldehydes, Unspecified",Emissions / Emissions to air,kilogram,1.4994875198021664e-10
Anhydrite,resources / in ground,kilogram,1.4847196676657835e-10
Selenium,Emissions / Emissions to air,kilogram,1.4684022578097505e-10
Iodine,natural resource,kilogram,1.4651292317644016e-10
Carbon black,emissions to air / unspecified,kilogram,1.4162440440366714e-10
Magnesium,Emissions / Emissions to air,kilogram,1.399702189263234e-10
Mercury,Emissions / Emissions to air,kilogram,1.3901551285972153e-10
Chromium(3+),Emissions / Emissions to water,kilogram,1.349358792255115e-10
Chromium,Emissions / Emissions to air,kilogram,1.34423546294677e-10
strontium,Emissions / Emissions to air,kilogram,1.3031243649721382e-10
Scandium,air,kilogram,1.2835285406425442e-10
Copper,Emissions / Emissions to air,kilogram,1.2667872271512023e-10
Sulfur,Emissions / Emissions to soil,kilogram,1.2623682281574348e-10
"1,2-dichloroethane",Emissions / Emissions to air,kilogram,1.2438687211887214e-10
Tebuconazole,Emissions / Emissions to soil,kilogram,1.238822466625e-10
Trifluoromethane,Emissions / Emissions to air,kilogram,1.2352610568133746e-10
Silicon,Emissions / Emissions to water,kilogram,1.1806026458329186e-10
Cesium-134,Emissions / Emissions to air,kilo Becquerel,1.173054668427932e-10
"1,2-dichloroethane",Emissions / Emissions to air,kilogram,1.1728510314008592e-10
Tungsten,Emissions / Emissions to water,kilogram,1.1603404267551678e-10
Silver,Emissions / Emissions to water,kilogram,1.1568841255879354e-10
Cadmium,Emissions / Emissions to water,kilogram,1.1534775785983947e-10
Cerium-144,water,kilo Becquerel,1.141383585256772e-10
Chlorine,Emissions / Emissions to soil,kilogram,1.115891125605024e-10
Cadmium,Emissions / Emissions to air,kilogram,1.1106231214264813e-10
Potassium,soil,kilogram,1.1061039510422581e-10
Hydroxide,water,kilogram,1.10263767484912e-10
Chromium,Emissions / Emissions to soil,kilogram,1.0878093093948142e-10
Molybdenum,Emissions / Emissions to water,kilogram,1.08553996126902e-10
Bromine,Emissions / Emissions to air,kilogram,1.072563699924256e-10
Vinyl Chloride,Emissions / Emissions to air,kilogram,1.0714778533434959e-10
Nitrate,Emissions / Emissions to air,kilogram,1.0581762238295049e-10
glyphosate,Emissions / Emissions to soil,kilogram,1.0467988900796457e-10
Titanium,Emissions / Emissions to water,kilogram,1.0357083886620154e-10
"Acidity, unspecified",emissions to water / river,kilogram,1.0323603119094918e-10
Ethylenediamine,Emissions / Emissions to air,kilogram,1.0256471383170113e-10
Lead,Emissions / Emissions to water,kilogram,1.0146038041327004e-10
Polycyclic Aromatic Hydrocarbons,Emissions / Emissions to air,kilogram,1.0114997892272551e-10
Sulfide ion,water,kilogram,9.919725286353248e-11
Chlorate ion,Emissions / Emissions to water,kilogram,9.863897069642579e-11
"Oils, Unspecified",Emissions / Emissions to air,kilogram,9.826623222527385e-11
Adsorbable Organic Halogen Compounds,Emissions / Emissions to water,kilogram,9.781893986855102e-11
Potassium-40,water,kilo Becquerel,9.682351515502501e-11
Chloroacetic Acid,Emissions / Emissions to water,kilogram,9.671283006886245e-11
Ethanol,Emissions / Emissions to air,kilogram,9.607506279055781e-11
Sulfur,Emissions / Emissions to water,kilogram,9.597031422998222e-11
Styrene,Emissions / Emissions to air,kilogram,9.520399223314044e-11
Ozone,air,kilogram,9.447912306936072e-11
Chromium(3+),Emissions / Emissions to air,kilogram,9.398424431241964e-11
Cerium-141,air,kilo Becquerel,9.322707073024429e-11
Cobalt,Emissions / Emissions to air,kilogram,9.310653460425141e-11
Selenium,Emissions / Emissions to air,kilogram,9.292462882274207e-11
Antimony,Emissions / Emissions to air,kilogram,8.803416123389807e-11
arsenic,Emissions / Emissions to soil,kilogram,8.801192494789926e-11
Endosulfan,Emissions / Emissions to soil,kilogram,8.737145845260547e-11
Arsenic,Emissions / Emissions to water,kilogram,8.568902533301536e-11
Hypochlorite,water,kilogram,8.420281383191704e-11
Carbofuran,Emissions / Emissions to soil,kilogram,8.232811848797922e-11
Iodine,Emissions / Emissions to air,kilogram,8.232438439373001e-11
Cobalt-60,Emissions / Emissions to air,kilo Becquerel,8.141485577986634e-11
Titanium,Emissions / Emissions to soil,kilogram,8.122835102237464e-11
Lanthanum,natural resource,kilogram,7.955424924293509e-11
Polycyclic Aromatic Hydrocarbons,Emissions / Emissions to air,kilogram,7.94379324561396e-11
Sodium bromide,resources / unspecified,kilogram,7.53141875550496e-11
Calcium,Emissions / Emissions to air,kilogram,7.306852066445276e-11
Ruthenium-103,water,kilo Becquerel,7.300765354786136e-11
Molybdenum,Emissions / Emissions to air,kilogram,7.299217106522113e-11
Cesium,Emissions / Emissions to water,kilogram,7.229227538897168e-11
Cobalt-60,Emissions / Emissions to air,kilo Becquerel,7.229111069627391e-11
Propylene Oxide,Emissions / Emissions to air,kilogram,7.019979372985912e-11
Propylene Oxide,Emissions / Emissions to water,kilogram,7.013212329434985e-11
Aluminium,Emissions / Emissions to soil,kilogram,6.951017580935428e-11
Carbendazim,Emissions / Emissions to soil,kilogram,6.898779277804053e-11
Hydrogen Sulfide,Emissions / Emissions to air,kilogram,6.840732641013535e-11
Arsenic,Emissions / Emissions to air,kilogram,6.699142429707627e-11
"1,4-Butanediol",Emissions / Emissions to air,kilogram,6.695963976666679e-11
Lead(2+),Emissions / Emissions to water,kilogram,6.660603708332018e-11
Cesium-136,water,kilo Becquerel,6.654124261214899e-11
Methanol,Emissions / Emissions to water,kilogram,6.601788832524962e-11
"Radioactive Species, Other Beta Emitters",air,kilo Becquerel,6.587751223339169e-11
Nickel,Emissions / Emissions to air,kilogram,6.584207405804763e-11
Copper(2+),Emissions / Emissions to soil,kilogram,6.562270120111252e-11
Manganese,Emissions / Emissions to soil,kilogram,6.544694563644169e-11
Decane,Emissions / Emissions to water,kilogram,6.54361199596146e-11
Glutaraldehyde,Emissions / Emissions to water,kilogram,6.513232773482152e-11
O-xylene,Emissions / Emissions to air,kilogram,6.38882566284333e-11
Adsorbable Organic Halogen Compounds,Emissions / Emissions to water,kilogram,6.371707562301002e-11
"Volume Occupied, Final Repository For Low-active Radioactive Waste",land use,cubic meter,6.359738270931101e-11
Metolachlor,Emissions / Emissions to soil,kilogram,6.34121525924281e-11
Molybdenum,Emissions / Emissions to air,kilogram,6.241280045412797e-11
Boron,Emissions / Emissions to air,kilogram,6.025725348682529e-11
Phosphorus,Emissions / Emissions to air,kilogram,6.025725348682529e-11
Hcfc 124,Emissions / Emissions to air,kilogram,5.94709432659372e-11
Cfc 113,Emissions / Emissions to air,kilogram,5.947093846164323e-11
Cyanide,Emissions / Emissions to water,kilogram,5.914695450135888e-11
Selenium,Emissions / Emissions to water,kilogram,5.895757637909048e-11
To Seabed,land use,square meter,5.844933028417864e-11
Benzo[a]pyrene,Emissions / Emissions to air,kilogram,5.769273263091569e-11
Propaquizafop,Emissions / Emissions to soil,kilogram,5.714560369518692e-11
Silver,Emissions / Emissions to water,kilogram,5.6799263633179166e-11
Vinyl Chloride,Emissions / Emissions to air,kilogram,5.623239811056172e-11
Octene,Emissions / Emissions to air,kilogram,5.4907389242056815e-11
CFC-114,Emissions / Emissions to air,kilogram,5.318200796134629e-11
Olivine,soil,kilogram,5.245210701624135e-11
Antimony,Emissions / Emissions to air,kilogram,5.211031099866935e-11
Benzo[a]pyrene,Emissions / Emissions to air,kilogram,5.173918276714511e-11
Monocrotophos,Emissions / Emissions to soil,kilogram,5.143001870558196e-11
Selenium,Emissions / Emissions to air,kilogram,4.982008439603651e-11
"1,2-dichlorobenzene",Emissions / Emissions to water,kilogram,4.864812900867881e-11
Cesium,Emissions / Emissions to water,kilogram,4.8598061754046425e-11
"Acidity, unspecified",emissions to water / unspecified,kilogram,4.827839489919412e-11
Mercury,Emissions / Emissions to air,kilogram,4.808288569161254e-11
Carbon,soil,kilogram,4.726244834762015e-11
Potassium,air,kilogram,4.625369751458942e-11
Gamma-Butyrolactone,Emissions / Emissions to water,kilogram,4.621224197239768e-11
Mancozeb,Emissions / Emissions to soil,kilogram,4.484026588138591e-11
Neodymium,natural resource,kilogram,4.3830653860964453e-11
Waste Heat,air,megajoule,4.3567903776716846e-11
Antimony,Emissions / Emissions to water,kilogram,4.279978388856196e-11
Zirconium,Resources / Resources from ground,kilogram,4.273631934568955e-11
lead,Emissions / Emissions to soil,kilogram,4.223490159312131e-11
Cadmium,Emissions / Emissions to air,kilogram,4.075926728213756e-11
Vanadium,Emissions / Emissions to water,kilogram,4.0295299258646065e-11
"Nitrogen, Total (excluding N2)",Emissions / Emissions to water,kilogram,3.873879191125313e-11
Metconazole,Emissions / Emissions to soil,kilogram,3.856550424807038e-11
Lead(2+),Emissions / Emissions to soil,kilogram,3.7670004000006566e-11
Stibnite,resources / in ground,kilogram,3.766330275173933e-11
Sodium,air,kilogram,3.6887285377753266e-11
Arsenic,Emissions / Emissions to air,kilogram,3.670573692467594e-11
Molybdenum,Emissions / Emissions to water,kilogram,3.633891216483854e-11
Mercury,Emissions / Emissions to air,kilogram,3.587869746598833e-11
Aclonifen,Emissions / Emissions to soil,kilogram,3.4583725559765376e-11
Chlorothalonil,Emissions / Emissions to soil,kilogram,3.453131798656882e-11
Ethanol,Emissions / Emissions to air,kilogram,3.420645923100521e-11
"Hydrocarbons, Aliphatic, Unsaturated",air,kilogram,3.41248668808225e-11
Fluorine,Emissions / Emissions to air,kilogram,3.291819461088292e-11
Lanthanum-140,air,kilo Becquerel,3.286719206962749e-11
Barium(2+),Emissions / Emissions to air,kilogram,3.166911527203964e-11
Gold,Resources / Resources from ground,kilogram,3.0927064237983806e-11
Scandium,water,kilogram,2.9630490923060523e-11
Isobutane,Emissions / Emissions to air,kilogram,2.929791110222708e-11
Bromotrifluoromethane,Emissions / Emissions to air,kilogram,2.9010402353755222e-11
Cobalt,Emissions / Emissions to air,kilogram,2.880590782429847e-11
Strontium(2+),Emissions / Emissions to air,kilogram,2.859864392933669e-11
Chromium,Emissions / Emissions to water,kilogram,2.7956979951213496e-11
Nickel,Emissions / Emissions to soil,kilogram,2.748052913049092e-11
Barium,Emissions / Emissions to soil,kilogram,2.690564695723881e-11
"1,4-Butanediol",Emissions / Emissions to water,kilogram,2.6784049453890903e-11
Black carbon,emissions to air / unspecified,kilogram,2.573678706639881e-11
Mercury(2+),Emissions / Emissions to water,kilogram,2.511630978165749e-11
Pentachlorophenol,Emissions / Emissions to air,kilogram,2.4758657159444893e-11
Fluazifop-p-butyl,Emissions / Emissions to soil,kilogram,2.463177798453646e-11
Scandium,water,kilogram,2.3933586760063256e-11
Hexafluoroethane,Emissions / Emissions to air,kilogram,2.3654747647121236e-11
Chlorodifluoromethane,Emissions / Emissions to air,kilogram,2.365175066942185e-11
Acetone,Emissions / Emissions to air,kilogram,2.3229565932742524e-11
Chromium(6+),Emissions / Emissions to air,kilogram,2.312310984132327e-11
Beryllium(2+),Emissions / Emissions to water,kilogram,2.301216865573219e-11
Hydrogen Peroxide,Emissions / Emissions to water,kilogram,2.2931375115177615e-11
Ethanol,Emissions / Emissions to water,kilogram,2.26632704666658e-11
Cinnabar,soil,kilogram,2.2450222574450675e-11
Mercury(2+),Emissions / Emissions to water,kilogram,2.2375742043104355e-11
Tributyltin,Emissions / Emissions to water,kilogram,2.1975032809123172e-11
Butene,Emissions / Emissions to water,kilogram,2.182066338380996e-11
Methyl acrylate,Emissions / Emissions to water,kilogram,2.17562288714903e-11
"1,2-dichloroethane",Emissions / Emissions to water,kilogram,2.1543440005189117e-11
Isoprene,Emissions / Emissions to air,kilogram,2.1079192620300333e-11
Propanal,Emissions / Emissions to air,kilogram,2.007228259254695e-11
Tellurium-132,water,kilo Becquerel,1.9938692535249063e-11
Phosphorus,Emissions / Emissions to soil,kilogram,1.988957763314214e-11
Ethylene,Emissions / Emissions to water,kilogram,1.9777217690286675e-11
Cadmium,Emissions / Emissions to water,kilogram,1.9623733651061206e-11
Gamma-Butyrolactone,Emissions / Emissions to air,kilogram,1.9254749865058146e-11
Chromium(6+),Emissions / Emissions to air,kilogram,1.9054586472540437e-11
Total Organic Carbon,air,kilogram,1.8631711398413985e-11
Vanadium(2+),Emissions / Emissions to air,kilogram,1.8629420368198133e-11
Total Organic Carbon,soil,kilogram,1.8514146051542475e-11
Formate,water,kilogram,1.804556054920318e-11
"Aldehydes, Unspecified",Emissions / Emissions to air,kilogram,1.7942207396158695e-11
Selenium,Emissions / Emissions to air,kilogram,1.7930207294093536e-11
Bentazon,Emissions / Emissions to soil,kilogram,1.7662719745468335e-11
Acetaldehyde,Emissions / Emissions to water,kilogram,1.6918152502898106e-11
Methylamine,Emissions / Emissions to water,kilogram,1.6736803793031367e-11
Titanium,Emissions / Emissions to water,kilogram,1.656976552236447e-11
Ethylene Oxide,Emissions / Emissions to air,kilogram,1.6416284255915335e-11
Cobalt,Emissions / Emissions to air,kilogram,1.6172173849257942e-11
Water,air,cubic meter,1.6074671128143632e-11
Uranium-235,Emissions / Emissions to air,kilo Becquerel,1.5507656950975746e-11
Zinc-65,air,kilo Becquerel,1.5276009258020582e-11
"Volume Occupied, Final Repository For Radioactive Waste",land use,cubic meter,1.4997064361537667e-11
Dichloroacetylene,Emissions / Emissions to air,kilogram,1.497746943724819e-11
Tungsten,Emissions / Emissions to air,kilogram,1.4500932793326049e-11
Total Organic Carbon,air,kilogram,1.419017689467274e-11
Zirconium-95,air,kilo Becquerel,1.4015802647565867e-11
Iodine-131,Emissions / Emissions to water,kilo Becquerel,1.4012709693885107e-11
Bromine,Emissions / Emissions to air,kilogram,1.3895049823344585e-11
Tantalum,Resources / Resources from ground,kilogram,1.3762539392120573e-11
Ethylene Oxide,Emissions / Emissions to air,kilogram,1.358425839222139e-11
Dichromate,water,kilogram,1.279304521383423e-11
Uranium,emissions to water / unspecified,kilogram,1.261626583077876e-11
Copper,Emissions / Emissions to soil,kilogram,1.2440727712134151e-11
Titanium,Emissions / Emissions to air,kilogram,1.2381885148023144e-11
Potassium-40,air,kilo Becquerel,1.2373266366310076e-11
N-propanol,Emissions / Emissions to air,kilogram,1.2280353586561846e-11
Tin(2+),Emissions / Emissions to water,kilogram,1.1858988947864844e-11
Manganese,Emissions / Emissions to soil,kilogram,1.0945854803237735e-11
Benzo[a]pyrene,Emissions / Emissions to water,kilogram,1.0910944950415712e-11
Prochloraz,Emissions / Emissions to soil,kilogram,1.0640229577704335e-11
Barium,Emissions / Emissions to water,kilogram,1.0575303732158863e-11
Sodium Chlorate,Emissions / Emissions to air,kilogram,1.040780690005358e-11
Nitrogen,water,kilogram,1.0399592626555734e-11
Chlorine,Emissions / Emissions to air,kilogram,1.0223680257357484e-11
Sulfite,water,kilogram,1.0122388565379432e-11
Thorium-228,water,kilo Becquerel,9.82137973227697e-12
"Chlorinated Solvents, Unspecified",water,kilogram,9.231461643895546e-12
Nitric oxide,Emissions / Emissions to air,kilogram,9.034792477595515e-12
Thallium,Emissions / Emissions to air,kilogram,8.915175430923214e-12
Linuron,Emissions / Emissions to soil,kilogram,8.824054830911665e-12
Tert-butyl Methyl Ether,Emissions / Emissions to air,kilogram,8.783012176232781e-12
Molybdenum,Emissions / Emissions to air,kilogram,8.700648854312145e-12
Borax (B4Na2O7.10H2O),water,kilogram,8.659525611166938e-12
Orbencarb,Emissions / Emissions to soil,kilogram,8.52597070455373e-12
Carbon disulfide,Emissions / Emissions to air,kilogram,8.172422458437386e-12
Cobalt-58,Emissions / Emissions to air,kilo Becquerel,8.059126032558215e-12
Beryllium(2+),Emissions / Emissions to water,kilogram,7.714789715172479e-12
Tin atom,Emissions / Emissions to air,kilogram,7.475818750964405e-12
Tin atom,Emissions / Emissions to air,kilogram,7.352660835165322e-12
Chlorodifluoromethane,Emissions / Emissions to air,kilogram,7.34248787799675e-12
Chloride,Emissions / Emissions to air,kilogram,7.2274856417904625e-12
Nitrate,Emissions / Emissions to air,kilogram,7.096294808267492e-12
"From Agriculture, Mosaic",Land use / Land transformation,square meter,6.991522819738781e-12
Methylamine,Emissions / Emissions to air,kilogram,6.97379050483619e-12
Chloride,Emissions / Emissions to soil,kilogram,6.494557088029782e-12
Nickel,Emissions / Emissions to soil,kilogram,6.454623066426205e-12
Vinyl Acetate,Emissions / Emissions to air,kilogram,6.334813042086767e-12
Ethanolamine,Emissions / Emissions to air,kilogram,6.0292515233314305e-12
Plutonium,Emissions / Emissions to air,kilo Becquerel,6.025524332220094e-12
Chromium-51,air,kilo Becquerel,5.9739742043542834e-12
Palladium,Resources / Resources from ground,kilogram,5.8346151582616514e-12
Phosphorus,Emissions / Emissions to air,kilogram,5.741104263631259e-12
Barium(2+),Emissions / Emissions to soil,kilogram,5.5831826939792984e-12
Antimony-125,air,kilo Becquerel,5.5411566466369186e-12
Silver,Emissions / Emissions to air,kilogram,5.369264242756551e-12
Tin atom,Emissions / Emissions to water,kilogram,5.288157047247867e-12
CFC-10,Emissions / Emissions to air,kilogram,5.285605773108567e-12
"To Urban, Continuously Built",Land use / Land transformation,square meter,5.280655264566646e-12
iodide,Emissions / Emissions to water,kilogram,5.0031248532397754e-12
Indium,Resources / Resources from ground,kilogram,4.928094489399541e-12
Cadmium,Emissions / Emissions to air,kilogram,4.8989640773396435e-12
Volatile Organic Compound,Emissions / Emissions to air,kilogram,4.7738998110803436e-12
Praseodymium,natural resource,kilogram,4.650596172975968e-12
Mercury(2+),Emissions / Emissions to water,kilogram,4.634448434964789e-12
Cadmium(2+),Emissions / Emissions to soil,kilogram,4.576679469069275e-12
Dichromate,water,kilogram,4.526649004310233e-12
Beryllium,Emissions / Emissions to air,kilogram,4.526642593565836e-12
Phenol,Emissions / Emissions to air,kilogram,4.393651708100075e-12
Hexafluoroethane,Emissions / Emissions to air,kilogram,4.387907204803513e-12
Feldspar,soil,kilogram,4.356592845119963e-12
Sodium Hydroxide,Emissions / Emissions to air,kilogram,4.3030925964315896e-12
Phosphorus,Emissions / Emissions to soil,kilogram,4.288663059070884e-12
bromine,Emissions / Emissions to soil,kilogram,4.287790533715027e-12
selenium,Emissions / Emissions to soil,kilogram,4.287790533715027e-12
Propanal,Emissions / Emissions to air,kilogram,4.243100049316337e-12
Tin atom,Emissions / Emissions to water,kilogram,4.19728551666966e-12
Butyl acetate,Emissions / Emissions to water,kilogram,4.192032166587397e-12
Deltamethrin,Emissions / Emissions to soil,kilogram,4.088061678025515e-12
Sulfur Trioxide,Emissions / Emissions to air,kilogram,3.925623939151863e-12
Ethylene Oxide,Emissions / Emissions to water,kilogram,3.920726142653766e-12
Radium-228,air,kilo Becquerel,3.8469946437075985e-12
Chloroethane,Emissions / Emissions to air,kilogram,3.825137280081746e-12
Chloroform,Emissions / Emissions to air,kilogram,3.7379160143436176e-12
Vanadium,Emissions / Emissions to water,kilogram,3.622590111324979e-12
Chloroform,Emissions / Emissions to air,kilogram,3.5985452433585313e-12
Butanol,Emissions / Emissions to water,kilogram,3.5177768009451045e-12
Sodium Dichromate,air,kilogram,3.5146239558869843e-12
acrylic acid,Emissions / Emissions to water,kilogram,3.4361462016583964e-12
Nitric Acid,Emissions / Emissions to water,kilogram,3.4186649630387025e-12
Acenaphthene,Emissions / Emissions to water,kilogram,3.414336174652577e-12
"Hydrocarbons, Aromatic",Emissions / Emissions to air,kilogram,3.391557870312532e-12
Samarium,natural resource,kilogram,3.3186069228059357e-12
"From Urban, Continuously Built",Land use / Land transformation,square meter,3.3113963953467194e-12
Thorium-232,emissions to air / unspecified,kilo Becquerel,3.2551491845120373e-12
Antimony,Emissions / Emissions to air,kilogram,3.233316249910876e-12
Nitric Acid,Emissions / Emissions to air,kilogram,3.230727508509777e-12
Manganese-54,air,kilo Becquerel,3.0593362757115454e-12
Diatomite,soil,kilogram,2.951049637146063e-12
Lambda-cyhalothrin,Emissions / Emissions to soil,kilogram,2.8629440007088863e-12
Titanium,Emissions / Emissions to soil,kilogram,2.807404968776521e-12
Cobalt,Emissions / Emissions to soil,kilogram,2.7520413190319553e-12
Thallium,Emissions / Emissions to water,kilogram,2.675906249119034e-12
Uranium-234,Emissions / Emissions to water,kilo Becquerel,2.634480687893496e-12
Monochloramine,Emissions / Emissions to water,kilogram,2.6321328292439443e-12
Potassium,Resources / Resources from ground,kilogram,2.5705307290822534e-12
Fenpiclonil,Emissions / Emissions to soil,kilogram,2.551394759216642e-12
Silicium Tetrafluoride,air,kilogram,2.5076225299060866e-12
Mercury,Emissions / Emissions to air,kilogram,2.46907778125827e-12
Ammonium Carbonate,Emissions / Emissions to air,kilogram,2.4285134684926522e-12
CFC-10,Emissions / Emissions to air,kilogram,2.4244021432770626e-12
Clomazone,Emissions / Emissions to soil,kilogram,2.4119582267071586e-12
HFC-134a,Emissions / Emissions to air,kilogram,2.3644312006219568e-12
Tert-butyl Methyl Ether,Emissions / Emissions to water,kilogram,2.336503607705173e-12
Acenaphthene,Emissions / Emissions to water,kilogram,2.2975893952411727e-12
Hexachlorobenzene,Emissions / Emissions to air,kilogram,2.2509103205589492e-12
Nitrobenzene,Emissions / Emissions to water,kilogram,2.2322504789293226e-12
CFC-12,Emissions / Emissions to air,kilogram,2.1102622949611615e-12
Thorium-228,air,kilo Becquerel,2.0714586025460407e-12
Tin atom,Emissions / Emissions to soil,kilogram,2.0007684516228784e-12
Methyl Acetate,Emissions / Emissions to air,kilogram,1.896266572063895e-12
"Metals, unspecified",emissions to air / unspecified,kilogram,1.861627416649069e-12
Silver,Emissions / Emissions to water,kilogram,1.7632782501749404e-12
Uranium,air,kilogram,1.7591674381997104e-12
Acenaphthylene,Emissions / Emissions to water,kilogram,1.6910436368077893e-12
Pirimicarb,Emissions / Emissions to soil,kilogram,1.6719147553627686e-12
Gadolinium,natural resource,kilogram,1.6621597322808093e-12
Metribuzin,Emissions / Emissions to soil,kilogram,1.5788544530646432e-12
"Aldehydes, Unspecified",Emissions / Emissions to air,kilogram,1.5785984177828498e-12
Kerosene,Emissions / Emissions to air,kilogram,1.5384537238728809e-12
Thallium,Emissions / Emissions to water,kilogram,1.525446745469351e-12
Carbon Monoxide (fossil),Emissions / Emissions to air,kilogram,1.5234068296879965e-12
Chloroacetic Acid,Emissions / Emissions to air,kilogram,1.5094312977537976e-12
Phosphorus,Emissions / Emissions to air,kilogram,1.4689250083177436e-12
Acrylic Acid,Emissions / Emissions to air,kilogram,1.4518406438093873e-12
Trinexapac-ethyl,Emissions / Emissions to soil,kilogram,1.444239628632827e-12
Propionic Acid,Emissions / Emissions to water,kilogram,1.3626954682546614e-12
Thorium,air,kilogram,1.3209906819362198e-12
Cobalt-58,Emissions / Emissions to air,kilo Becquerel,1.3179092703849578e-12
Trichloroethylene,Emissions / Emissions to air,kilogram,1.3108078814977268e-12
Ethyl Acetate,Emissions / Emissions to air,kilogram,1.2923850577638285e-12
Tellurium,Resources / Resources from ground,kilogram,1.2885305208656942e-12
Ethyl Cellulose,air,kilogram,1.2566938502622516e-12
Polychlorinated Biphenyls,Emissions / Emissions to air,kilogram,1.2465813173953812e-12
Octane,Emissions / Emissions to air,kilogram,1.2364544985015876e-12
Sodium Dichromate,air,kilogram,1.2257899300074676e-12
Thallium,Emissions / Emissions to air,kilogram,1.2101267418173948e-12
"Wood, unspecified, standing/m3",resources / biotic,cubic meter,1.1664695933932597e-12
Bromochlorodifluoromethane,Emissions / Emissions to air,kilogram,1.1616705447390638e-12
Propionic Acid,Emissions / Emissions to air,kilogram,1.14543284312954e-12
Acenaphthylene,Emissions / Emissions to water,kilogram,1.1377492135641673e-12
"1,3-Butadiene",Emissions / Emissions to air,kilogram,1.1232734156206385e-12
Hydrogen Peroxide,Emissions / Emissions to air,kilogram,1.1171263736882095e-12
Methyl acrylate,Emissions / Emissions to air,kilogram,1.1136884011246952e-12
Antimony-124,air,kilo Becquerel,1.0380788798810887e-12
HFC-134a,Emissions / Emissions to air,kilogram,1.0319590376128044e-12
Cadmium,Emissions / Emissions to soil,kilogram,1.0164063201060186e-12
Gallium,Resources / Resources from ground,kilogram,1.0118510851274525e-12
Zirconium,Emissions / Emissions to air,kilogram,1.008960048530022e-12
Dimethylamine,Emissions / Emissions to water,kilogram,9.631286846282115e-13
Cyanide,Emissions / Emissions to air,kilogram,9.586401464269066e-13
Chlorotrimethylsilane,Emissions / Emissions to air,kilogram,9.48149607514922e-13
Molybdenum,Emissions / Emissions to water,kilogram,9.052400101675248e-13
"Unspecified, Used",Land use / Land occupation,square meter-year,9.048316135634394e-13
Beryllium(2+),Emissions / Emissions to air,kilogram,8.895941191952389e-13
Aniline,Emissions / Emissions to water,kilogram,8.834417230078681e-13
Thorium-232,emissions to water / groundwater,kilo Becquerel,8.792008390515604e-13
Scandium,air,kilogram,8.759637158583299e-13
Acetone,Emissions / Emissions to water,kilogram,8.575181279790433e-13
Sulfuric acid,Emissions / Emissions to air,kilogram,8.556876699407676e-13
Polycyclic Aromatic Hydrocarbons,Emissions / Emissions to soil,kilogram,8.389150180789582e-13
O-chlorotoluene,Emissions / Emissions to water,kilogram,8.362085918804571e-13
Arsenic,Emissions / Emissions to soil,kilogram,8.181326740166381e-13
Sulfur Dioxide,Emissions / Emissions to air,kilogram,8.02486623387734e-13
Uranium,air,kilogram,8.010626484735874e-13
tin,Emissions / Emissions to soil,kilogram,7.99847915789824e-13
Helium,air,kilogram,7.702892975974982e-13
Silver-110,air,kilo Becquerel,7.41188905599117e-13
Formic Acid,Emissions / Emissions to air,kilogram,7.041591084288808e-13
Beryllium(2+),Emissions / Emissions to air,kilogram,7.010473336816927e-13
Boron,Emissions / Emissions to air,kilogram,6.901271334599606e-13
Beryllium(2+),Emissions / Emissions to air,kilogram,6.852847264172853e-13
Cobalt,Emissions / Emissions to soil,kilogram,6.782389466026063e-13
Diethylamine,Emissions / Emissions to water,kilogram,6.755894196568499e-13
"Particulates, unspecified",emissions to air / unspecified,kilogram,6.73335410585501e-13
Europium,natural resource,kilogram,6.660003161949463e-13
Sodium Formate,Emissions / Emissions to water,kilogram,6.616826116365509e-13
Benzo[a]pyrene,Emissions / Emissions to air,kilogram,6.419187335665289e-13
Molybdenum,Emissions / Emissions to soil,kilogram,6.041234786851078e-13
Mercury,Emissions / Emissions to soil,kilogram,6.028274546333753e-13
Magnesium,Emissions / Emissions to air,kilogram,5.941204014844194e-13
Methyl Chloride,Emissions / Emissions to air,kilogram,5.746982907610293e-13
Carbon Monoxide (biogenic),Emissions / Emissions to air,kilogram,5.668462124454587e-13
Antimony-124,air,kilo Becquerel,5.589784468128916e-13
Nitrobenzene,Emissions / Emissions to air,kilogram,5.570194778880429e-13
Tetramethyl Ammonium Hydroxide,Emissions / Emissions to air,kilogram,5.497366250782217e-13
Arsenic,Emissions / Emissions to soil,kilogram,4.901095430229966e-13
Chloroacetyl Chloride,Emissions / Emissions to water,kilogram,4.690048612229663e-13
Methanol,Emissions / Emissions to water,kilogram,4.551192631581393e-13
antimony,Emissions / Emissions to soil,kilogram,4.2877917487474575e-13
O-chlorotoluene,Emissions / Emissions to air,kilogram,3.9658218503732424e-13
Vinyl Chloride,Emissions / Emissions to water,kilogram,3.882060932955706e-13
Molybdenum,Emissions / Emissions to soil,kilogram,3.872908870447207e-13
Ethyl Acetate,Emissions / Emissions to water,kilogram,3.861933270237331e-13
Triethylene Glycol,Emissions / Emissions to water,kilogram,3.781522189105662e-13
"8-(N-Indolyl)-2,6-dimethyl-7-octen-2-ol",Emissions / Emissions to water,kilogram,3.7435706982407475e-13
Aniline,Emissions / Emissions to air,kilogram,3.674096143696327e-13
Niobium-95,air,kilo Becquerel,3.613950671781975e-13
Lithium,Emissions / Emissions to water,kilogram,3.5583302930383066e-13
L-Alaninol,water,kilogram,3.516561008467518e-13
Isopropanol,Emissions / Emissions to air,kilogram,3.432853217686528e-13
Aldrin,Emissions / Emissions to soil,kilogram,3.415860946256559e-13
"Hydrocarbons, Aliphatic, Alkanes, Cyclic",air,kilogram,3.388153662133738e-13
Scandium,air,kilogram,3.173834592178118e-13
Methyl Chloride,Emissions / Emissions to air,kilogram,3.098567841943892e-13
Dichloromethane,Emissions / Emissions to air,kilogram,3.0544950630410227e-13
Sulfur,Emissions / Emissions to air,kilogram,2.9919304759872417e-13
Butanol,Emissions / Emissions to air,kilogram,2.9883343041571127e-13
Mercury(2+),Emissions / Emissions to air,kilogram,2.9662411343699763e-13
Naphthalene,Emissions / Emissions to water,kilogram,2.9612960051849875e-13
Monochloramine,Emissions / Emissions to air,kilogram,2.9469318130922636e-13
Diethylamine,Emissions / Emissions to air,kilogram,2.814917037000033e-13
Silver(1+),Emissions / Emissions to air,kilogram,2.8018709119376945e-13
Lithium,Emissions / Emissions to soil,kilogram,2.7963813226849197e-13
Sodium Formate,Emissions / Emissions to air,kilogram,2.7542119865863226e-13
Cobalt,Emissions / Emissions to water,kilogram,2.7183761043130284e-13
Thiram,Emissions / Emissions to soil,kilogram,2.6641687966095823e-13
Atrazine,Emissions / Emissions to soil,kilogram,2.617543071931083e-13
"1,2-dichloroethane",Emissions / Emissions to water,kilogram,2.553001483406314e-13
Methyl Chloride,Emissions / Emissions to air,kilogram,2.4505300798417524e-13
Isobutanol,Emissions / Emissions to water,kilogram,2.3849806926846543e-13
Isoproturon,Emissions / Emissions to soil,kilogram,2.3715027795564523e-13
Carbon disulfide,Emissions / Emissions to water,kilogram,2.364785279104961e-13
Vanadium,Emissions / Emissions to soil,kilogram,2.3220777093218223e-13
"2,4-dichlorophenol",Emissions / Emissions to air,kilogram,2.3155421870083584e-13
Dipropylamine,Emissions / Emissions to water,kilogram,2.314228350817658e-13
Ethephon,Emissions / Emissions to soil,kilogram,2.1738031836979816e-13
Chromium(3+),Emissions / Emissions to soil,kilogram,1.9981125123783115e-13
Tin-San,water,kilogram,1.9944885548035188e-13
Antimony,Emissions / Emissions to soil,kilogram,1.9667121580255964e-13
Rhodium,natural resource,kilogram,1.9114288345970933e-13
Bis(tributyltin) oxide,Emissions / Emissions to water,kilogram,1.8569663835069557e-13
Chloroform,Emissions / Emissions to water,kilogram,1.8222653625263382e-13
Lactic Acid,Emissions / Emissions to water,kilogram,1.8128327295446018e-13
Chlorosulfonic acid,Emissions / Emissions to water,kilogram,1.7637258783374927e-13
Isopropanol,Emissions / Emissions to water,kilogram,1.7425910690046047e-13
"Trans-1,2-Dichloroethylene",Emissions / Emissions to air,kilogram,1.7279234294778625e-13
Dichloromethane,Emissions / Emissions to air,kilogram,1.696972682170266e-13
Ethylenediamine,Emissions / Emissions to water,kilogram,1.6272379060963476e-13
Dichlorobenzene,Emissions / Emissions to air,kilogram,1.6231183633504247e-13
Ethyl Amine,Emissions / Emissions to water,kilogram,1.6029328214642878e-13
Nitrogen Trifluoride,Emissions / Emissions to air,kilogram,1.599366927368367e-13
Carbon disulfide,Emissions / Emissions to air,kilogram,1.5515231820675067e-13
"1,2-dichlorobenzene",Emissions / Emissions to air,kilogram,1.549210368915799e-13
Benomyl,Emissions / Emissions to soil,kilogram,1.5016854404678257e-13
Formamide,Emissions / Emissions to water,kilogram,1.4933376578499463e-13
L-Alaninol,air,kilogram,1.4641756484212631e-13
CFC-114,Emissions / Emissions to air,kilogram,1.4446832203068487e-13
Tert-butylamine,Emissions / Emissions to water,kilogram,1.4051603580301095e-13
Trifluoromethane,Emissions / Emissions to air,kilogram,1.3915838630292126e-13
Rhenium,Resources / Resources from ground,kilogram,1.3660926691311016e-13
Radium-228,water,kilo Becquerel,1.3305783230061982e-13
N-propanol,Emissions / Emissions to water,kilogram,1.2821119714240358e-13
CFC-12,Emissions / Emissions to air,kilogram,1.2726858708672134e-13
Iodine,Emissions / Emissions to air,kilogram,1.211433416711593e-13
Fluoride Ion,Emissions / Emissions to air,kilogram,1.105422154399556e-13
HFC-152a,Emissions / Emissions to air,kilogram,1.0893410176924964e-13
Sulfuric acid,Emissions / Emissions to air,kilogram,1.0883513106563563e-13
Cyclohexane,Emissions / Emissions to air,kilogram,1.0577685530992069e-13
Propylene Oxide,Emissions / Emissions to water,kilogram,1.0558479447103127e-13
Teflubenzuron,Emissions / Emissions to soil,kilogram,1.0525695931479856e-13
Acetochlor,Emissions / Emissions to soil,kilogram,1.0316787290594029e-13
Cyclohexane,Emissions / Emissions to air,kilogram,1.0099123813306995e-13
Pentachlorophenol,Emissions / Emissions to air,kilogram,1.0015746547012256e-13
Isobutanol,Emissions / Emissions to air,kilogram,9.937506057076543e-14
Urea,Emissions / Emissions to water,kilogram,9.903240901076026e-14
Water,air,cubic meter,9.773960681083315e-14
Chlorodifluoromethane,Emissions / Emissions to air,kilogram,9.670027632418228e-14
Dipropylamine,Emissions / Emissions to air,kilogram,9.6425100694231e-14
"Benzene, chloro-","emissions to water / river, long-term",kilogram,9.543118715387694e-14
Beryllium,Emissions / Emissions to water,kilogram,9.539578796709834e-14
Fluorine,Emissions / Emissions to air,kilogram,9.22718653885139e-14
Dichloroacetylene,Emissions / Emissions to air,kilogram,9.172033005087034e-14
Propanal,Emissions / Emissions to water,kilogram,8.985725364411497e-14
Methyl Lactate,Emissions / Emissions to air,kilogram,8.292324212554035e-14
Metamitron,Emissions / Emissions to soil,kilogram,8.19161030398285e-14
Pentan-1-ol,Emissions / Emissions to water,kilogram,8.165193193714947e-14
Thorium,air,kilogram,8.0573441428772e-14
Vanadium(2+),Emissions / Emissions to soil,kilogram,8.016718752525259e-14
Ruthenium-103,air,kilo Becquerel,7.979079762982846e-14
Isopropylamine,Emissions / Emissions to water,kilogram,7.553618137850402e-14
Lactic Acid,Emissions / Emissions to air,kilogram,7.553439705321866e-14
Dimethyl Malonate,Emissions / Emissions to air,kilogram,7.263454255601014e-14
Chlorosulfonic acid,Emissions / Emissions to air,kilogram,7.072656676196787e-14
Ethyl Amine,Emissions / Emissions to air,kilogram,6.678849960585932e-14
M-xylene,Emissions / Emissions to water,kilogram,6.651249530365912e-14
Acetyl Chloride,Emissions / Emissions to water,kilogram,6.414270176554399e-14
Cfc 113,Emissions / Emissions to air,kilogram,6.366903307433244e-14
Formamide,Emissions / Emissions to air,kilogram,6.222155810995915e-14
sea water,Emissions / Emissions to air,kilogram,6.183844684214035e-14
1-pentene,Emissions / Emissions to water,kilogram,6.170307226986627e-14
Ammonia,Emissions / Emissions to soil,kilogram,6.131982446369556e-14
Formic Acid,Emissions / Emissions to air,kilogram,6.02183556675587e-14
Tert-butylamine,Emissions / Emissions to air,kilogram,5.85479875079547e-14
Methanesulfonic Acid,Emissions / Emissions to air,kilogram,5.853195273049807e-14
Cyanoacetic Acid,Emissions / Emissions to air,kilogram,5.792205735740088e-14
Chloroform,Emissions / Emissions to air,kilogram,5.733798280517362e-14
Methyl Ethyl Ketone,Emissions / Emissions to air,kilogram,5.6150824299955495e-14
Ethyl Benzene,Emissions / Emissions to air,kilogram,5.502129617783046e-14
Phosphine,Emissions / Emissions to air,kilogram,5.4678948276839943e-14
Plutonium,Emissions / Emissions to water,kilo Becquerel,5.335434467269178e-14
Trifluoromethane,Emissions / Emissions to air,kilogram,5.329647937466172e-14
Tert-butyl Methyl Ether,Emissions / Emissions to water,kilogram,5.201350238273984e-14
CFC-10,Emissions / Emissions to water,kilogram,5.087057657784057e-14
Trimethylamine,Emissions / Emissions to water,kilogram,5.073370044869856e-14
Acetonitrile,Emissions / Emissions to water,kilogram,4.8501683726546367e-14
Pendimethalin,Emissions / Emissions to soil,kilogram,4.8470975544271396e-14
Fenpropimorph,Emissions / Emissions to soil,kilogram,4.747834605498283e-14
Dimethoate,Emissions / Emissions to soil,kilogram,4.667852821868436e-14
Magnesium,Emissions / Emissions to water,kilogram,4.4802833350390346e-14
Propylene Oxide,Emissions / Emissions to air,kilogram,4.408027117371225e-14
2-Nitrobenzoic Acid,air,kilogram,4.376420254651761e-14
Formic Acid,Emissions / Emissions to water,kilogram,4.335056177447292e-14
Vinyl Acetate,Emissions / Emissions to water,kilogram,4.23936076310528e-14
Chloroform,Emissions / Emissions to water,kilogram,4.212475963565197e-14
Uranium,air,kilogram,4.101058549134869e-14
Vinyl Chloride,Emissions / Emissions to water,kilogram,3.986819815002724e-14
2-nitrotoluene,Emissions / Emissions to air,kilogram,3.7791461081335413e-14
Tellurium,Emissions / Emissions to air,kilogram,3.771990521242667e-14
1-pentene,Emissions / Emissions to air,kilogram,3.42667691227804e-14
Pentan-1-ol,Emissions / Emissions to air,kilogram,3.4021226111918237e-14
Anthranilic Acid,Emissions / Emissions to air,kilogram,3.390456911309472e-14
Spiroxamine,Emissions / Emissions to soil,kilogram,3.366360245482674e-14
Tungsten,Emissions / Emissions to air,kilogram,3.174528648234947e-14
Isopropylamine,Emissions / Emissions to air,kilogram,3.147323890144821e-14
Thallium,Emissions / Emissions to air,kilogram,3.1233966471494945e-14
"1,1,2,2-tetrachloroethane",Emissions / Emissions to air,kilogram,3.062501340789608e-14
Phosphate,Emissions / Emissions to soil,kilogram,2.93474137659914e-14
Platinum,air,kilogram,2.895337463771153e-14
Pentachlorobenzene,Emissions / Emissions to air,kilogram,2.7823045411070595e-14
Dichloromethane,Emissions / Emissions to air,kilogram,2.6383577713377307e-14
Propylamine,Emissions / Emissions to water,kilogram,2.5196613749917575e-14
Tetrachloroethylene,Emissions / Emissions to air,kilogram,2.5136045743487954e-14
Methyl Acetate,Emissions / Emissions to water,kilogram,2.432070642394443e-14
Ioxynil,Emissions / Emissions to soil,kilogram,2.4243077168988982e-14
Tert-butyl Methyl Ether,Emissions / Emissions to water,kilogram,2.3858473674842748e-14
"1,2-dichloroethane",Emissions / Emissions to air,kilogram,2.3369573098252276e-14
Ethofumesate,Emissions / Emissions to soil,kilogram,2.1492507630542607e-14
Silver,Emissions / Emissions to soil,kilogram,2.1492215289055385e-14
Hexachlorobenzene,Emissions / Emissions to air,kilogram,2.121084047852787e-14
Trimethylamine,Emissions / Emissions to air,kilogram,2.1020800097989587e-14
Dichlorprop-P,Emissions / Emissions to soil,kilogram,2.0401636126796724e-14
Methyl Cyclopentane,Emissions / Emissions to water,kilogram,2.0368905788602002e-14
Diflufenican,Emissions / Emissions to soil,kilogram,1.9790055443554017e-14
Fluoride Ion,Emissions / Emissions to air,kilogram,1.972209322599108e-14
Uranium alpha,emissions to water / unspecified,kilo Becquerel,1.964001650830284e-14
Particles (PM2.5),Emissions / Emissions to air,kilogram,1.926734583973525e-14
Fenpropidin,Emissions / Emissions to soil,kilogram,1.8667934378119706e-14
Granite,soil,kilogram,1.7876051003739797e-14
Methyl Formate,Emissions / Emissions to air,kilogram,1.7801616193001103e-14
Curium,Emissions / Emissions to water,kilo Becquerel,1.7784201975452676e-14
Furan,Emissions / Emissions to air,kilogram,1.7099351676740683e-14
Chlortoluron,Emissions / Emissions to soil,kilogram,1.6765419699848133e-14
CFC-10,Emissions / Emissions to water,kilogram,1.6508425861949805e-14
Bromine,Emissions / Emissions to water,kilogram,1.530937505673723e-14
Sodium borohydride,Emissions / Emissions to air,kilogram,1.521818830952182e-14
Plutonium,Emissions / Emissions to air,kilo Becquerel,1.516071939028309e-14
Phenmedipham,Emissions / Emissions to soil,kilogram,1.5004203467058604e-14
Methyl Formate,Emissions / Emissions to air,kilogram,1.4815034932343557e-14
Azoxystrobin,Emissions / Emissions to soil,kilogram,1.4791266865221412e-14
Trimethyl borate,Emissions / Emissions to air,kilogram,1.4411234180201116e-14
Sodium carbonate,Emissions / Emissions to air,kilogram,1.3980090351551145e-14
Methanethiol,Emissions / Emissions to air,kilogram,1.3761004157480817e-14
Chromium(3+),Emissions / Emissions to water,kilogram,1.3057119457216917e-14
Cerium,Emissions / Emissions to water,kilogram,1.2353021903814838e-14
Flurtamone,Emissions / Emissions to soil,kilogram,1.1900915238672061e-14
"Ethane, 1,1,1-trichloro-, HCFC-140",emissions to air / low. pop.,kilogram,1.1699265517032499e-14
"1,3-Butadiene",Emissions / Emissions to air,kilogram,1.1682197068358266e-14
Antimony,Emissions / Emissions to soil,kilogram,1.0952279848748483e-14
Mecoprop-P,Emissions / Emissions to soil,kilogram,1.0609156785992344e-14
Propylamine,Emissions / Emissions to air,kilogram,1.049846271752246e-14
Hexachlorobenzene,Emissions / Emissions to air,kilogram,1.0493420769033615e-14
Methyl Acetate,Emissions / Emissions to air,kilogram,1.0133633323158961e-14
sea water,Emissions / Emissions to water,kilogram,9.734656870757127e-15
Acetonitrile,Emissions / Emissions to air,kilogram,9.003469571772382e-15
Ethylene Oxide,Emissions / Emissions to water,kilogram,8.871468887438395e-15
Tetrachloroethylene,Emissions / Emissions to air,kilogram,8.75201568012668e-15
Dimethenamid,Emissions / Emissions to soil,kilogram,8.729575439872388e-15
Vanadium,Resources / Resources from ground,kilogram,8.57243749731037e-15
2-methyl-2-butene,Emissions / Emissions to water,kilogram,8.439162179394407e-15
Chlorpyrifos,Emissions / Emissions to soil,kilogram,8.353643604816184e-15
(4-Chloro-2-methylphenoxy)acetic acid,Emissions / Emissions to soil,kilogram,8.160978724787626e-15
Pentachlorophenol,Emissions / Emissions to air,kilogram,7.903573479538133e-15
Boron Trifluoride,air,kilogram,7.862076414708513e-15
Cyprodinil,Emissions / Emissions to soil,kilogram,7.752640001911607e-15
Silver(1+),Emissions / Emissions to air,kilogram,7.743493698009367e-15
1-pentene,Emissions / Emissions to air,kilogram,7.204623024556389e-15
Alachlor,Emissions / Emissions to soil,kilogram,7.184192426446963e-15
Methyl Formate,Emissions / Emissions to water,kilogram,7.107160163321687e-15
kresoxim methyl,Emissions / Emissions to soil,kilogram,6.970724800310498e-15
Plutonium-238,Emissions / Emissions to air,kilo Becquerel,6.6135486192335355e-15
Cyproconazole,Emissions / Emissions to soil,kilogram,6.583011784486289e-15
"Chlorinated Solvents, Unspecified",water,kilogram,6.497361569729199e-15
Pyrite,soil,kilogram,6.371773494201067e-15
Trichloroethane,Emissions / Emissions to air,kilogram,6.076365842205738e-15
Anthracene,Emissions / Emissions to water,kilogram,6.034795954181639e-15
Naphthalene,Emissions / Emissions to air,kilogram,5.882882054445383e-15
Bas 480f,Emissions / Emissions to soil,kilogram,5.865522473700913e-15
HCFC-140,Emissions / Emissions to air,kilogram,5.5631881229747116e-15
Propanal,Emissions / Emissions to air,kilogram,5.233009422568372e-15
Sulfide ion,soil,kilogram,5.117743658115846e-15
"1,1-dichloroethane",Emissions / Emissions to air,kilogram,5.013878436086803e-15
Propiconazole,Emissions / Emissions to soil,kilogram,4.930422288415239e-15
Terpenes,air,kilogram,4.798977811217237e-15
Oxydemeton-methyl,Emissions / Emissions to soil,kilogram,4.757770322120761e-15
Terbufos,Emissions / Emissions to soil,kilogram,4.6779779564973605e-15
Dithianon,Emissions / Emissions to soil,kilogram,4.488480046279732e-15
Simazine,Emissions / Emissions to soil,kilogram,4.218563110542129e-15
Flusilazole,Emissions / Emissions to soil,kilogram,4.096595835140269e-15
"Pesticides, Unspecified",soil,kilogram,4.01457526694343e-15
Strontium,Emissions / Emissions to water,kilogram,3.894913736548944e-15
Lithium,Emissions / Emissions to air,kilogram,3.700542123099697e-15
Lead,Emissions / Emissions to soil,kilogram,3.659044735590199e-15
2-methyl-2-butene,Emissions / Emissions to air,kilogram,3.516264774378866e-15
"2,3,7,8-tetrachlorodibenzo-p-dioxin",Emissions / Emissions to air,kilogram,3.500653595844062e-15
Parathion,Emissions / Emissions to soil,kilogram,3.4989195750273425e-15
Vinylidene chloride,Emissions / Emissions to air,kilogram,3.4332902838744944e-15
Sodium nitrate,resources / in ground,kilogram,3.3970843942640693e-15
Cumene,Emissions / Emissions to air,kilogram,3.1854436381354098e-15
Dicamba,Emissions / Emissions to soil,kilogram,3.007283805212507e-15
Fluorine,Emissions / Emissions to water,kilogram,2.8953271655951137e-15
Silicon,Resources / Resources from ground,kilogram,2.8248517196132284e-15
Mesotrione,Emissions / Emissions to soil,kilogram,2.7150078294473713e-15
Selenium,Emissions / Emissions to water,kilogram,2.643451602193802e-15
Magnesium,Resources / Resources from ground,kilogram,2.5461687520361308e-15
Triadimenol,Emissions / Emissions to soil,kilogram,2.4653270692890576e-15
Thorium-234,air,kilo Becquerel,2.3218650550500585e-15
Protactinium-234,air,kilo Becquerel,2.281928949674253e-15
Silver(1+),Emissions / Emissions to air,kilogram,2.1536591728007896e-15
Glufosinate,soil,kilogram,2.0674534283100354e-15
Platinum,air,kilogram,1.964569736821777e-15
Phenanthrene,Emissions / Emissions to air,kilogram,1.846546488257667e-15
Acetamide,Emissions / Emissions to soil,kilogram,1.7543502078913955e-15
Tebupirimfos,Emissions / Emissions to soil,kilogram,1.7543502078913955e-15
Sulfuric acid,Emissions / Emissions to soil,kilogram,1.7394144466408238e-15
Chrysene,Emissions / Emissions to water,kilogram,1.721117377871491e-15
Anthracene,Emissions / Emissions to water,kilogram,1.6767961542419546e-15
Hydrogen cyanide,Emissions / Emissions to air,kilogram,1.5906594336438603e-15
"2,3,5,6-tetrafluoro-4-methylbenzyl 3-[(1Z)-2-chloro-3,3,3-trifluoroprop-1-en-1-yl]-2,2-dimethylcyclopropanecarboxylate",Emissions / Emissions to soil,kilogram,1.378348523142591e-15
Fluroxypyr,Emissions / Emissions to soil,kilogram,1.3465209342540538e-15
fluorane,Emissions / Emissions to water,kilogram,1.2589892236141835e-15
Fenbuconazole,Emissions / Emissions to soil,kilogram,1.1730813360704883e-15
Bromoxynil,Emissions / Emissions to soil,kilogram,1.1277444991076177e-15
Sodium Hydroxide,Emissions / Emissions to air,kilogram,1.0676644041483951e-15
Paraquat,Emissions / Emissions to soil,kilogram,1.0650891274929922e-15
Waste Heat,air,megajoule,1.03690393511934e-15
"Fungicides, Unspecified",Emissions / Emissions to soil,kilogram,1.0259504866324391e-15
Fluquinconazole,Emissions / Emissions to soil,kilogram,1.020081766819922e-15
Isoxaflutole,Emissions / Emissions to soil,kilogram,1.002433755878556e-15
