bafu_code,bafu_name,strategy,node_code,node_name,node_unit,node_location,exchange_type,target_code,target_database_role,target_name,target_location,amount,unit,calibrated,quote
015cd7db-8a64-3f0b-ba15-6ff81e3d1eb4,"Polyvinylchloride, emulsion polymerised, at plant",S3,015cd7db-8a64-3f0b-ba15-6ff81e3d1eb4-disagg,"Polyvinylchloride, emulsion polymerised, at plant, disaggregated",kilogram,RER,technosphere,99a93e93-a8a8-34f3-88f3-6af0c21c4762,bafu,"Vinyl chloride, at plant",RER,1.0,kilogram,False,
015cd7db-8a64-3f0b-ba15-6ff81e3d1eb4,"Polyvinylchloride, emulsion polymerised, at plant",S3,015cd7db-8a64-3f0b-ba15-6ff81e3d1eb4-disagg,"Polyvinylchloride, emulsion polymerised, at plant, disaggregated",kilogram,RER,technosphere,a2bbcfbc-5d63-3e86-9bab-8d4c2b6fdbc0,bafu,"Nitrogen, liquid, at plant",RER,0.0006250000000000001,kilogram,True,
015cd7db-8a64-3f0b-ba15-6ff81e3d1eb4,"Polyvinylchloride, emulsion polymerised, at plant",S3,015cd7db-8a64-3f0b-ba15-6ff81e3d1eb4-disagg,"Polyvinylchloride, emulsion polymerised, at plant, disaggregated",kilogram,RER,technosphere,58b63900-02a6-367a-8b6d-69daeb74dd2b,bafu,"Compressed air, average installation, >30kW, 8 bar gauge, at supply network",RER,0.8660000000000002,cubic meter,True,
015cd7db-8a64-3f0b-ba15-6ff81e3d1eb4,"Polyvinylchloride, emulsion polymerised, at plant",S3,015cd7db-8a64-3f0b-ba15-6ff81e3d1eb4-disagg,"Polyvinylchloride, emulsion polymerised, at plant, disaggregated",kilogram,RER,technosphere,6556440f-cd03-3975-9615-023309701fe2,bafu,"Tap water, at user",RER,1.2375000000000005,kilogram,True,
015cd7db-8a64-3f0b-ba15-6ff81e3d1eb4,"Polyvinylchloride, emulsion polymerised, at plant",S3,015cd7db-8a64-3f0b-ba15-6ff81e3d1eb4-disagg,"Polyvinylchloride, emulsion polymerised, at plant, disaggregated",kilogram,RER,technosphere,895e2382-8724-3ae3-9bfb-54e4af37b0ca,bafu,"Natural gas, burned in industrial furnace 1MWth",CH,0.44250000000000006,megajoule,True,
015cd7db-8a64-3f0b-ba15-6ff81e3d1eb4,"Polyvinylchloride, emulsion polymerised, at plant",S3,015cd7db-8a64-3f0b-ba15-6ff81e3d1eb4-disagg,"Polyvinylchloride, emulsion polymerised, at plant, disaggregated",kilogram,RER,technosphere,ca51da0f-d926-3dbe-bc07-e0449bb7dcab,bafu,"Steam, for chemical processes, at plant",RER,0.6975000000000001,kilogram,True,
015cd7db-8a64-3f0b-ba15-6ff81e3d1eb4,"Polyvinylchloride, emulsion polymerised, at plant",S3,015cd7db-8a64-3f0b-ba15-6ff81e3d1eb4-disagg,"Polyvinylchloride, emulsion polymerised, at plant, disaggregated",kilogram,RER,technosphere,648e3bb3-7b98-46f8-9da1-f45627c309ef,bafu,"Electricity, medium voltage, production ENTSO-E, at grid",ENTSO-E,0.18820000000000003,kilowatt hour,True,
015cd7db-8a64-3f0b-ba15-6ff81e3d1eb4,"Polyvinylchloride, emulsion polymerised, at plant",S3,015cd7db-8a64-3f0b-ba15-6ff81e3d1eb4-disagg,"Polyvinylchloride, emulsion polymerised, at plant, disaggregated",kilogram,RER,technosphere,4d96ad56-9dd3-3fda-bff6-d24796d01043,bafu,"Chemicals organic, at plant",GLO,0.012500000000000002,kilogram,True,
015cd7db-8a64-3f0b-ba15-6ff81e3d1eb4,"Polyvinylchloride, emulsion polymerised, at plant",S3,015cd7db-8a64-3f0b-ba15-6ff81e3d1eb4-disagg,"Polyvinylchloride, emulsion polymerised, at plant, disaggregated",kilogram,RER,technosphere,f2814ced-c83a-4b71-8506-3ba89d599de6,bafu,"Treatment, sewage, unpolluted, to wastewater treatment, class 3",CH,0.0012375000000000016,cubic meter,True,
015cd7db-8a64-3f0b-ba15-6ff81e3d1eb4,"Polyvinylchloride, emulsion polymerised, at plant",S3,015cd7db-8a64-3f0b-ba15-6ff81e3d1eb4-disagg,"Polyvinylchloride, emulsion polymerised, at plant, disaggregated",kilogram,RER,technosphere,13ed4fe0-7ba5-3b60-82b6-a63918ee814d,bafu,"Chemical plant, organics",RER,4.6625033266636546e-27,unit,True,
015cd7db-8a64-3f0b-ba15-6ff81e3d1eb4,"Polyvinylchloride, emulsion polymerised, at plant",S3,015cd7db-8a64-3f0b-ba15-6ff81e3d1eb4-disagg,"Polyvinylchloride, emulsion polymerised, at plant, disaggregated",kilogram,RER,technosphere,aacc6120-0e68-3835-8303-5ae37d62c030,bafu,"Transport, freight, rail",RER,7.577599521088502e-16,ton kilometer,True,
015cd7db-8a64-3f0b-ba15-6ff81e3d1eb4,"Polyvinylchloride, emulsion polymerised, at plant",S3,015cd7db-8a64-3f0b-ba15-6ff81e3d1eb4-disagg,"Polyvinylchloride, emulsion polymerised, at plant, disaggregated",kilogram,RER,technosphere,99f8a4b0-99b5-3130-924c-5de4c10b62ef,bafu,"Transport, freight, lorry, fleet average",RER,2.501337290601451e-10,ton kilometer,True,
015cd7db-8a64-3f0b-ba15-6ff81e3d1eb4,"Polyvinylchloride, emulsion polymerised, at plant",S3,015cd7db-8a64-3f0b-ba15-6ff81e3d1eb4-disagg,"Polyvinylchloride, emulsion polymerised, at plant, disaggregated",kilogram,RER,emission,a3876d9b-a3e8-4680-861a-4e08642f1392,ef-3.1-biosphere,Water,"Emissions/Emissions to water/Emissions to water, unspecified",0.02982,cubic meter,,
015cd7db-8a64-3f0b-ba15-6ff81e3d1eb4,"Polyvinylchloride, emulsion polymerised, at plant",S3,015cd7db-8a64-3f0b-ba15-6ff81e3d1eb4-disagg,"Polyvinylchloride, emulsion polymerised, at plant, disaggregated",kilogram,RER,resource,21868f36-62ab-4e8e-98ed-7106228c17be,ef-3.1-biosphere,Water To Cooling,Resources/Resources from water/Renewable material resources from water,0.03139,cubic meter,,
05a10e4b-a919-33b6-b017-7c0bf7f7a7f9,"Polystyrene, expandable, at plant",S3,05a10e4b-a919-33b6-b017-7c0bf7f7a7f9-disagg,"Polystyrene, expandable, at plant, disaggregated",kilogram,RER,technosphere,76aac688-8d44-3337-ac3e-9cac4cdafd8b,bafu,"Styrene, at plant",RER,1.0,kilogram,False,
05a10e4b-a919-33b6-b017-7c0bf7f7a7f9,"Polystyrene, expandable, at plant",S3,05a10e4b-a919-33b6-b017-7c0bf7f7a7f9-disagg,"Polystyrene, expandable, at plant, disaggregated",kilogram,RER,technosphere,2b89ce00-c1f2-3e3e-b822-550b42aa88c2,bafu,"Pentane, at plant",RER,1.820563620625543e-07,kilogram,True,
05a10e4b-a919-33b6-b017-7c0bf7f7a7f9,"Polystyrene, expandable, at plant",S3,05a10e4b-a919-33b6-b017-7c0bf7f7a7f9-disagg,"Polystyrene, expandable, at plant, disaggregated",kilogram,RER,technosphere,6556440f-cd03-3975-9615-023309701fe2,bafu,"Tap water, at user",RER,3.435457341750702e-07,kilogram,True,
05a10e4b-a919-33b6-b017-7c0bf7f7a7f9,"Polystyrene, expandable, at plant",S3,05a10e4b-a919-33b6-b017-7c0bf7f7a7f9-disagg,"Polystyrene, expandable, at plant, disaggregated",kilogram,RER,technosphere,4d96ad56-9dd3-3fda-bff6-d24796d01043,bafu,"Chemicals organic, at plant",GLO,5.1954304085668364e-08,kilogram,True,
05a10e4b-a919-33b6-b017-7c0bf7f7a7f9,"Polystyrene, expandable, at plant",S3,05a10e4b-a919-33b6-b017-7c0bf7f7a7f9-disagg,"Polystyrene, expandable, at plant, disaggregated",kilogram,RER,technosphere,648e3bb3-7b98-46f8-9da1-f45627c309ef,bafu,"Electricity, medium voltage, production ENTSO-E, at grid",ENTSO-E,1.5476783959864294e-10,kilowatt hour,True,
05a10e4b-a919-33b6-b017-7c0bf7f7a7f9,"Polystyrene, expandable, at plant",S3,05a10e4b-a919-33b6-b017-7c0bf7f7a7f9-disagg,"Polystyrene, expandable, at plant, disaggregated",kilogram,RER,technosphere,ca51da0f-d926-3dbe-bc07-e0449bb7dcab,bafu,"Steam, for chemical processes, at plant",RER,8.52491520718931e-09,kilogram,True,
05a10e4b-a919-33b6-b017-7c0bf7f7a7f9,"Polystyrene, expandable, at plant",S3,05a10e4b-a919-33b6-b017-7c0bf7f7a7f9-disagg,"Polystyrene, expandable, at plant, disaggregated",kilogram,RER,technosphere,13ed4fe0-7ba5-3b60-82b6-a63918ee814d,bafu,"Chemical plant, organics",RER,3.1594574726682524e-20,unit,True,
05a10e4b-a919-33b6-b017-7c0bf7f7a7f9,"Polystyrene, expandable, at plant",S3,05a10e4b-a919-33b6-b017-7c0bf7f7a7f9-disagg,"Polystyrene, expandable, at plant, disaggregated",kilogram,RER,technosphere,aacc6120-0e68-3835-8303-5ae37d62c030,bafu,"Transport, freight, rail",RER,3.79565213319559e-09,ton kilometer,True,
05a10e4b-a919-33b6-b017-7c0bf7f7a7f9,"Polystyrene, expandable, at plant",S3,05a10e4b-a919-33b6-b017-7c0bf7f7a7f9-disagg,"Polystyrene, expandable, at plant, disaggregated",kilogram,RER,technosphere,99f8a4b0-99b5-3130-924c-5de4c10b62ef,bafu,"Transport, freight, lorry, fleet average",RER,1.4519973626560234e-08,ton kilometer,True,
09cda8b1-b652-39b2-8761-c93aecc29f70,"Polypropylene, granulate, at plant",S3,09cda8b1-b652-39b2-8761-c93aecc29f70-disagg,"Polypropylene, granulate, at plant, disaggregated",kilogram,RER,technosphere,169c6f0a-21f5-3497-b439-a46a8e2f5a3b,bafu,"Propylene, at plant",RER,1.0,kilogram,False,
09cda8b1-b652-39b2-8761-c93aecc29f70,"Polypropylene, granulate, at plant",S3,09cda8b1-b652-39b2-8761-c93aecc29f70-disagg,"Polypropylene, granulate, at plant, disaggregated",kilogram,RER,technosphere,648e3bb3-7b98-46f8-9da1-f45627c309ef,bafu,"Electricity, medium voltage, production ENTSO-E, at grid",ENTSO-E,0.0030756781219184017,kilowatt hour,True,
09cda8b1-b652-39b2-8761-c93aecc29f70,"Polypropylene, granulate, at plant",S3,09cda8b1-b652-39b2-8761-c93aecc29f70-disagg,"Polypropylene, granulate, at plant, disaggregated",kilogram,RER,technosphere,ca51da0f-d926-3dbe-bc07-e0449bb7dcab,bafu,"Steam, for chemical processes, at plant",RER,0.04500986018648752,kilogram,True,
09cda8b1-b652-39b2-8761-c93aecc29f70,"Polypropylene, granulate, at plant",S3,09cda8b1-b652-39b2-8761-c93aecc29f70-disagg,"Polypropylene, granulate, at plant, disaggregated",kilogram,RER,technosphere,13ed4fe0-7ba5-3b60-82b6-a63918ee814d,bafu,"Chemical plant, organics",RER,3.631211113791013e-10,unit,True,
09cda8b1-b652-39b2-8761-c93aecc29f70,"Polypropylene, granulate, at plant",S3,09cda8b1-b652-39b2-8761-c93aecc29f70-disagg,"Polypropylene, granulate, at plant, disaggregated",kilogram,RER,technosphere,aacc6120-0e68-3835-8303-5ae37d62c030,bafu,"Transport, freight, rail",RER,0.0017220501101598796,ton kilometer,True,
09cda8b1-b652-39b2-8761-c93aecc29f70,"Polypropylene, granulate, at plant",S3,09cda8b1-b652-39b2-8761-c93aecc29f70-disagg,"Polypropylene, granulate, at plant, disaggregated",kilogram,RER,technosphere,99f8a4b0-99b5-3130-924c-5de4c10b62ef,bafu,"Transport, freight, lorry, fleet average",RER,0.0007321231108897577,ton kilometer,True,
1b7a81dc-1797-3c93-ae60-f239501da3c3,"Wood preservative, organic salt, Cr-free, at plant",S1,1b7a81dc-1797-3c93-ae60-f239501da3c3-draft-disagg,"Wood preservative, organic salt, Cr-free, at plant, disaggregated",kg,RER,technosphere,03b94c73-7c4c-35b9-bc43-a9e013f10a75,bafu,"Boric acid, anhydrous, powder, at plant",RER,0.015613800474379099,kilogram,True,"Boric acid (H3BO3) Î chemicals inorganics No RER boric acid, anhydrous, powder, at plant confidential kg Künniger et al. 2000"
1b7a81dc-1797-3c93-ae60-f239501da3c3,"Wood preservative, organic salt, Cr-free, at plant",S1,1b7a81dc-1797-3c93-ae60-f239501da3c3-draft-disagg,"Wood preservative, organic salt, Cr-free, at plant, disaggregated",kg,RER,technosphere,8db934a5-1264-328d-84c4-fd595209fe6f,bafu,"Ethylenediamine, at plant",RER,0.0010016390939774442,kilogram,True,"Ethylenediamine Î chemicals organics No RER ethylenediamine, at plant confidential kg Künniger et al. 2000"
1b7a81dc-1797-3c93-ae60-f239501da3c3,"Wood preservative, organic salt, Cr-free, at plant",S1,1b7a81dc-1797-3c93-ae60-f239501da3c3-draft-disagg,"Wood preservative, organic salt, Cr-free, at plant, disaggregated",kg,RER,technosphere,90492efb-9541-3939-9aff-b9ca938b17d5,bafu,"Copper carbonate, at plant",RER,0.0010000000000003723,kilogram,True,"Copper (II) carbonate Î chemicals inorganics No RER copper carbonate, at plant confidential kg Künniger et al. 2000"
1b7a81dc-1797-3c93-ae60-f239501da3c3,"Wood preservative, organic salt, Cr-free, at plant",S1,1b7a81dc-1797-3c93-ae60-f239501da3c3-draft-disagg,"Wood preservative, organic salt, Cr-free, at plant, disaggregated",kg,RER,technosphere,f9a82b94-96af-328c-aa75-bef4103d4a6c,bafu,"Triethanolamine, at plant",RER,0.00010075040884638323,kilogram,True,"Total Copper-HDO 0.061 kg. Balanced as ethanolmanine and copperoxide / Copper-HDO Î chemicals organics No RER triethanolamine, at plant confidential kg"
1b7a81dc-1797-3c93-ae60-f239501da3c3,"Wood preservative, organic salt, Cr-free, at plant",S1,1b7a81dc-1797-3c93-ae60-f239501da3c3-draft-disagg,"Wood preservative, organic salt, Cr-free, at plant, disaggregated",kg,RER,technosphere,87f791bb-fc12-31eb-ae1e-387398762a32,bafu,"Copper oxide, at plant",RER,0.00010004315983390165,kilogram,True,"Total Copper-HDO 0.061 kg. Balanced as ethanolmanine and copperoxide / Copper-HDO Î chemicals inorganics No RER copper oxide, at plant confidential kg"
1b7a81dc-1797-3c93-ae60-f239501da3c3,"Wood preservative, organic salt, Cr-free, at plant",S1,1b7a81dc-1797-3c93-ae60-f239501da3c3-draft-disagg,"Wood preservative, organic salt, Cr-free, at plant, disaggregated",kg,RER,technosphere,d86e2374-784b-3fd9-910b-7583462ea81b,bafu,"xxx Electricity, medium voltage, production UCTE, at grid",UCTE,0.7893050918306035,kilowatt hour,True,"Electricity medium voltage - at grid UCTE Î electricity production mix No UCTE electricity, medium voltage, production UCTE, at grid confidential kWh"
1b7a81dc-1797-3c93-ae60-f239501da3c3,"Wood preservative, organic salt, Cr-free, at plant",S1,1b7a81dc-1797-3c93-ae60-f239501da3c3-draft-disagg,"Wood preservative, organic salt, Cr-free, at plant, disaggregated",kg,RER,technosphere,6556440f-cd03-3975-9615-023309701fe2,bafu,"Tap water, at user",RER,0.0010002519281197542,kilogram,True,"Tap water Î water supply production No RER tap water, at user confidential kg Künniger et al. 2000"
1b7a81dc-1797-3c93-ae60-f239501da3c3,"Wood preservative, organic salt, Cr-free, at plant",S1,1b7a81dc-1797-3c93-ae60-f239501da3c3-draft-disagg,"Wood preservative, organic salt, Cr-free, at plant, disaggregated",kg,RER,technosphere,aacc6120-0e68-3835-8303-5ae37d62c030,bafu,"Transport, freight, rail",RER,0.384,ton kilometer,False,"Transport rail Î Chemicals: 600 km transport systems train No RER transport, freight, rail 3.84E-01 tkm estimated"
1b7a81dc-1797-3c93-ae60-f239501da3c3,"Wood preservative, organic salt, Cr-free, at plant",S1,1b7a81dc-1797-3c93-ae60-f239501da3c3-draft-disagg,"Wood preservative, organic salt, Cr-free, at plant, disaggregated",kg,RER,technosphere,85b3a5a6-2635-3546-b51b-4ccad397650b,bafu,"Transport, freight, lorry, 16t-32t gross weight, fleet average",RER,0.0639,ton kilometer,False,"Transport lorry Chemicals: 100 km transport systems road No RER transport, lorry >16t, fleet average 6.39E-02 tkm estimated"
1b7a81dc-1797-3c93-ae60-f239501da3c3,"Wood preservative, organic salt, Cr-free, at plant",S1,1b7a81dc-1797-3c93-ae60-f239501da3c3-draft-disagg,"Wood preservative, organic salt, Cr-free, at plant, disaggregated",kg,RER,technosphere,13ed4fe0-7ba5-3b60-82b6-a63918ee814d,bafu,"Chemical plant, organics",RER,4e-10,unit,False,"plant Î organic plant as proxy chemicals organics Yes RER chemical plant, organics 4.00E-10 unit estimated"
1b7a81dc-1797-3c93-ae60-f239501da3c3,"Wood preservative, organic salt, Cr-free, at plant",S1,1b7a81dc-1797-3c93-ae60-f239501da3c3-draft-disagg,"Wood preservative, organic salt, Cr-free, at plant, disaggregated",kg,RER,emission,08a91e70-3ddc-11dd-9137-0050c2490048,ef-3.1-biosphere,Waste Heat,air,0.072,megajoule,,"Waste heat into air Î air unspecified Heat, waste 7.20E-02 MJ calculated"
22f39631-187e-3cce-b067-be74006bb52a,"xx Packaging glass, white, at plant",S2,22f39631-187e-3cce-b067-be74006bb52a-disagg,"Packaging glass, white, at plant, CH, disaggregated",kilogram,CH,technosphere,80b22bf0-10cb-3af0-b63a-d3cf38d0ccb5,bafu,"Light fuel oil, at regional storage",RER,0.020950015943121028,kilogram,True,
22f39631-187e-3cce-b067-be74006bb52a,"xx Packaging glass, white, at plant",S2,22f39631-187e-3cce-b067-be74006bb52a-disagg,"Packaging glass, white, at plant, CH, disaggregated",kilogram,CH,technosphere,f922ca45-d058-3023-a86f-d034d697bbea,bafu,Glass production site,RER,1.25e-10,unit,False,
22f39631-187e-3cce-b067-be74006bb52a,"xx Packaging glass, white, at plant",S2,22f39631-187e-3cce-b067-be74006bb52a-disagg,"Packaging glass, white, at plant, CH, disaggregated",kilogram,CH,technosphere,f8e122b3-92fb-37d6-aade-43ee2f2de640,bafu,"Limestone, milled, loose, at plant",CH,0.020750022561292034,kilogram,True,
22f39631-187e-3cce-b067-be74006bb52a,"xx Packaging glass, white, at plant",S2,22f39631-187e-3cce-b067-be74006bb52a-disagg,"Packaging glass, white, at plant, CH, disaggregated",kilogram,CH,technosphere,a7511c34-4efb-316c-9d45-3fe6cf13a799,bafu,"Silica sand, at plant",DE,0.12400011828552619,kilogram,True,
22f39631-187e-3cce-b067-be74006bb52a,"xx Packaging glass, white, at plant",S2,22f39631-187e-3cce-b067-be74006bb52a-disagg,"Packaging glass, white, at plant, CH, disaggregated",kilogram,CH,technosphere,061ad0be-0da4-4a9f-8e90-4f133c3c3b35,bafu,"Disposal, municipal solid waste, 22.9% water, to municipal incineration",CH,0.00275,kilogram,False,
22f39631-187e-3cce-b067-be74006bb52a,"xx Packaging glass, white, at plant",S2,22f39631-187e-3cce-b067-be74006bb52a-disagg,"Packaging glass, white, at plant, CH, disaggregated",kilogram,CH,technosphere,99f8a4b0-99b5-3130-924c-5de4c10b62ef,bafu,"Transport, freight, lorry, fleet average",RER,0.131,ton kilometer,False,
22f39631-187e-3cce-b067-be74006bb52a,"xx Packaging glass, white, at plant",S2,22f39631-187e-3cce-b067-be74006bb52a-disagg,"Packaging glass, white, at plant, CH, disaggregated",kilogram,CH,technosphere,3a36045b-fc25-3ecc-8d54-00ed5a29f230,bafu,"Glass, from public collection, unsorted",RER,0.302500268146123,kilogram,True,
22f39631-187e-3cce-b067-be74006bb52a,"xx Packaging glass, white, at plant",S2,22f39631-187e-3cce-b067-be74006bb52a-disagg,"Packaging glass, white, at plant, CH, disaggregated",kilogram,CH,technosphere,633c6310-6b84-330b-bb26-e836f6eba2bd,bafu,"Dolomite, at plant",RER,0.0263500289960578,kilogram,True,
22f39631-187e-3cce-b067-be74006bb52a,"xx Packaging glass, white, at plant",S2,22f39631-187e-3cce-b067-be74006bb52a-disagg,"Packaging glass, white, at plant, CH, disaggregated",kilogram,CH,technosphere,96979845-0617-4681-a3d7-96c27fd714a5,bafu,"Treatment, glass production effluent, to wastewater treatment, class 2",CH,0.00176,cubic meter,False,
22f39631-187e-3cce-b067-be74006bb52a,"xx Packaging glass, white, at plant",S2,22f39631-187e-3cce-b067-be74006bb52a-disagg,"Packaging glass, white, at plant, CH, disaggregated",kilogram,CH,technosphere,90d675e2-e433-3ef4-abc3-4a6735350d72,bafu,"Chemicals inorganic, at plant",GLO,0.022,kilogram,False,
22f39631-187e-3cce-b067-be74006bb52a,"xx Packaging glass, white, at plant",S2,22f39631-187e-3cce-b067-be74006bb52a-disagg,"Packaging glass, white, at plant, CH, disaggregated",kilogram,CH,technosphere,76b3d094-2608-32f8-8be6-7b68317004f0,bafu,"Refractory, fireclay, packed, at plant",DE,0.0143,kilogram,False,
22f39631-187e-3cce-b067-be74006bb52a,"xx Packaging glass, white, at plant",S2,22f39631-187e-3cce-b067-be74006bb52a-disagg,"Packaging glass, white, at plant, CH, disaggregated",kilogram,CH,technosphere,d3e849a4-c9c1-3474-8b09-a71f4d412130,bafu,"Heavy fuel oil, at regional storage",RER,0.02165001759823814,kilogram,True,
22f39631-187e-3cce-b067-be74006bb52a,"xx Packaging glass, white, at plant",S2,22f39631-187e-3cce-b067-be74006bb52a-disagg,"Packaging glass, white, at plant, CH, disaggregated",kilogram,CH,technosphere,d945c4fe-a169-4132-930c-94d1be1116ea,bafu,"Disposal, municipal solid waste, 22.9% water, to sanitary landfill",CH,0.00275,kilogram,False,
22f39631-187e-3cce-b067-be74006bb52a,"xx Packaging glass, white, at plant",S2,22f39631-187e-3cce-b067-be74006bb52a-disagg,"Packaging glass, white, at plant, CH, disaggregated",kilogram,CH,technosphere,6738f024-eb64-3ef8-837e-05b84c6e43da,bafu,"Polyethylene, HDPE, granulate, at plant",RER,0.0129,kilogram,False,
22f39631-187e-3cce-b067-be74006bb52a,"xx Packaging glass, white, at plant",S2,22f39631-187e-3cce-b067-be74006bb52a-disagg,"Packaging glass, white, at plant, CH, disaggregated",kilogram,CH,technosphere,7fa67971-6cbc-3549-9ef2-f518ff87e652,bafu,"Feldspar, at plant",RER,0.0226,kilogram,False,
22f39631-187e-3cce-b067-be74006bb52a,"xx Packaging glass, white, at plant",S2,22f39631-187e-3cce-b067-be74006bb52a-disagg,"Packaging glass, white, at plant, CH, disaggregated",kilogram,CH,technosphere,0669988c-64e1-3574-931e-640b8ad2f246,bafu,EUR-flat pallet,RER,0.000787,unit,False,
22f39631-187e-3cce-b067-be74006bb52a,"xx Packaging glass, white, at plant",S2,22f39631-187e-3cce-b067-be74006bb52a-disagg,"Packaging glass, white, at plant, CH, disaggregated",kilogram,CH,technosphere,df605f09-34c5-3b3f-94ea-227f7a3c06a7,bafu,"Electricity, medium voltage, at grid",CH,0.12200013565182295,kilowatt hour,True,
22f39631-187e-3cce-b067-be74006bb52a,"xx Packaging glass, white, at plant",S2,22f39631-187e-3cce-b067-be74006bb52a-disagg,"Packaging glass, white, at plant, CH, disaggregated",kilogram,CH,technosphere,a4f7817d-ef76-3fb0-943c-12c43ed07da7,bafu,"Transport, freight, lorry, 7.5t-16t gross weight, fleet average",RER,0.000147,ton kilometer,False,
22f39631-187e-3cce-b067-be74006bb52a,"xx Packaging glass, white, at plant",S2,22f39631-187e-3cce-b067-be74006bb52a-disagg,"Packaging glass, white, at plant, CH, disaggregated",kilogram,CH,technosphere,8c1442f6-cec0-30c1-9b55-b15cb77aee4b,bafu,"Soda, powder, at plant",RER,0.03625003899689557,kilogram,True,
22f39631-187e-3cce-b067-be74006bb52a,"xx Packaging glass, white, at plant",S2,22f39631-187e-3cce-b067-be74006bb52a-disagg,"Packaging glass, white, at plant, CH, disaggregated",kilogram,CH,technosphere,52167408-1c86-310c-ab50-a92f15e84379,bafu,"Natural gas, high pressure, at consumer",RER,1.7850015909446766,megajoule,True,
22f39631-187e-3cce-b067-be74006bb52a,"xx Packaging glass, white, at plant",S2,22f39631-187e-3cce-b067-be74006bb52a-disagg,"Packaging glass, white, at plant, CH, disaggregated",kilogram,CH,technosphere,7d20d397-0eb3-3487-b28c-3a9fdaba034a,bafu,"Solid unbleached board, SUB, at plant",RER,0.0193,kilogram,False,
22f39631-187e-3cce-b067-be74006bb52a,"xx Packaging glass, white, at plant",S2,22f39631-187e-3cce-b067-be74006bb52a-disagg,"Packaging glass, white, at plant, CH, disaggregated",kilogram,CH,emission,fe0acd60-3ddc-11dd-abf3-0050c2490048,ef-3.1-biosphere,Selenium,"Emissions/Emissions to air/Emissions to air, unspecified",7.33e-06,kilogram,,
22f39631-187e-3cce-b067-be74006bb52a,"xx Packaging glass, white, at plant",S2,22f39631-187e-3cce-b067-be74006bb52a-disagg,"Packaging glass, white, at plant, CH, disaggregated",kilogram,CH,emission,fe0acd60-3ddc-11dd-a7a0-0050c2490048,ef-3.1-biosphere,Copper,"Emissions/Emissions to air/Emissions to air, unspecified",6.74e-08,kilogram,,
22f39631-187e-3cce-b067-be74006bb52a,"xx Packaging glass, white, at plant",S2,22f39631-187e-3cce-b067-be74006bb52a-disagg,"Packaging glass, white, at plant, CH, disaggregated",kilogram,CH,emission,fe0acd60-3ddc-11dd-ac48-0050c2490048,ef-3.1-biosphere,Sulfur Dioxide,"Emissions/Emissions to air/Emissions to air, unspecified",0.00344,kilogram,,
22f39631-187e-3cce-b067-be74006bb52a,"xx Packaging glass, white, at plant",S2,22f39631-187e-3cce-b067-be74006bb52a-disagg,"Packaging glass, white, at plant, CH, disaggregated",kilogram,CH,emission,08a91e70-3ddc-11dd-9689-0050c2490048,ef-3.1-biosphere,Antimony,"Emissions/Emissions to air/Emissions to air, unspecified",6.74e-08,kilogram,,
22f39631-187e-3cce-b067-be74006bb52a,"xx Packaging glass, white, at plant",S2,22f39631-187e-3cce-b067-be74006bb52a-disagg,"Packaging glass, white, at plant, CH, disaggregated",kilogram,CH,emission,08a91e70-3ddc-11dd-9bc6-0050c2490048,ef-3.1-biosphere,Manganese,"Emissions/Emissions to soil/Emissions to soil, unspecified",6.74e-08,kilogram,,
22f39631-187e-3cce-b067-be74006bb52a,"xx Packaging glass, white, at plant",S2,22f39631-187e-3cce-b067-be74006bb52a-disagg,"Packaging glass, white, at plant, CH, disaggregated",kilogram,CH,emission,08a91e70-3ddc-11dd-923d-0050c2490048,ef-3.1-biosphere,Carbon Dioxide (fossil),"Emissions/Emissions to air/Emissions to air, unspecified",0.473,kilogram,,
22f39631-187e-3cce-b067-be74006bb52a,"xx Packaging glass, white, at plant",S2,22f39631-187e-3cce-b067-be74006bb52a-disagg,"Packaging glass, white, at plant, CH, disaggregated",kilogram,CH,emission,fe0acd60-3ddc-11dd-a4f0-0050c2490048,ef-3.1-biosphere,Cobalt,"Emissions/Emissions to water/Emissions to water, unspecified",6.74e-08,kilogram,,
22f39631-187e-3cce-b067-be74006bb52a,"xx Packaging glass, white, at plant",S2,22f39631-187e-3cce-b067-be74006bb52a-disagg,"Packaging glass, white, at plant, CH, disaggregated",kilogram,CH,emission,08a91e70-3ddc-11dd-91be-0050c2490048,ef-3.1-biosphere,Particles (PM10),"Emissions/Emissions to air/Emissions to air, unspecified",1.3e-05,kilogram,,
22f39631-187e-3cce-b067-be74006bb52a,"xx Packaging glass, white, at plant",S2,22f39631-187e-3cce-b067-be74006bb52a-disagg,"Packaging glass, white, at plant, CH, disaggregated",kilogram,CH,emission,08a91e70-3ddc-11dd-9674-0050c2490048,ef-3.1-biosphere,Cadmium,"Emissions/Emissions to air/Emissions to air, unspecified",6.74e-08,kilogram,,
22f39631-187e-3cce-b067-be74006bb52a,"xx Packaging glass, white, at plant",S2,22f39631-187e-3cce-b067-be74006bb52a-disagg,"Packaging glass, white, at plant, CH, disaggregated",kilogram,CH,emission,9fbb2b3e-ed5b-11e6-bc64-92361f002671,ef-3.1-biosphere,Particles (> PM10),air,1.6e-05,kilogram,,
22f39631-187e-3cce-b067-be74006bb52a,"xx Packaging glass, white, at plant",S2,22f39631-187e-3cce-b067-be74006bb52a-disagg,"Packaging glass, white, at plant, CH, disaggregated",kilogram,CH,emission,08a91e70-3ddc-11dd-9137-0050c2490048,ef-3.1-biosphere,Waste Heat,air,8.63,megajoule,,
22f39631-187e-3cce-b067-be74006bb52a,"xx Packaging glass, white, at plant",S2,22f39631-187e-3cce-b067-be74006bb52a-disagg,"Packaging glass, white, at plant, CH, disaggregated",kilogram,CH,emission,08a91e70-3ddc-11dd-9293-0050c2490048,ef-3.1-biosphere,Particles (PM2.5),"Emissions/Emissions to air/Emissions to air, unspecified",0.000252,kilogram,,
22f39631-187e-3cce-b067-be74006bb52a,"xx Packaging glass, white, at plant",S2,22f39631-187e-3cce-b067-be74006bb52a-disagg,"Packaging glass, white, at plant, CH, disaggregated",kilogram,CH,emission,fe0acd60-3ddc-11dd-aab5-0050c2490048,ef-3.1-biosphere,fluorane,"Emissions/Emissions to water/Emissions to water, unspecified",1.8e-05,kilogram,,
22f39631-187e-3cce-b067-be74006bb52a,"xx Packaging glass, white, at plant",S2,22f39631-187e-3cce-b067-be74006bb52a-disagg,"Packaging glass, white, at plant, CH, disaggregated",kilogram,CH,emission,fe0acd60-3ddc-11dd-aab0-0050c2490048,ef-3.1-biosphere,Hydrogen Chloride,"Emissions/Emissions to air/Emissions to air, unspecified",4.97e-05,kilogram,,
22f39631-187e-3cce-b067-be74006bb52a,"xx Packaging glass, white, at plant",S2,22f39631-187e-3cce-b067-be74006bb52a-disagg,"Packaging glass, white, at plant, CH, disaggregated",kilogram,CH,emission,08a91e70-3ddc-11dd-96c8-0050c2490048,ef-3.1-biosphere,Nickel,"Emissions/Emissions to air/Emissions to air, unspecified",6.74e-08,kilogram,,
22f39631-187e-3cce-b067-be74006bb52a,"xx Packaging glass, white, at plant",S2,22f39631-187e-3cce-b067-be74006bb52a-disagg,"Packaging glass, white, at plant, CH, disaggregated",kilogram,CH,emission,08a91e70-3ddc-11dd-9acc-0050c2490048,ef-3.1-biosphere,Chromium,"Emissions/Emissions to air/Emissions to air, unspecified",6.74e-08,kilogram,,
22f39631-187e-3cce-b067-be74006bb52a,"xx Packaging glass, white, at plant",S2,22f39631-187e-3cce-b067-be74006bb52a-disagg,"Packaging glass, white, at plant, CH, disaggregated",kilogram,CH,emission,4d9a8790-3ddd-11dd-91dc-0050c2490048,ef-3.1-biosphere,Lead,"Emissions/Emissions to air/Emissions to air, unspecified",7.72e-07,kilogram,,
22f39631-187e-3cce-b067-be74006bb52a,"xx Packaging glass, white, at plant",S2,22f39631-187e-3cce-b067-be74006bb52a-disagg,"Packaging glass, white, at plant, CH, disaggregated",kilogram,CH,emission,08a91e70-3ddc-11dd-91e1-0050c2490048,ef-3.1-biosphere,Arsenic,"Emissions/Emissions to water/Emissions to water, unspecified",6.74e-08,kilogram,,
22f39631-187e-3cce-b067-be74006bb52a,"xx Packaging glass, white, at plant",S2,22f39631-187e-3cce-b067-be74006bb52a-disagg,"Packaging glass, white, at plant, CH, disaggregated",kilogram,CH,emission,f79d0f8f-2b0e-49cb-bed0-b1ea0fbd8625,ef-3.1-biosphere,Nitrogen Oxides,"Emissions/Emissions to air/Emissions to air, unspecified",0.0021,kilogram,,
22f39631-187e-3cce-b067-be74006bb52a,"xx Packaging glass, white, at plant",S2,22f39631-187e-3cce-b067-be74006bb52a-disagg,"Packaging glass, white, at plant, CH, disaggregated",kilogram,CH,emission,a3876d9b-a3e8-4680-861a-4e08642f1392,ef-3.1-biosphere,Water,"Emissions/Emissions to water/Emissions to water, unspecified",0.001881,cubic meter,,
22f39631-187e-3cce-b067-be74006bb52a,"xx Packaging glass, white, at plant",S2,22f39631-187e-3cce-b067-be74006bb52a-disagg,"Packaging glass, white, at plant, CH, disaggregated",kilogram,CH,resource,419682fe-60fb-4b43-be89-bf2824b51104,ef-3.1-biosphere,Water,Resources/Resources from water/Renewable material resources from water,0.00198,cubic meter,,
2b7663df-e40b-3aa9-b7ee-2ae098409a40,"xxx Wood wool boards, cement bonded, at plant",S1,2b7663df-e40b-3aa9-b7ee-2ae098409a40-draft-disagg,"xxx Wood wool boards, cement bonded, at plant, disaggregated",m3,RER,technosphere,e6bceb53-883e-34b3-8b33-686bc80b5f5f,bafu,"xxx Wood wool, u=20%, at plant",RER,120.00000000173011,kilogram,True,"Wood wool, at plant (u=20%)  Î  120-180 kg  wooden materials extraction No RER  wood wool, u=20%, at plant  1.50E+02 kg  Schniewind 1989, p. 197 ff."
2b7663df-e40b-3aa9-b7ee-2ae098409a40,"xxx Wood wool boards, cement bonded, at plant",S1,2b7663df-e40b-3aa9-b7ee-2ae098409a40-draft-disagg,"xxx Wood wool boards, cement bonded, at plant, disaggregated",m3,RER,technosphere,39f4c4a5-a5f8-3299-8841-9ab862d9e8fa,bafu,"Cement, unspecified, at plant",CH,180.00000000257347,kilogram,True,"Portland Cement  Î  180-250 kg  construction materials binder No CH  cement, unspecified, at plant  2.15E+02 kg  Schniewind 1989, p. 197 ff."
2b7663df-e40b-3aa9-b7ee-2ae098409a40,"xxx Wood wool boards, cement bonded, at plant",S1,2b7663df-e40b-3aa9-b7ee-2ae098409a40-draft-disagg,"xxx Wood wool boards, cement bonded, at plant, disaggregated",m3,RER,technosphere,4d96ad56-9dd3-3fda-bff6-d24796d01043,bafu,"Chemicals organic, at plant",GLO,6.000000000089962,kilogram,True,"Organic chemicals  Î  Additives: 6-8 kg; sometimes, no organic chemicals but waterglas is used  chemicals organics No GLO  chemicals organic, at plant  7.00E+00 kg"
2b7663df-e40b-3aa9-b7ee-2ae098409a40,"xxx Wood wool boards, cement bonded, at plant",S1,2b7663df-e40b-3aa9-b7ee-2ae098409a40-draft-disagg,"xxx Wood wool boards, cement bonded, at plant, disaggregated",m3,RER,technosphere,d86e2374-784b-3fd9-910b-7583462ea81b,bafu,"xxx Electricity, medium voltage, production UCTE, at grid",UCTE,1.0000000042508572,kilowatt hour,True,"Electricity  Î  confidential  electricity production mix No UCTE  electricity, medium voltage, production UCTE, at grid  confidential kWh  CEWAG Düdingen, Herr Kurzo"
2b7663df-e40b-3aa9-b7ee-2ae098409a40,"xxx Wood wool boards, cement bonded, at plant",S1,2b7663df-e40b-3aa9-b7ee-2ae098409a40-draft-disagg,"xxx Wood wool boards, cement bonded, at plant, disaggregated",m3,RER,technosphere,5c9a8f03-0938-3057-a036-97ae8a6f2fb7,bafu,"Heat, light fuel oil, at industrial furnace 1MW",RER,1.000000040227826,megajoule,True,"Thermal heat from oil firing extra light  Î  confidential  oil heating systems No RER  heat, light fuel oil, at industrial furnace 1MW  confidential MJ  CEWAG Düdingen, Herr Kurzo"
2b7663df-e40b-3aa9-b7ee-2ae098409a40,"xxx Wood wool boards, cement bonded, at plant",S1,2b7663df-e40b-3aa9-b7ee-2ae098409a40-draft-disagg,"xxx Wood wool boards, cement bonded, at plant, disaggregated",m3,RER,technosphere,aacc6120-0e68-3835-8303-5ae37d62c030,bafu,"Transport, freight, rail",RER,25.7,ton kilometer,False,"Transport rail  Î  Chemicals: 600 km, cement: 100 km, wood: 0 km  transport systems train No RER  transport, freight, rail  2.57E+01 tkm  estimated"
2b7663df-e40b-3aa9-b7ee-2ae098409a40,"xxx Wood wool boards, cement bonded, at plant",S1,2b7663df-e40b-3aa9-b7ee-2ae098409a40-draft-disagg,"xxx Wood wool boards, cement bonded, at plant, disaggregated",m3,RER,technosphere,85b3a5a6-2635-3546-b51b-4ccad397650b,bafu,"Transport, freight, lorry, 16t-32t gross weight, fleet average",RER,22.2,ton kilometer,False,"Transport lorry  Î  Chemicals & cement: 100 km, wood: 0 km  transport systems road No RER  transport, lorry >16t, fleet average  2.22E+01 tkm  estimated"
2b7663df-e40b-3aa9-b7ee-2ae098409a40,"xxx Wood wool boards, cement bonded, at plant",S1,2b7663df-e40b-3aa9-b7ee-2ae098409a40-draft-disagg,"xxx Wood wool boards, cement bonded, at plant, disaggregated",m3,RER,technosphere,3d785591-507e-3c4a-8c69-f689c5bf5bc7,bafu,"Wooden board manufacturing plant, cement bonded boards",RER,4e-07,unit,False,"plant  Î  wooden materials extraction Yes RER  wooden board manufacturing plant, cement bonded boards  4.00E-07 unit  estimated"
2b7663df-e40b-3aa9-b7ee-2ae098409a40,"xxx Wood wool boards, cement bonded, at plant",S1,2b7663df-e40b-3aa9-b7ee-2ae098409a40-draft-disagg,"xxx Wood wool boards, cement bonded, at plant, disaggregated",m3,RER,emission,08a91e70-3ddc-11dd-9137-0050c2490048,ef-3.1-biosphere,Waste Heat,air,32.9,megajoule,,"Î  Waste heat into air  air unspecified  Heat, waste  3.29E+01 MJ  calculated"
2b7663df-e40b-3aa9-b7ee-2ae098409a40,"xxx Wood wool boards, cement bonded, at plant",S1,2b7663df-e40b-3aa9-b7ee-2ae098409a40-draft-disagg,"xxx Wood wool boards, cement bonded, at plant, disaggregated",m3,RER,resource,21868f36-62ab-4e8e-98ed-7106228c17be,ef-3.1-biosphere,Water To Cooling,Resources/Resources from water/Renewable material resources from water,0.245,cubic meter,,"Process and cooling water  Î  200-290 kg; evaporates partly during drying  resource in water  Water, cooling, unspecified natural origin  2.45E-01 m3  Schniewind 1989, p. 197 ff."
2b7663df-e40b-3aa9-b7ee-2ae098409a40,"xxx Wood wool boards, cement bonded, at plant",S2,2b7663df-e40b-3aa9-b7ee-2ae098409a40-disagg,"Wood wool boards, cement bonded, at plant, RER, disaggregated",cubic meter,RER,technosphere,aacc6120-0e68-3835-8303-5ae37d62c030,bafu,"Transport, freight, rail",RER,25.7,ton kilometer,False,
2b7663df-e40b-3aa9-b7ee-2ae098409a40,"xxx Wood wool boards, cement bonded, at plant",S2,2b7663df-e40b-3aa9-b7ee-2ae098409a40-disagg,"Wood wool boards, cement bonded, at plant, RER, disaggregated",cubic meter,RER,technosphere,99f8a4b0-99b5-3130-924c-5de4c10b62ef,bafu,"Transport, freight, lorry, fleet average",RER,11.100000005039053,ton kilometer,True,
2b7663df-e40b-3aa9-b7ee-2ae098409a40,"xxx Wood wool boards, cement bonded, at plant",S2,2b7663df-e40b-3aa9-b7ee-2ae098409a40-disagg,"Wood wool boards, cement bonded, at plant, RER, disaggregated",cubic meter,RER,technosphere,4d96ad56-9dd3-3fda-bff6-d24796d01043,bafu,"Chemicals organic, at plant",GLO,3.5000000583881716,kilogram,True,
2b7663df-e40b-3aa9-b7ee-2ae098409a40,"xxx Wood wool boards, cement bonded, at plant",S2,2b7663df-e40b-3aa9-b7ee-2ae098409a40-disagg,"Wood wool boards, cement bonded, at plant, RER, disaggregated",cubic meter,RER,technosphere,39f4c4a5-a5f8-3299-8841-9ab862d9e8fa,bafu,"Cement, unspecified, at plant",CH,107.5000000308454,kilogram,True,
2b7663df-e40b-3aa9-b7ee-2ae098409a40,"xxx Wood wool boards, cement bonded, at plant",S2,2b7663df-e40b-3aa9-b7ee-2ae098409a40-disagg,"Wood wool boards, cement bonded, at plant, RER, disaggregated",cubic meter,RER,technosphere,3c7bfd5c-8c13-3393-86ae-305c8ff436df,bafu,"Heat, hardwood chips from industry, at furnace 300kW",CH,36.650000075445725,megajoule,True,
2b7663df-e40b-3aa9-b7ee-2ae098409a40,"xxx Wood wool boards, cement bonded, at plant",S2,2b7663df-e40b-3aa9-b7ee-2ae098409a40-disagg,"Wood wool boards, cement bonded, at plant, RER, disaggregated",cubic meter,RER,technosphere,648e3bb3-7b98-46f8-9da1-f45627c309ef,bafu,"Electricity, medium voltage, production ENTSO-E, at grid",ENTSO-E,5.403941980204612,kilowatt hour,True,
2b7663df-e40b-3aa9-b7ee-2ae098409a40,"xxx Wood wool boards, cement bonded, at plant",S2,2b7663df-e40b-3aa9-b7ee-2ae098409a40-disagg,"Wood wool boards, cement bonded, at plant, RER, disaggregated",cubic meter,RER,technosphere,3d785591-507e-3c4a-8c69-f689c5bf5bc7,bafu,"Wooden board manufacturing plant, cement bonded boards",RER,2.0000000035701744e-07,unit,True,
2b7663df-e40b-3aa9-b7ee-2ae098409a40,"xxx Wood wool boards, cement bonded, at plant",S2,2b7663df-e40b-3aa9-b7ee-2ae098409a40-disagg,"Wood wool boards, cement bonded, at plant, RER, disaggregated",cubic meter,RER,technosphere,36c4bb40-13ca-3fdf-9440-5d28e360ccb7,bafu,"Wood wool, at plant",RER,75.00000000000001,kilogram,True,
2b7663df-e40b-3aa9-b7ee-2ae098409a40,"xxx Wood wool boards, cement bonded, at plant",S2,2b7663df-e40b-3aa9-b7ee-2ae098409a40-disagg,"Wood wool boards, cement bonded, at plant, RER, disaggregated",cubic meter,RER,emission,5cfda72a-b91b-4f7c-a8d4-1f8265d8cd4c,ef-3.1-biosphere,Water,air,9.49e-05,cubic meter,,
2b7663df-e40b-3aa9-b7ee-2ae098409a40,"xxx Wood wool boards, cement bonded, at plant",S2,2b7663df-e40b-3aa9-b7ee-2ae098409a40-disagg,"Wood wool boards, cement bonded, at plant, RER, disaggregated",cubic meter,RER,emission,a3876d9b-a3e8-4680-861a-4e08642f1392,ef-3.1-biosphere,Water,"Emissions/Emissions to water/Emissions to water, unspecified",0.23275,cubic meter,,
2b7663df-e40b-3aa9-b7ee-2ae098409a40,"xxx Wood wool boards, cement bonded, at plant",S2,2b7663df-e40b-3aa9-b7ee-2ae098409a40-disagg,"Wood wool boards, cement bonded, at plant, RER, disaggregated",cubic meter,RER,resource,419682fe-60fb-4b43-be89-bf2824b51104,ef-3.1-biosphere,Water,Resources/Resources from water/Renewable material resources from water,0.1500625,cubic meter,,
2b7663df-e40b-3aa9-b7ee-2ae098409a40,"xxx Wood wool boards, cement bonded, at plant",S2,2b7663df-e40b-3aa9-b7ee-2ae098409a40-disagg,"Wood wool boards, cement bonded, at plant, RER, disaggregated",cubic meter,RER,resource,805a7346-1664-4483-afe3-4b224be5e361,ef-3.1-biosphere,river water,Resources/Resources from water/Renewable material resources from water,0.245,cubic meter,,
48985f3e-97b4-3128-a1a8-a5ba91a1cb88,"Polyvinylchloride, suspension polymerised, at plant",S3,48985f3e-97b4-3128-a1a8-a5ba91a1cb88-disagg,"Polyvinylchloride, suspension polymerised, at plant, disaggregated",kilogram,RER,technosphere,99a93e93-a8a8-34f3-88f3-6af0c21c4762,bafu,"Vinyl chloride, at plant",RER,1.0,kilogram,False,
48985f3e-97b4-3128-a1a8-a5ba91a1cb88,"Polyvinylchloride, suspension polymerised, at plant",S3,48985f3e-97b4-3128-a1a8-a5ba91a1cb88-disagg,"Polyvinylchloride, suspension polymerised, at plant, disaggregated",kilogram,RER,technosphere,648e3bb3-7b98-46f8-9da1-f45627c309ef,bafu,"Electricity, medium voltage, production ENTSO-E, at grid",ENTSO-E,0.00016531868374222483,kilowatt hour,True,
48985f3e-97b4-3128-a1a8-a5ba91a1cb88,"Polyvinylchloride, suspension polymerised, at plant",S3,48985f3e-97b4-3128-a1a8-a5ba91a1cb88-disagg,"Polyvinylchloride, suspension polymerised, at plant, disaggregated",kilogram,RER,technosphere,ca51da0f-d926-3dbe-bc07-e0449bb7dcab,bafu,"Steam, for chemical processes, at plant",RER,0.006021930317873434,kilogram,True,
48985f3e-97b4-3128-a1a8-a5ba91a1cb88,"Polyvinylchloride, suspension polymerised, at plant",S3,48985f3e-97b4-3128-a1a8-a5ba91a1cb88-disagg,"Polyvinylchloride, suspension polymerised, at plant, disaggregated",kilogram,RER,technosphere,13ed4fe0-7ba5-3b60-82b6-a63918ee814d,bafu,"Chemical plant, organics",RER,9.923473407044378e-15,unit,True,
48985f3e-97b4-3128-a1a8-a5ba91a1cb88,"Polyvinylchloride, suspension polymerised, at plant",S3,48985f3e-97b4-3128-a1a8-a5ba91a1cb88-disagg,"Polyvinylchloride, suspension polymerised, at plant, disaggregated",kilogram,RER,technosphere,aacc6120-0e68-3835-8303-5ae37d62c030,bafu,"Transport, freight, rail",RER,0.003890580190750752,ton kilometer,True,
48985f3e-97b4-3128-a1a8-a5ba91a1cb88,"Polyvinylchloride, suspension polymerised, at plant",S3,48985f3e-97b4-3128-a1a8-a5ba91a1cb88-disagg,"Polyvinylchloride, suspension polymerised, at plant, disaggregated",kilogram,RER,technosphere,99f8a4b0-99b5-3130-924c-5de4c10b62ef,bafu,"Transport, freight, lorry, fleet average",RER,0.0006860566926813124,ton kilometer,True,
582ad303-7f18-3110-83c2-bccca0dc995f,"Ethylene glycol, at plant",S2,582ad303-7f18-3110-83c2-bccca0dc995f-disagg,"Ethylene glycol, at plant, disaggregated",kilogram,RER,technosphere,6ab29660-cc4e-30a3-aaa1-f175fa54dd61,bafu,"Ethylene oxide, at plant",RER,0.7243030303030302,kilogram,False,
582ad303-7f18-3110-83c2-bccca0dc995f,"Ethylene glycol, at plant",S2,582ad303-7f18-3110-83c2-bccca0dc995f-disagg,"Ethylene glycol, at plant, disaggregated",kilogram,RER,technosphere,648e3bb3-7b98-46f8-9da1-f45627c309ef,bafu,"Electricity, medium voltage, production ENTSO-E, at grid",ENTSO-E,0.3884242424242424,kilowatt hour,False,
582ad303-7f18-3110-83c2-bccca0dc995f,"Ethylene glycol, at plant",S2,582ad303-7f18-3110-83c2-bccca0dc995f-disagg,"Ethylene glycol, at plant, disaggregated",kilogram,RER,technosphere,13ed4fe0-7ba5-3b60-82b6-a63918ee814d,bafu,"Chemical plant, organics",RER,4.921347124367084e-24,unit,True,
582ad303-7f18-3110-83c2-bccca0dc995f,"Ethylene glycol, at plant",S2,582ad303-7f18-3110-83c2-bccca0dc995f-disagg,"Ethylene glycol, at plant, disaggregated",kilogram,RER,technosphere,ca51da0f-d926-3dbe-bc07-e0449bb7dcab,bafu,"Steam, for chemical processes, at plant",RER,4.721016391902357e-12,kilogram,True,
582ad303-7f18-3110-83c2-bccca0dc995f,"Ethylene glycol, at plant",S2,582ad303-7f18-3110-83c2-bccca0dc995f-disagg,"Ethylene glycol, at plant, disaggregated",kilogram,RER,emission,08a91e70-3ddc-11dd-9137-0050c2490048,ef-3.1-biosphere,Waste Heat,air,1.3909090909090909,megajoule,,
582ad303-7f18-3110-83c2-bccca0dc995f,"Ethylene glycol, at plant",S2,582ad303-7f18-3110-83c2-bccca0dc995f-disagg,"Ethylene glycol, at plant, disaggregated",kilogram,RER,emission,fe0acd60-3ddc-11dd-a7a5-0050c2490048,ef-3.1-biosphere,Acetaldehyde,"Emissions/Emissions to air/Emissions to air, unspecified",1.4424242424242424e-06,kilogram,,
582ad303-7f18-3110-83c2-bccca0dc995f,"Ethylene glycol, at plant",S2,582ad303-7f18-3110-83c2-bccca0dc995f-disagg,"Ethylene glycol, at plant, disaggregated",kilogram,RER,emission,fe0acd60-3ddc-11dd-a47d-0050c2490048,ef-3.1-biosphere,Ethylene,"Emissions/Emissions to air/Emissions to air, unspecified",6.181818181818182e-06,kilogram,,
582ad303-7f18-3110-83c2-bccca0dc995f,"Ethylene glycol, at plant",S2,582ad303-7f18-3110-83c2-bccca0dc995f-disagg,"Ethylene glycol, at plant, disaggregated",kilogram,RER,emission,08a91e70-3ddc-11dd-97df-0050c2490048,ef-3.1-biosphere,Biological Oxygen Demand,water,0.0002967272727272727,kilogram,,
582ad303-7f18-3110-83c2-bccca0dc995f,"Ethylene glycol, at plant",S2,582ad303-7f18-3110-83c2-bccca0dc995f-disagg,"Ethylene glycol, at plant, disaggregated",kilogram,RER,emission,08a91e70-3ddc-11dd-97ee-0050c2490048,ef-3.1-biosphere,Chemical Oxygen Demand,water,0.0002967272727272727,kilogram,,
582ad303-7f18-3110-83c2-bccca0dc995f,"Ethylene glycol, at plant",S2,582ad303-7f18-3110-83c2-bccca0dc995f-disagg,"Ethylene glycol, at plant, disaggregated",kilogram,RER,emission,21291e2b-f570-4264-a430-1522a6d67805,ef-3.1-biosphere,"DOC, Dissolved Organic Carbon",water,7.727272727272726e-05,kilogram,,
582ad303-7f18-3110-83c2-bccca0dc995f,"Ethylene glycol, at plant",S2,582ad303-7f18-3110-83c2-bccca0dc995f-disagg,"Ethylene glycol, at plant, disaggregated",kilogram,RER,emission,4d9a8790-3ddd-11dd-8e80-0050c2490048,ef-3.1-biosphere,Total Organic Carbon,water,7.727272727272726e-05,kilogram,,
582ad303-7f18-3110-83c2-bccca0dc995f,"Ethylene glycol, at plant",S2,582ad303-7f18-3110-83c2-bccca0dc995f-disagg,"Ethylene glycol, at plant, disaggregated",kilogram,RER,emission,a3876d9b-a3e8-4680-861a-4e08642f1392,ef-3.1-biosphere,Water,"Emissions/Emissions to water/Emissions to water, unspecified",0.0058727272727272725,cubic meter,,
582ad303-7f18-3110-83c2-bccca0dc995f,"Ethylene glycol, at plant",S2,582ad303-7f18-3110-83c2-bccca0dc995f-disagg,"Ethylene glycol, at plant, disaggregated",kilogram,RER,resource,419682fe-60fb-4b43-be89-bf2824b51104,ef-3.1-biosphere,Water,Resources/Resources from water/Renewable material resources from water,0.0061818181818181816,cubic meter,,
6738f024-eb64-3ef8-837e-05b84c6e43da,"Polyethylene, HDPE, granulate, at plant",S3,6738f024-eb64-3ef8-837e-05b84c6e43da-disagg,"Polyethylene, HDPE, granulate, at plant, disaggregated",kilogram,RER,technosphere,298abdac-f564-358c-95a3-7a43418d2671,bafu,"Ethylene, average, at plant",RER,1.0,kilogram,False,
6738f024-eb64-3ef8-837e-05b84c6e43da,"Polyethylene, HDPE, granulate, at plant",S3,6738f024-eb64-3ef8-837e-05b84c6e43da-disagg,"Polyethylene, HDPE, granulate, at plant, disaggregated",kilogram,RER,technosphere,648e3bb3-7b98-46f8-9da1-f45627c309ef,bafu,"Electricity, medium voltage, production ENTSO-E, at grid",ENTSO-E,0.00014615213059952653,kilowatt hour,True,
6738f024-eb64-3ef8-837e-05b84c6e43da,"Polyethylene, HDPE, granulate, at plant",S3,6738f024-eb64-3ef8-837e-05b84c6e43da-disagg,"Polyethylene, HDPE, granulate, at plant, disaggregated",kilogram,RER,technosphere,ca51da0f-d926-3dbe-bc07-e0449bb7dcab,bafu,"Steam, for chemical processes, at plant",RER,0.005632710840580863,kilogram,True,
6738f024-eb64-3ef8-837e-05b84c6e43da,"Polyethylene, HDPE, granulate, at plant",S3,6738f024-eb64-3ef8-837e-05b84c6e43da-disagg,"Polyethylene, HDPE, granulate, at plant, disaggregated",kilogram,RER,technosphere,13ed4fe0-7ba5-3b60-82b6-a63918ee814d,bafu,"Chemical plant, organics",RER,8.818088731648037e-15,unit,True,
6738f024-eb64-3ef8-837e-05b84c6e43da,"Polyethylene, HDPE, granulate, at plant",S3,6738f024-eb64-3ef8-837e-05b84c6e43da-disagg,"Polyethylene, HDPE, granulate, at plant, disaggregated",kilogram,RER,technosphere,aacc6120-0e68-3835-8303-5ae37d62c030,bafu,"Transport, freight, rail",RER,0.0034807017797207113,ton kilometer,True,
6738f024-eb64-3ef8-837e-05b84c6e43da,"Polyethylene, HDPE, granulate, at plant",S3,6738f024-eb64-3ef8-837e-05b84c6e43da-disagg,"Polyethylene, HDPE, granulate, at plant, disaggregated",kilogram,RER,technosphere,99f8a4b0-99b5-3130-924c-5de4c10b62ef,bafu,"Transport, freight, lorry, fleet average",RER,0.000587895696541142,ton kilometer,True,
6d36bf06-a935-397b-871f-5da5b0b79b0b,"xx Packaging glass, white, at regional storage",S2,6d36bf06-a935-397b-871f-5da5b0b79b0b-disagg,"Packaging glass, white, at regional storage, CH, disaggregated",kilogram,CH,technosphere,22f39631-187e-3cce-b067-be74006bb52a-disagg,this-export,"Packaging glass, white, at plant",,1.0,kilogram,False,
6d36bf06-a935-397b-871f-5da5b0b79b0b,"xx Packaging glass, white, at regional storage",S2,6d36bf06-a935-397b-871f-5da5b0b79b0b-disagg,"Packaging glass, white, at regional storage, CH, disaggregated",kilogram,CH,technosphere,99f8a4b0-99b5-3130-924c-5de4c10b62ef,bafu,"Transport, freight, lorry, fleet average",RER,1.3483139421350529e-05,ton kilometer,True,
6d36bf06-a935-397b-871f-5da5b0b79b0b,"xx Packaging glass, white, at regional storage",S2,6d36bf06-a935-397b-871f-5da5b0b79b0b-disagg,"Packaging glass, white, at regional storage, CH, disaggregated",kilogram,CH,technosphere,aacc6120-0e68-3835-8303-5ae37d62c030,bafu,"Transport, freight, rail",RER,2.6517927812994477e-05,ton kilometer,True,
909c9c24-8c69-3736-be51-699a03743352,"Gypsum plaster board, at plant",S2,909c9c24-8c69-3736-be51-699a03743352-disagg,"Gypsum plaster board, at plant, DE, disaggregated",square meter,DE,technosphere,76a85da2-7e4e-3e7e-a3df-f3df5951c9ec,bafu,"Electricity, medium voltage, at grid",DE,0.4685004289773557,kilowatt hour,True,
909c9c24-8c69-3736-be51-699a03743352,"Gypsum plaster board, at plant",S2,909c9c24-8c69-3736-be51-699a03743352-disagg,"Gypsum plaster board, at plant, DE, disaggregated",square meter,DE,technosphere,90039d7f-2872-3c9f-b721-544860a8d3fa,bafu,"Wooden board manufacturing plant, organic bonded boards",RER,1.6700000000000002e-10,unit,False,
909c9c24-8c69-3736-be51-699a03743352,"Gypsum plaster board, at plant",S2,909c9c24-8c69-3736-be51-699a03743352-disagg,"Gypsum plaster board, at plant, DE, disaggregated",square meter,DE,technosphere,eb5552ed-63a8-374d-8fa4-296f644c37f8,bafu,"Transport, freight, lorry, 16t-32t gross weight, fleet average",CH,1.500000948140127,ton kilometer,True,
909c9c24-8c69-3736-be51-699a03743352,"Gypsum plaster board, at plant",S2,909c9c24-8c69-3736-be51-699a03743352-disagg,"Gypsum plaster board, at plant, DE, disaggregated",square meter,DE,technosphere,4cabab9c-da5b-32e6-b114-02a06c1deccb,bafu,"Potato starch, at plant",DE,0.014500012076835543,kilogram,True,
909c9c24-8c69-3736-be51-699a03743352,"Gypsum plaster board, at plant",S2,909c9c24-8c69-3736-be51-699a03743352-disagg,"Gypsum plaster board, at plant, DE, disaggregated",square meter,DE,technosphere,6556440f-cd03-3975-9615-023309701fe2,bafu,"Tap water, at user",RER,1.8200016621183603,kilogram,True,
909c9c24-8c69-3736-be51-699a03743352,"Gypsum plaster board, at plant",S2,909c9c24-8c69-3736-be51-699a03743352-disagg,"Gypsum plaster board, at plant, DE, disaggregated",square meter,DE,technosphere,1e8d18ab-063a-39ae-aff7-21ebdad70860,bafu,"Whitelined chipboard, WLC, at plant",RER,0.484,kilogram,False,
909c9c24-8c69-3736-be51-699a03743352,"Gypsum plaster board, at plant",S2,909c9c24-8c69-3736-be51-699a03743352-disagg,"Gypsum plaster board, at plant, DE, disaggregated",square meter,DE,technosphere,08c050ee-36ba-3999-9fee-24321d6a6787,bafu,"Stucco, at plant",CH,4.05500340791,kilogram,True,
909c9c24-8c69-3736-be51-699a03743352,"Gypsum plaster board, at plant",S2,909c9c24-8c69-3736-be51-699a03743352-disagg,"Gypsum plaster board, at plant, DE, disaggregated",square meter,DE,technosphere,2af6f466-f68e-3e06-bd94-34152d38b326,bafu,"Silicone product, at plant",RER,0.00129,kilogram,False,
909c9c24-8c69-3736-be51-699a03743352,"Gypsum plaster board, at plant",S2,909c9c24-8c69-3736-be51-699a03743352-disagg,"Gypsum plaster board, at plant, DE, disaggregated",square meter,DE,technosphere,e7c90a94-cb2d-34a0-bd20-1d755ba5f0a5,bafu,"Glass fibre, at plant",RER,0.00161,kilogram,False,
909c9c24-8c69-3736-be51-699a03743352,"Gypsum plaster board, at plant",S2,909c9c24-8c69-3736-be51-699a03743352-disagg,"Gypsum plaster board, at plant, DE, disaggregated",square meter,DE,technosphere,82c07b68-8bf9-3537-9934-91924132e976,bafu,"Light fuel oil, burned in industrial furnace 1MW, non-modulating",RER,6.800004130600254,megajoule,True,
909c9c24-8c69-3736-be51-699a03743352,"Gypsum plaster board, at plant",S2,909c9c24-8c69-3736-be51-699a03743352-disagg,"Gypsum plaster board, at plant, DE, disaggregated",square meter,DE,technosphere,1d16937e-2188-321b-a8ad-907afe767502,bafu,"Alkylbenzene sulfonate, linear, petrochemical, at plant",RER,9.680000000000001e-05,kilogram,False,
909c9c24-8c69-3736-be51-699a03743352,"Gypsum plaster board, at plant",S2,909c9c24-8c69-3736-be51-699a03743352-disagg,"Gypsum plaster board, at plant, DE, disaggregated",square meter,DE,emission,08a91e70-3ddc-11dd-9137-0050c2490048,ef-3.1-biosphere,Waste Heat,air,3.37,megajoule,,
909c9c24-8c69-3736-be51-699a03743352,"Gypsum plaster board, at plant",S2,909c9c24-8c69-3736-be51-699a03743352-disagg,"Gypsum plaster board, at plant, DE, disaggregated",square meter,DE,emission,a3876d9b-a3e8-4680-861a-4e08642f1392,ef-3.1-biosphere,Water,"Emissions/Emissions to water/Emissions to water, unspecified",0.001729,cubic meter,,
909c9c24-8c69-3736-be51-699a03743352,"Gypsum plaster board, at plant",S2,909c9c24-8c69-3736-be51-699a03743352-disagg,"Gypsum plaster board, at plant, DE, disaggregated",square meter,DE,resource,419682fe-60fb-4b43-be89-bf2824b51104,ef-3.1-biosphere,Water,Resources/Resources from water/Renewable material resources from water,0.00182,cubic meter,,
99a93e93-a8a8-34f3-88f3-6af0c21c4762,"Vinyl chloride, at plant",S3,99a93e93-a8a8-34f3-88f3-6af0c21c4762-disagg,"Vinyl chloride, at plant, disaggregated",kilogram,RER,technosphere,298abdac-f564-358c-95a3-7a43418d2671,bafu,"Ethylene, average, at plant",RER,0.4627612001109809,kilogram,False,
99a93e93-a8a8-34f3-88f3-6af0c21c4762,"Vinyl chloride, at plant",S3,99a93e93-a8a8-34f3-88f3-6af0c21c4762-disagg,"Vinyl chloride, at plant, disaggregated",kilogram,RER,technosphere,8d838be7-6796-3fc1-98f9-24789691ed97,bafu,"Chlorine, liquid, production mix, at plant",RER,0.5788430127723272,kilogram,False,
99a93e93-a8a8-34f3-88f3-6af0c21c4762,"Vinyl chloride, at plant",S3,99a93e93-a8a8-34f3-88f3-6af0c21c4762-disagg,"Vinyl chloride, at plant, disaggregated",kilogram,RER,technosphere,648e3bb3-7b98-46f8-9da1-f45627c309ef,bafu,"Electricity, medium voltage, production ENTSO-E, at grid",ENTSO-E,4.532230817077961e-10,kilowatt hour,True,
99a93e93-a8a8-34f3-88f3-6af0c21c4762,"Vinyl chloride, at plant",S3,99a93e93-a8a8-34f3-88f3-6af0c21c4762-disagg,"Vinyl chloride, at plant, disaggregated",kilogram,RER,technosphere,ca51da0f-d926-3dbe-bc07-e0449bb7dcab,bafu,"Steam, for chemical processes, at plant",RER,2.0047902599721823e-08,kilogram,True,
99a93e93-a8a8-34f3-88f3-6af0c21c4762,"Vinyl chloride, at plant",S3,99a93e93-a8a8-34f3-88f3-6af0c21c4762-disagg,"Vinyl chloride, at plant, disaggregated",kilogram,RER,technosphere,13ed4fe0-7ba5-3b60-82b6-a63918ee814d,bafu,"Chemical plant, organics",RER,2.9184750679309683e-20,unit,True,
99a93e93-a8a8-34f3-88f3-6af0c21c4762,"Vinyl chloride, at plant",S3,99a93e93-a8a8-34f3-88f3-6af0c21c4762-disagg,"Vinyl chloride, at plant, disaggregated",kilogram,RER,technosphere,aacc6120-0e68-3835-8303-5ae37d62c030,bafu,"Transport, freight, rail",RER,1.1008263936853932e-08,ton kilometer,True,
99a93e93-a8a8-34f3-88f3-6af0c21c4762,"Vinyl chloride, at plant",S3,99a93e93-a8a8-34f3-88f3-6af0c21c4762-disagg,"Vinyl chloride, at plant, disaggregated",kilogram,RER,technosphere,99f8a4b0-99b5-3130-924c-5de4c10b62ef,bafu,"Transport, freight, lorry, fleet average",RER,1.673540855620412e-08,ton kilometer,True,
a29aa0d5-9e37-34d7-8868-8a4fff95350a,"Xylene, at plant",S3,a29aa0d5-9e37-34d7-8868-8a4fff95350a-disagg,"Xylene, at plant, disaggregated",kilogram,RER,technosphere,f4ac3b21-f5f3-3c8c-a5a5-316af4e38d18,bafu,"Naphtha, at refinery",RER,1.178082191780822,kilogram,True,
a29aa0d5-9e37-34d7-8868-8a4fff95350a,"Xylene, at plant",S3,a29aa0d5-9e37-34d7-8868-8a4fff95350a-disagg,"Xylene, at plant, disaggregated",kilogram,RER,technosphere,dab0fa22-ba8d-34a9-b594-c980886b0b14,bafu,"Pyrolysis gasoline, production mix, at plant",RER,0.19178082191780826,kilogram,True,
a29aa0d5-9e37-34d7-8868-8a4fff95350a,"Xylene, at plant",S3,a29aa0d5-9e37-34d7-8868-8a4fff95350a-disagg,"Xylene, at plant, disaggregated",kilogram,RER,technosphere,ca51da0f-d926-3dbe-bc07-e0449bb7dcab,bafu,"Steam, for chemical processes, at plant",RER,0.6849315068493151,kilogram,True,
a29aa0d5-9e37-34d7-8868-8a4fff95350a,"Xylene, at plant",S3,a29aa0d5-9e37-34d7-8868-8a4fff95350a-disagg,"Xylene, at plant, disaggregated",kilogram,RER,technosphere,648e3bb3-7b98-46f8-9da1-f45627c309ef,bafu,"Electricity, medium voltage, production ENTSO-E, at grid",ENTSO-E,2.2126475627286753e-20,kilowatt hour,True,
a29aa0d5-9e37-34d7-8868-8a4fff95350a,"Xylene, at plant",S3,a29aa0d5-9e37-34d7-8868-8a4fff95350a-disagg,"Xylene, at plant, disaggregated",kilogram,RER,technosphere,5c81d3c9-cad0-3a6d-9b29-82c7b0a6aba8,bafu,"Refinery gas, burned in furnace",RER,1.2864433690515846e-08,megajoule,True,
a29aa0d5-9e37-34d7-8868-8a4fff95350a,"Xylene, at plant",S3,a29aa0d5-9e37-34d7-8868-8a4fff95350a-disagg,"Xylene, at plant, disaggregated",kilogram,RER,technosphere,2e9b12dd-3611-491a-bc92-a33b5874aa73,bafu,"Disposal, hazardous waste, 25% water, to hazardous waste incineration",CH,1.09e-05,kilogram,False,
a29aa0d5-9e37-34d7-8868-8a4fff95350a,"Xylene, at plant",S3,a29aa0d5-9e37-34d7-8868-8a4fff95350a-disagg,"Xylene, at plant, disaggregated",kilogram,RER,technosphere,13ed4fe0-7ba5-3b60-82b6-a63918ee814d,bafu,"Chemical plant, organics",RER,3.613405658491869e-29,unit,True,
a29aa0d5-9e37-34d7-8868-8a4fff95350a,"Xylene, at plant",S3,a29aa0d5-9e37-34d7-8868-8a4fff95350a-disagg,"Xylene, at plant, disaggregated",kilogram,RER,emission,08a91e70-3ddc-11dd-9610-0050c2490048,ef-3.1-biosphere,Methane (fossil),"Emissions/Emissions to air/Emissions to air, unspecified",8.6e-05,kilogram,,
a29aa0d5-9e37-34d7-8868-8a4fff95350a,"Xylene, at plant",S3,a29aa0d5-9e37-34d7-8868-8a4fff95350a-disagg,"Xylene, at plant, disaggregated",kilogram,RER,emission,fe0acd60-3ddc-11dd-ac48-0050c2490048,ef-3.1-biosphere,Sulfur Dioxide,"Emissions/Emissions to air/Emissions to air, unspecified",0.00053,kilogram,,
a29aa0d5-9e37-34d7-8868-8a4fff95350a,"Xylene, at plant",S3,a29aa0d5-9e37-34d7-8868-8a4fff95350a-disagg,"Xylene, at plant, disaggregated",kilogram,RER,emission,4d9a8790-3ddd-11dd-9bb5-0050c2490048,ef-3.1-biosphere,Toluene,"Emissions/Emissions to air/Emissions to air, unspecified",3e-05,kilogram,,
a29aa0d5-9e37-34d7-8868-8a4fff95350a,"Xylene, at plant",S3,a29aa0d5-9e37-34d7-8868-8a4fff95350a-disagg,"Xylene, at plant, disaggregated",kilogram,RER,emission,08a91e70-3ddc-11dd-a302-0050c2490048,ef-3.1-biosphere,Non-methane Volatile Organic Compounds,"Emissions/Emissions to air/Emissions to air, unspecified",0.0002,kilogram,,
a29aa0d5-9e37-34d7-8868-8a4fff95350a,"Xylene, at plant",S3,a29aa0d5-9e37-34d7-8868-8a4fff95350a-disagg,"Xylene, at plant, disaggregated",kilogram,RER,emission,4d9a8790-3ddd-11dd-9cc9-0050c2490048,ef-3.1-biosphere,Benzene,"Emissions/Emissions to water/Emissions to water, unspecified",3e-06,kilogram,,
a29aa0d5-9e37-34d7-8868-8a4fff95350a,"Xylene, at plant",S3,a29aa0d5-9e37-34d7-8868-8a4fff95350a-disagg,"Xylene, at plant, disaggregated",kilogram,RER,emission,08a91e70-3ddc-11dd-998a-0050c2490048,ef-3.1-biosphere,Toluene,"Emissions/Emissions to water/Emissions to water, unspecified",1e-06,kilogram,,
a29aa0d5-9e37-34d7-8868-8a4fff95350a,"Xylene, at plant",S3,a29aa0d5-9e37-34d7-8868-8a4fff95350a-disagg,"Xylene, at plant, disaggregated",kilogram,RER,emission,08a91e70-3ddc-11dd-97ee-0050c2490048,ef-3.1-biosphere,Chemical Oxygen Demand,water,8.7e-05,kilogram,,
b3da2a0c-5179-317d-8f16-84285a50248f,"xx Packaging glass, green, at plant",S2,b3da2a0c-5179-317d-8f16-84285a50248f-disagg,"Packaging glass, green, at plant, CH, disaggregated",kilogram,CH,technosphere,96979845-0617-4681-a3d7-96c27fd714a5,bafu,"Treatment, glass production effluent, to wastewater treatment, class 2",CH,0.00176,cubic meter,False,
b3da2a0c-5179-317d-8f16-84285a50248f,"xx Packaging glass, green, at plant",S2,b3da2a0c-5179-317d-8f16-84285a50248f-disagg,"Packaging glass, green, at plant, CH, disaggregated",kilogram,CH,technosphere,90d675e2-e433-3ef4-abc3-4a6735350d72,bafu,"Chemicals inorganic, at plant",GLO,0.022,kilogram,False,
b3da2a0c-5179-317d-8f16-84285a50248f,"xx Packaging glass, green, at plant",S2,b3da2a0c-5179-317d-8f16-84285a50248f-disagg,"Packaging glass, green, at plant, CH, disaggregated",kilogram,CH,technosphere,d945c4fe-a169-4132-930c-94d1be1116ea,bafu,"Disposal, municipal solid waste, 22.9% water, to sanitary landfill",CH,0.00275,kilogram,False,
b3da2a0c-5179-317d-8f16-84285a50248f,"xx Packaging glass, green, at plant",S2,b3da2a0c-5179-317d-8f16-84285a50248f-disagg,"Packaging glass, green, at plant, CH, disaggregated",kilogram,CH,technosphere,99f8a4b0-99b5-3130-924c-5de4c10b62ef,bafu,"Transport, freight, lorry, fleet average",RER,0.131,ton kilometer,False,
b3da2a0c-5179-317d-8f16-84285a50248f,"xx Packaging glass, green, at plant",S2,b3da2a0c-5179-317d-8f16-84285a50248f-disagg,"Packaging glass, green, at plant, CH, disaggregated",kilogram,CH,technosphere,df605f09-34c5-3b3f-94ea-227f7a3c06a7,bafu,"Electricity, medium voltage, at grid",CH,0.12200009284313264,kilowatt hour,True,
b3da2a0c-5179-317d-8f16-84285a50248f,"xx Packaging glass, green, at plant",S2,b3da2a0c-5179-317d-8f16-84285a50248f-disagg,"Packaging glass, green, at plant, CH, disaggregated",kilogram,CH,technosphere,3a36045b-fc25-3ecc-8d54-00ed5a29f230,bafu,"Glass, from public collection, unsorted",RER,0.41750025602587826,kilogram,True,
b3da2a0c-5179-317d-8f16-84285a50248f,"xx Packaging glass, green, at plant",S2,b3da2a0c-5179-317d-8f16-84285a50248f-disagg,"Packaging glass, green, at plant, CH, disaggregated",kilogram,CH,technosphere,0669988c-64e1-3574-931e-640b8ad2f246,bafu,EUR-flat pallet,RER,0.000787,unit,False,
b3da2a0c-5179-317d-8f16-84285a50248f,"xx Packaging glass, green, at plant",S2,b3da2a0c-5179-317d-8f16-84285a50248f-disagg,"Packaging glass, green, at plant, CH, disaggregated",kilogram,CH,technosphere,f8e122b3-92fb-37d6-aade-43ee2f2de640,bafu,"Limestone, milled, loose, at plant",CH,0.008700006478327306,kilogram,True,
b3da2a0c-5179-317d-8f16-84285a50248f,"xx Packaging glass, green, at plant",S2,b3da2a0c-5179-317d-8f16-84285a50248f-disagg,"Packaging glass, green, at plant, CH, disaggregated",kilogram,CH,technosphere,80b22bf0-10cb-3af0-b63a-d3cf38d0ccb5,bafu,"Light fuel oil, at regional storage",RER,0.020950010944127462,kilogram,True,
b3da2a0c-5179-317d-8f16-84285a50248f,"xx Packaging glass, green, at plant",S2,b3da2a0c-5179-317d-8f16-84285a50248f-disagg,"Packaging glass, green, at plant, CH, disaggregated",kilogram,CH,technosphere,a7511c34-4efb-316c-9d45-3fe6cf13a799,bafu,"Silica sand, at plant",DE,0.06300004124660571,kilogram,True,
b3da2a0c-5179-317d-8f16-84285a50248f,"xx Packaging glass, green, at plant",S2,b3da2a0c-5179-317d-8f16-84285a50248f-disagg,"Packaging glass, green, at plant, CH, disaggregated",kilogram,CH,technosphere,6738f024-eb64-3ef8-837e-05b84c6e43da,bafu,"Polyethylene, HDPE, granulate, at plant",RER,0.0129,kilogram,False,
b3da2a0c-5179-317d-8f16-84285a50248f,"xx Packaging glass, green, at plant",S2,b3da2a0c-5179-317d-8f16-84285a50248f-disagg,"Packaging glass, green, at plant, CH, disaggregated",kilogram,CH,technosphere,d3e849a4-c9c1-3474-8b09-a71f4d412130,bafu,"Heavy fuel oil, at regional storage",RER,0.021650012077834076,kilogram,True,
b3da2a0c-5179-317d-8f16-84285a50248f,"xx Packaging glass, green, at plant",S2,b3da2a0c-5179-317d-8f16-84285a50248f-disagg,"Packaging glass, green, at plant, CH, disaggregated",kilogram,CH,technosphere,633c6310-6b84-330b-bb26-e836f6eba2bd,bafu,"Dolomite, at plant",RER,0.012150009154211078,kilogram,True,
b3da2a0c-5179-317d-8f16-84285a50248f,"xx Packaging glass, green, at plant",S2,b3da2a0c-5179-317d-8f16-84285a50248f-disagg,"Packaging glass, green, at plant, CH, disaggregated",kilogram,CH,technosphere,7d20d397-0eb3-3487-b28c-3a9fdaba034a,bafu,"Solid unbleached board, SUB, at plant",RER,0.0193,kilogram,False,
b3da2a0c-5179-317d-8f16-84285a50248f,"xx Packaging glass, green, at plant",S2,b3da2a0c-5179-317d-8f16-84285a50248f-disagg,"Packaging glass, green, at plant, CH, disaggregated",kilogram,CH,technosphere,a4f7817d-ef76-3fb0-943c-12c43ed07da7,bafu,"Transport, freight, lorry, 7.5t-16t gross weight, fleet average",RER,0.000147,ton kilometer,False,
b3da2a0c-5179-317d-8f16-84285a50248f,"xx Packaging glass, green, at plant",S2,b3da2a0c-5179-317d-8f16-84285a50248f-disagg,"Packaging glass, green, at plant, CH, disaggregated",kilogram,CH,technosphere,7fa67971-6cbc-3549-9ef2-f518ff87e652,bafu,"Feldspar, at plant",RER,0.00651,kilogram,False,
b3da2a0c-5179-317d-8f16-84285a50248f,"xx Packaging glass, green, at plant",S2,b3da2a0c-5179-317d-8f16-84285a50248f-disagg,"Packaging glass, green, at plant, CH, disaggregated",kilogram,CH,technosphere,52167408-1c86-310c-ab50-a92f15e84379,bafu,"Natural gas, high pressure, at consumer",RER,1.785001091390987,megajoule,True,
b3da2a0c-5179-317d-8f16-84285a50248f,"xx Packaging glass, green, at plant",S2,b3da2a0c-5179-317d-8f16-84285a50248f-disagg,"Packaging glass, green, at plant, CH, disaggregated",kilogram,CH,technosphere,76b3d094-2608-32f8-8be6-7b68317004f0,bafu,"Refractory, fireclay, packed, at plant",DE,0.0143,kilogram,False,
b3da2a0c-5179-317d-8f16-84285a50248f,"xx Packaging glass, green, at plant",S2,b3da2a0c-5179-317d-8f16-84285a50248f-disagg,"Packaging glass, green, at plant, CH, disaggregated",kilogram,CH,technosphere,f922ca45-d058-3023-a86f-d034d697bbea,bafu,Glass production site,RER,1.25e-10,unit,False,
b3da2a0c-5179-317d-8f16-84285a50248f,"xx Packaging glass, green, at plant",S2,b3da2a0c-5179-317d-8f16-84285a50248f-disagg,"Packaging glass, green, at plant, CH, disaggregated",kilogram,CH,technosphere,8c1442f6-cec0-30c1-9b55-b15cb77aee4b,bafu,"Soda, powder, at plant",RER,0.01675001234150294,kilogram,True,
b3da2a0c-5179-317d-8f16-84285a50248f,"xx Packaging glass, green, at plant",S2,b3da2a0c-5179-317d-8f16-84285a50248f-disagg,"Packaging glass, green, at plant, CH, disaggregated",kilogram,CH,technosphere,061ad0be-0da4-4a9f-8e90-4f133c3c3b35,bafu,"Disposal, municipal solid waste, 22.9% water, to municipal incineration",CH,0.00275,kilogram,False,
b3da2a0c-5179-317d-8f16-84285a50248f,"xx Packaging glass, green, at plant",S2,b3da2a0c-5179-317d-8f16-84285a50248f-disagg,"Packaging glass, green, at plant, CH, disaggregated",kilogram,CH,emission,08a91e70-3ddc-11dd-923d-0050c2490048,ef-3.1-biosphere,Carbon Dioxide (fossil),"Emissions/Emissions to air/Emissions to air, unspecified",0.473,kilogram,,
b3da2a0c-5179-317d-8f16-84285a50248f,"xx Packaging glass, green, at plant",S2,b3da2a0c-5179-317d-8f16-84285a50248f-disagg,"Packaging glass, green, at plant, CH, disaggregated",kilogram,CH,emission,fe0acd60-3ddc-11dd-a7a0-0050c2490048,ef-3.1-biosphere,Copper,"Emissions/Emissions to air/Emissions to air, unspecified",6.74e-08,kilogram,,
b3da2a0c-5179-317d-8f16-84285a50248f,"xx Packaging glass, green, at plant",S2,b3da2a0c-5179-317d-8f16-84285a50248f-disagg,"Packaging glass, green, at plant, CH, disaggregated",kilogram,CH,emission,fe0acd60-3ddc-11dd-ac48-0050c2490048,ef-3.1-biosphere,Sulfur Dioxide,"Emissions/Emissions to air/Emissions to air, unspecified",0.00344,kilogram,,
b3da2a0c-5179-317d-8f16-84285a50248f,"xx Packaging glass, green, at plant",S2,b3da2a0c-5179-317d-8f16-84285a50248f-disagg,"Packaging glass, green, at plant, CH, disaggregated",kilogram,CH,emission,f79d0f8f-2b0e-49cb-bed0-b1ea0fbd8625,ef-3.1-biosphere,Nitrogen Oxides,"Emissions/Emissions to air/Emissions to air, unspecified",0.0021,kilogram,,
b3da2a0c-5179-317d-8f16-84285a50248f,"xx Packaging glass, green, at plant",S2,b3da2a0c-5179-317d-8f16-84285a50248f-disagg,"Packaging glass, green, at plant, CH, disaggregated",kilogram,CH,emission,9fbb2b3e-ed5b-11e6-bc64-92361f002671,ef-3.1-biosphere,Particles (> PM10),air,1.6e-05,kilogram,,
b3da2a0c-5179-317d-8f16-84285a50248f,"xx Packaging glass, green, at plant",S2,b3da2a0c-5179-317d-8f16-84285a50248f-disagg,"Packaging glass, green, at plant, CH, disaggregated",kilogram,CH,emission,08a91e70-3ddc-11dd-91be-0050c2490048,ef-3.1-biosphere,Particles (PM10),"Emissions/Emissions to air/Emissions to air, unspecified",1.3e-05,kilogram,,
b3da2a0c-5179-317d-8f16-84285a50248f,"xx Packaging glass, green, at plant",S2,b3da2a0c-5179-317d-8f16-84285a50248f-disagg,"Packaging glass, green, at plant, CH, disaggregated",kilogram,CH,emission,fe0acd60-3ddc-11dd-a4f0-0050c2490048,ef-3.1-biosphere,Cobalt,"Emissions/Emissions to water/Emissions to water, unspecified",6.74e-08,kilogram,,
b3da2a0c-5179-317d-8f16-84285a50248f,"xx Packaging glass, green, at plant",S2,b3da2a0c-5179-317d-8f16-84285a50248f-disagg,"Packaging glass, green, at plant, CH, disaggregated",kilogram,CH,emission,08a91e70-3ddc-11dd-9acc-0050c2490048,ef-3.1-biosphere,Chromium,"Emissions/Emissions to air/Emissions to air, unspecified",6.74e-08,kilogram,,
b3da2a0c-5179-317d-8f16-84285a50248f,"xx Packaging glass, green, at plant",S2,b3da2a0c-5179-317d-8f16-84285a50248f-disagg,"Packaging glass, green, at plant, CH, disaggregated",kilogram,CH,emission,08a91e70-3ddc-11dd-9bc6-0050c2490048,ef-3.1-biosphere,Manganese,"Emissions/Emissions to soil/Emissions to soil, unspecified",6.74e-08,kilogram,,
b3da2a0c-5179-317d-8f16-84285a50248f,"xx Packaging glass, green, at plant",S2,b3da2a0c-5179-317d-8f16-84285a50248f-disagg,"Packaging glass, green, at plant, CH, disaggregated",kilogram,CH,emission,fe0acd60-3ddc-11dd-abf3-0050c2490048,ef-3.1-biosphere,Selenium,"Emissions/Emissions to air/Emissions to air, unspecified",7.33e-06,kilogram,,
b3da2a0c-5179-317d-8f16-84285a50248f,"xx Packaging glass, green, at plant",S2,b3da2a0c-5179-317d-8f16-84285a50248f-disagg,"Packaging glass, green, at plant, CH, disaggregated",kilogram,CH,emission,08a91e70-3ddc-11dd-9293-0050c2490048,ef-3.1-biosphere,Particles (PM2.5),"Emissions/Emissions to air/Emissions to air, unspecified",0.000252,kilogram,,
b3da2a0c-5179-317d-8f16-84285a50248f,"xx Packaging glass, green, at plant",S2,b3da2a0c-5179-317d-8f16-84285a50248f-disagg,"Packaging glass, green, at plant, CH, disaggregated",kilogram,CH,emission,08a91e70-3ddc-11dd-9137-0050c2490048,ef-3.1-biosphere,Waste Heat,air,8.63,megajoule,,
b3da2a0c-5179-317d-8f16-84285a50248f,"xx Packaging glass, green, at plant",S2,b3da2a0c-5179-317d-8f16-84285a50248f-disagg,"Packaging glass, green, at plant, CH, disaggregated",kilogram,CH,emission,08a91e70-3ddc-11dd-9689-0050c2490048,ef-3.1-biosphere,Antimony,"Emissions/Emissions to air/Emissions to air, unspecified",6.74e-08,kilogram,,
b3da2a0c-5179-317d-8f16-84285a50248f,"xx Packaging glass, green, at plant",S2,b3da2a0c-5179-317d-8f16-84285a50248f-disagg,"Packaging glass, green, at plant, CH, disaggregated",kilogram,CH,emission,08a91e70-3ddc-11dd-96c8-0050c2490048,ef-3.1-biosphere,Nickel,"Emissions/Emissions to air/Emissions to air, unspecified",6.74e-08,kilogram,,
b3da2a0c-5179-317d-8f16-84285a50248f,"xx Packaging glass, green, at plant",S2,b3da2a0c-5179-317d-8f16-84285a50248f-disagg,"Packaging glass, green, at plant, CH, disaggregated",kilogram,CH,emission,08a91e70-3ddc-11dd-91e1-0050c2490048,ef-3.1-biosphere,Arsenic,"Emissions/Emissions to water/Emissions to water, unspecified",6.74e-08,kilogram,,
b3da2a0c-5179-317d-8f16-84285a50248f,"xx Packaging glass, green, at plant",S2,b3da2a0c-5179-317d-8f16-84285a50248f-disagg,"Packaging glass, green, at plant, CH, disaggregated",kilogram,CH,emission,08a91e70-3ddc-11dd-9674-0050c2490048,ef-3.1-biosphere,Cadmium,"Emissions/Emissions to air/Emissions to air, unspecified",6.74e-08,kilogram,,
b3da2a0c-5179-317d-8f16-84285a50248f,"xx Packaging glass, green, at plant",S2,b3da2a0c-5179-317d-8f16-84285a50248f-disagg,"Packaging glass, green, at plant, CH, disaggregated",kilogram,CH,emission,fe0acd60-3ddc-11dd-aab0-0050c2490048,ef-3.1-biosphere,Hydrogen Chloride,"Emissions/Emissions to air/Emissions to air, unspecified",4.97e-05,kilogram,,
b3da2a0c-5179-317d-8f16-84285a50248f,"xx Packaging glass, green, at plant",S2,b3da2a0c-5179-317d-8f16-84285a50248f-disagg,"Packaging glass, green, at plant, CH, disaggregated",kilogram,CH,emission,4d9a8790-3ddd-11dd-91dc-0050c2490048,ef-3.1-biosphere,Lead,"Emissions/Emissions to air/Emissions to air, unspecified",7.72e-07,kilogram,,
b3da2a0c-5179-317d-8f16-84285a50248f,"xx Packaging glass, green, at plant",S2,b3da2a0c-5179-317d-8f16-84285a50248f-disagg,"Packaging glass, green, at plant, CH, disaggregated",kilogram,CH,emission,fe0acd60-3ddc-11dd-aab5-0050c2490048,ef-3.1-biosphere,fluorane,"Emissions/Emissions to water/Emissions to water, unspecified",1.8e-05,kilogram,,
b3da2a0c-5179-317d-8f16-84285a50248f,"xx Packaging glass, green, at plant",S2,b3da2a0c-5179-317d-8f16-84285a50248f-disagg,"Packaging glass, green, at plant, CH, disaggregated",kilogram,CH,emission,a3876d9b-a3e8-4680-861a-4e08642f1392,ef-3.1-biosphere,Water,"Emissions/Emissions to water/Emissions to water, unspecified",0.001881,cubic meter,,
b3da2a0c-5179-317d-8f16-84285a50248f,"xx Packaging glass, green, at plant",S2,b3da2a0c-5179-317d-8f16-84285a50248f-disagg,"Packaging glass, green, at plant, CH, disaggregated",kilogram,CH,resource,419682fe-60fb-4b43-be89-bf2824b51104,ef-3.1-biosphere,Water,Resources/Resources from water/Renewable material resources from water,0.00198,cubic meter,,
bc92bf5a-94f5-3d3c-865f-278a6ba99440,"Titanium dioxide, chloride process, at plant",S1,bc92bf5a-94f5-3d3c-865f-278a6ba99440-draft-disagg,"Titanium dioxide, chloride process, at plant, disaggregated",kg,RER,technosphere,12085649-b010-3868-aa7d-30634a83fc0d,bafu,"Rutile, 95% titanium dioxide, at plant",AU,1.06,kilogram,False,"Synthetic rutile   ng   1.06   (Chemlink.com)   [Tab. 85.3 precursors for TiO2 production, chloride-process column, 'Kg per kg of product']"
bc92bf5a-94f5-3d3c-865f-278a6ba99440,"Titanium dioxide, chloride process, at plant",S1,bc92bf5a-94f5-3d3c-865f-278a6ba99440-draft-disagg,"Titanium dioxide, chloride process, at plant, disaggregated",kg,RER,technosphere,8d838be7-6796-3fc1-98f9-24789691ed97,bafu,"Chlorine, liquid, production mix, at plant",RER,0.18,kilogram,False,"Chlorine   na   0.18   (UBA BAT Notes, 2001)   [Tab. 85.3 precursors for TiO2 production, chloride-process column]"
bc92bf5a-94f5-3d3c-865f-278a6ba99440,"Titanium dioxide, chloride process, at plant",S1,bc92bf5a-94f5-3d3c-865f-278a6ba99440-draft-disagg,"Titanium dioxide, chloride process, at plant, disaggregated",kg,RER,technosphere,d86e2374-784b-3fd9-910b-7583462ea81b,bafu,"xxx Electricity, medium voltage, production UCTE, at grid",UCTE,0.65,kilowatt hour,False,"Electric energy   1.51   0.83   [Tab. 85.5 energy consumption for TiO2 production (chloride process), TiO2 manufacture + Follow-up treatment]"
bc92bf5a-94f5-3d3c-865f-278a6ba99440,"Titanium dioxide, chloride process, at plant",S1,bc92bf5a-94f5-3d3c-865f-278a6ba99440-draft-disagg,"Titanium dioxide, chloride process, at plant, disaggregated",kg,RER,technosphere,2fcda415-e506-38d9-9c3e-8ce2c2e7c8f2,bafu,"Heat, natural gas, at industrial furnace 1MW",CH,9.4,megajoule,False,Steam   1.7   7.7   [Tab. 85.5 energy consumption for TiO2 production (chloride process)]
bc92bf5a-94f5-3d3c-865f-278a6ba99440,"Titanium dioxide, chloride process, at plant",S1,bc92bf5a-94f5-3d3c-865f-278a6ba99440-draft-disagg,"Titanium dioxide, chloride process, at plant, disaggregated",kg,RER,technosphere,045e458d-5776-3c92-82ff-274665aaa4fc,bafu,"Natural gas, burned in industrial furnace 1MW",CH,7.1,megajoule,False,Gas   2.9   4.2   [Tab. 85.5 energy consumption for TiO2 production (chloride process)]
bc92bf5a-94f5-3d3c-865f-278a6ba99440,"Titanium dioxide, chloride process, at plant",S1,bc92bf5a-94f5-3d3c-865f-278a6ba99440-draft-disagg,"Titanium dioxide, chloride process, at plant, disaggregated",kg,RER,technosphere,188872ed-2560-4d85-bd58-7cf5ee588519,bafu,"xx Disposal, residue from TiO2 prod. Cl, 56% water, to residual material landfill",CH,0.00236,kilogram,False,Filter residues   0.11   2.25   [Tab. 85.9 wastewater emissions for TiO2 production (chloride process)]
bc92bf5a-94f5-3d3c-865f-278a6ba99440,"Titanium dioxide, chloride process, at plant",S1,bc92bf5a-94f5-3d3c-865f-278a6ba99440-draft-disagg,"Titanium dioxide, chloride process, at plant, disaggregated",kg,RER,technosphere,188872ed-2560-4d85-bd58-7cf5ee588519,bafu,"xx Disposal, residue from TiO2 prod. Cl, 56% water, to residual material landfill",CH,0.18400000258173502,kilogram,True,"Chloride process. According to (UBA BAT Notes, 2001), chloride process sludges total 184 g / kg product. Industry sources however suggest somewhat higher values, ranging up to 1 kg / kg product"
bc92bf5a-94f5-3d3c-865f-278a6ba99440,"Titanium dioxide, chloride process, at plant",S1,bc92bf5a-94f5-3d3c-865f-278a6ba99440-draft-disagg,"Titanium dioxide, chloride process, at plant, disaggregated",kg,RER,emission,6641d1ed-a4ab-5582-a09c-702a03bba448,bafu-2026-residual,"Particulates, unspecified",emissions to air/unspecified,0.000191,kilogram,,Particles   0.005   ng   ng   0.186   [Tab. 85.7 direct air emissions for TiO2 production (chloride process)]
bc92bf5a-94f5-3d3c-865f-278a6ba99440,"Titanium dioxide, chloride process, at plant",S1,bc92bf5a-94f5-3d3c-865f-278a6ba99440-draft-disagg,"Titanium dioxide, chloride process, at plant, disaggregated",kg,RER,emission,fe0acd60-3ddc-11dd-aab0-0050c2490048,ef-3.1-biosphere,Hydrogen Chloride,"Emissions/Emissions to air/Emissions to air, unspecified",2.4e-05,kilogram,,HCl   ng   0.007   0.024 *   ng   * This value is used for the model chloride plant.   [Tab. 85.7]
bc92bf5a-94f5-3d3c-865f-278a6ba99440,"Titanium dioxide, chloride process, at plant",S1,bc92bf5a-94f5-3d3c-865f-278a6ba99440-draft-disagg,"Titanium dioxide, chloride process, at plant, disaggregated",kg,RER,emission,fe0acd60-3ddc-11dd-ac48-0050c2490048,ef-3.1-biosphere,Sulfur Dioxide,"Emissions/Emissions to air/Emissions to air, unspecified",0.00168,kilogram,,"SO2   ng   ng   1.68   ng   [Tab. 85.7 direct air emissions for TiO2 production (chloride process), off-gas treatment]"
bc92bf5a-94f5-3d3c-865f-278a6ba99440,"Titanium dioxide, chloride process, at plant",S1,bc92bf5a-94f5-3d3c-865f-278a6ba99440-draft-disagg,"Titanium dioxide, chloride process, at plant, disaggregated",kg,RER,emission,08a91e70-3ddc-11dd-9597-0050c2490048,ef-3.1-biosphere,Iron,"Emissions/Emissions to water/Emissions to water, unspecified",0.0005,kilogram,,Iron   0.011 *   ng   ...   This report uses a value of 0.5 g iron per kg produced TiO2   [Tab. 85.9 wastewater emissions (chloride process)]
bc92bf5a-94f5-3d3c-865f-278a6ba99440,"Titanium dioxide, chloride process, at plant",S1,bc92bf5a-94f5-3d3c-865f-278a6ba99440-draft-disagg,"Titanium dioxide, chloride process, at plant, disaggregated",kg,RER,emission,fe0acd60-3ddc-11dd-a292-0050c2490048,ef-3.1-biosphere,Cadmium,"Emissions/Emissions to water/Emissions to water, unspecified",2.2000000000000002e-10,kilogram,,Cadmium   0.00000022   ng   [Tab. 85.9 wastewater emissions for TiO2 production (chloride process)]
bc92bf5a-94f5-3d3c-865f-278a6ba99440,"Titanium dioxide, chloride process, at plant",S1,bc92bf5a-94f5-3d3c-865f-278a6ba99440-draft-disagg,"Titanium dioxide, chloride process, at plant, disaggregated",kg,RER,emission,fe0acd60-3ddc-11dd-a8ca-0050c2490048,ef-3.1-biosphere,Mercury,"Emissions/Emissions to water/Emissions to water, unspecified",2.2000000000000002e-10,kilogram,,Mercury   0.00000022   ng   [Tab. 85.9 wastewater emissions for TiO2 production (chloride process)]
be501b1b-8393-3760-8658-39e93bcd6934,"Wood preservative, inorganic salt, containing Cr, at plant",S1,be501b1b-8393-3760-8658-39e93bcd6934-draft-disagg,"Wood preservative, inorganic salt, containing Cr, at plant, disaggregated",kg,RER,technosphere,03b94c73-7c4c-35b9-bc43-a9e013f10a75,bafu,"Boric acid, anhydrous, powder, at plant",RER,0.0010000198804521526,kilogram,True,"Boric acid (H3BO3)   Î   chemicals inorganics No RER   boric acid, anhydrous, powder, at plant   confidential kg   Künniger et al. 2000"
be501b1b-8393-3760-8658-39e93bcd6934,"Wood preservative, inorganic salt, containing Cr, at plant",S1,be501b1b-8393-3760-8658-39e93bcd6934-draft-disagg,"Wood preservative, inorganic salt, containing Cr, at plant, disaggregated",kg,RER,technosphere,1e571657-103d-3c50-b767-60f68c702b89,bafu,"Chromium oxide, flakes, at plant",RER,0.0010000179808643303,kilogram,True,"Chromium acid        Î   chemicals inorganics No RER   chromium oxide, flakes, at plant   confidential kg   Künniger et al. 2000"
be501b1b-8393-3760-8658-39e93bcd6934,"Wood preservative, inorganic salt, containing Cr, at plant",S1,be501b1b-8393-3760-8658-39e93bcd6934-draft-disagg,"Wood preservative, inorganic salt, containing Cr, at plant, disaggregated",kg,RER,technosphere,87f791bb-fc12-31eb-ae1e-387398762a32,bafu,"Copper oxide, at plant",RER,0.0010000240712985777,kilogram,True,"Copper(II)oxide (CuO) Î  chemicals inorganics No RER   copper oxide, at plant   confidential kg   Künniger et al. 2000"
be501b1b-8393-3760-8658-39e93bcd6934,"Wood preservative, inorganic salt, containing Cr, at plant",S1,be501b1b-8393-3760-8658-39e93bcd6934-draft-disagg,"Wood preservative, inorganic salt, containing Cr, at plant, disaggregated",kg,RER,technosphere,d86e2374-784b-3fd9-910b-7583462ea81b,bafu,"xxx Electricity, medium voltage, production UCTE, at grid",UCTE,0.27344670810598065,kilowatt hour,True,"Electricity medium voltage - at grid UCTE   Î  electricity production mix No UCTE   electricity, medium voltage, production UCTE, at grid   confidential kWh"
be501b1b-8393-3760-8658-39e93bcd6934,"Wood preservative, inorganic salt, containing Cr, at plant",S1,be501b1b-8393-3760-8658-39e93bcd6934-draft-disagg,"Wood preservative, inorganic salt, containing Cr, at plant, disaggregated",kg,RER,technosphere,6556440f-cd03-3975-9615-023309701fe2,bafu,"Tap water, at user",RER,0.0010064479759758571,kilogram,True,"Tap water            Î   water supply production No RER   tap water, at user   confidential kg   Künniger et al. 2000"
be501b1b-8393-3760-8658-39e93bcd6934,"Wood preservative, inorganic salt, containing Cr, at plant",S1,be501b1b-8393-3760-8658-39e93bcd6934-draft-disagg,"Wood preservative, inorganic salt, containing Cr, at plant, disaggregated",kg,RER,technosphere,aacc6120-0e68-3835-8303-5ae37d62c030,bafu,"Transport, freight, rail",RER,0.294,ton kilometer,False,"Transport rail       Î   Chemicals: 600 km   transport systems train No RER   transport, freight, rail   2.94E-01 tkm   estimated"
be501b1b-8393-3760-8658-39e93bcd6934,"Wood preservative, inorganic salt, containing Cr, at plant",S1,be501b1b-8393-3760-8658-39e93bcd6934-draft-disagg,"Wood preservative, inorganic salt, containing Cr, at plant, disaggregated",kg,RER,technosphere,85b3a5a6-2635-3546-b51b-4ccad397650b,bafu,"Transport, freight, lorry, 16t-32t gross weight, fleet average",RER,0.049,ton kilometer,False,"Transport lorry   Chemicals: 100 km   transport systems road No RER   transport, lorry >16t, fleet average   4.90E-02 tkm   estimated"
be501b1b-8393-3760-8658-39e93bcd6934,"Wood preservative, inorganic salt, containing Cr, at plant",S1,be501b1b-8393-3760-8658-39e93bcd6934-draft-disagg,"Wood preservative, inorganic salt, containing Cr, at plant, disaggregated",kg,RER,technosphere,13ed4fe0-7ba5-3b60-82b6-a63918ee814d,bafu,"Chemical plant, organics",RER,4e-10,unit,False,"plant                Î   organic plant as proxy   chemicals organics Yes RER   chemical plant, organics   4.00E-10 unit   estimated"
be501b1b-8393-3760-8658-39e93bcd6934,"Wood preservative, inorganic salt, containing Cr, at plant",S1,be501b1b-8393-3760-8658-39e93bcd6934-draft-disagg,"Wood preservative, inorganic salt, containing Cr, at plant, disaggregated",kg,RER,emission,08a91e70-3ddc-11dd-9137-0050c2490048,ef-3.1-biosphere,Waste Heat,air,0.13,megajoule,,"Waste heat into air   Î   air unspecified   Heat, waste   1.30E-01 MJ   calculated"
bfff239d-8ae3-3730-a048-dffb312515f3,"Purified terephthalic acid, at plant",S3,bfff239d-8ae3-3730-a048-dffb312515f3-disagg,"Purified terephthalic acid, at plant, disaggregated",kilogram,RER,technosphere,a29aa0d5-9e37-34d7-8868-8a4fff95350a,bafu,"Xylene, at plant",RER,0.6390438870529883,kilogram,False,
bfff239d-8ae3-3730-a048-dffb312515f3,"Purified terephthalic acid, at plant",S3,bfff239d-8ae3-3730-a048-dffb312515f3-disagg,"Purified terephthalic acid, at plant, disaggregated",kilogram,RER,technosphere,648e3bb3-7b98-46f8-9da1-f45627c309ef,bafu,"Electricity, medium voltage, production ENTSO-E, at grid",ENTSO-E,0.005175024785871377,kilowatt hour,True,
bfff239d-8ae3-3730-a048-dffb312515f3,"Purified terephthalic acid, at plant",S3,bfff239d-8ae3-3730-a048-dffb312515f3-disagg,"Purified terephthalic acid, at plant, disaggregated",kilogram,RER,technosphere,ca51da0f-d926-3dbe-bc07-e0449bb7dcab,bafu,"Steam, for chemical processes, at plant",RER,0.060860761984748206,kilogram,True,
bfff239d-8ae3-3730-a048-dffb312515f3,"Purified terephthalic acid, at plant",S3,bfff239d-8ae3-3730-a048-dffb312515f3-disagg,"Purified terephthalic acid, at plant, disaggregated",kilogram,RER,technosphere,13ed4fe0-7ba5-3b60-82b6-a63918ee814d,bafu,"Chemical plant, organics",RER,9.742543421931908e-11,unit,True,
bfff239d-8ae3-3730-a048-dffb312515f3,"Purified terephthalic acid, at plant",S3,bfff239d-8ae3-3730-a048-dffb312515f3-disagg,"Purified terephthalic acid, at plant, disaggregated",kilogram,RER,technosphere,aacc6120-0e68-3835-8303-5ae37d62c030,bafu,"Transport, freight, rail",RER,4.3404713316768425e-05,ton kilometer,True,
bfff239d-8ae3-3730-a048-dffb312515f3,"Purified terephthalic acid, at plant",S3,bfff239d-8ae3-3730-a048-dffb312515f3-disagg,"Purified terephthalic acid, at plant, disaggregated",kilogram,RER,technosphere,99f8a4b0-99b5-3130-924c-5de4c10b62ef,bafu,"Transport, freight, lorry, fleet average",RER,0.0022381217420828535,ton kilometer,True,
c4dbbb99-22d0-37c1-8cc7-fc5a8c64329b,"Polyethylene, LDPE, granulate, at plant",S3,c4dbbb99-22d0-37c1-8cc7-fc5a8c64329b-disagg,"Polyethylene, LDPE, granulate, at plant, disaggregated",kilogram,RER,technosphere,298abdac-f564-358c-95a3-7a43418d2671,bafu,"Ethylene, average, at plant",RER,1.0,kilogram,False,
c4dbbb99-22d0-37c1-8cc7-fc5a8c64329b,"Polyethylene, LDPE, granulate, at plant",S3,c4dbbb99-22d0-37c1-8cc7-fc5a8c64329b-disagg,"Polyethylene, LDPE, granulate, at plant, disaggregated",kilogram,RER,technosphere,648e3bb3-7b98-46f8-9da1-f45627c309ef,bafu,"Electricity, medium voltage, production ENTSO-E, at grid",ENTSO-E,0.0002617470662769934,kilowatt hour,True,
c4dbbb99-22d0-37c1-8cc7-fc5a8c64329b,"Polyethylene, LDPE, granulate, at plant",S3,c4dbbb99-22d0-37c1-8cc7-fc5a8c64329b-disagg,"Polyethylene, LDPE, granulate, at plant, disaggregated",kilogram,RER,technosphere,ca51da0f-d926-3dbe-bc07-e0449bb7dcab,bafu,"Steam, for chemical processes, at plant",RER,0.009803309996423261,kilogram,True,
c4dbbb99-22d0-37c1-8cc7-fc5a8c64329b,"Polyethylene, LDPE, granulate, at plant",S3,c4dbbb99-22d0-37c1-8cc7-fc5a8c64329b-disagg,"Polyethylene, LDPE, granulate, at plant, disaggregated",kilogram,RER,technosphere,13ed4fe0-7ba5-3b60-82b6-a63918ee814d,bafu,"Chemical plant, organics",RER,1.5384452698717735e-14,unit,True,
c4dbbb99-22d0-37c1-8cc7-fc5a8c64329b,"Polyethylene, LDPE, granulate, at plant",S3,c4dbbb99-22d0-37c1-8cc7-fc5a8c64329b-disagg,"Polyethylene, LDPE, granulate, at plant, disaggregated",kilogram,RER,technosphere,aacc6120-0e68-3835-8303-5ae37d62c030,bafu,"Transport, freight, rail",RER,0.006184147982433327,ton kilometer,True,
c4dbbb99-22d0-37c1-8cc7-fc5a8c64329b,"Polyethylene, LDPE, granulate, at plant",S3,c4dbbb99-22d0-37c1-8cc7-fc5a8c64329b-disagg,"Polyethylene, LDPE, granulate, at plant, disaggregated",kilogram,RER,technosphere,99f8a4b0-99b5-3130-924c-5de4c10b62ef,bafu,"Transport, freight, lorry, fleet average",RER,0.0008008870369338883,ton kilometer,True,
c7af8832-9551-38fd-a628-363e6fc17c8e,"Polyethylene terephthalate, granulate, bottle grade, at plant",S2,c7af8832-9551-38fd-a628-363e6fc17c8e-disagg,"Polyethylene terephthalate, granulate, bottle grade, at plant, disaggregated",kilogram,RER,technosphere,bfff239d-8ae3-3730-a048-dffb312515f3,bafu,"Purified terephthalic acid, at plant",RER,0.875,kilogram,False,
c7af8832-9551-38fd-a628-363e6fc17c8e,"Polyethylene terephthalate, granulate, bottle grade, at plant",S2,c7af8832-9551-38fd-a628-363e6fc17c8e-disagg,"Polyethylene terephthalate, granulate, bottle grade, at plant, disaggregated",kilogram,RER,technosphere,582ad303-7f18-3110-83c2-bccca0dc995f,bafu,"Ethylene glycol, at plant",RER,0.334,kilogram,False,
c7af8832-9551-38fd-a628-363e6fc17c8e,"Polyethylene terephthalate, granulate, bottle grade, at plant",S2,c7af8832-9551-38fd-a628-363e6fc17c8e-disagg,"Polyethylene terephthalate, granulate, bottle grade, at plant, disaggregated",kilogram,RER,technosphere,a2bbcfbc-5d63-3e86-9bab-8d4c2b6fdbc0,bafu,"Nitrogen, liquid, at plant",RER,0.0298,kilogram,False,
c7af8832-9551-38fd-a628-363e6fc17c8e,"Polyethylene terephthalate, granulate, bottle grade, at plant",S2,c7af8832-9551-38fd-a628-363e6fc17c8e-disagg,"Polyethylene terephthalate, granulate, bottle grade, at plant, disaggregated",kilogram,RER,technosphere,ca51da0f-d926-3dbe-bc07-e0449bb7dcab,bafu,"Steam, for chemical processes, at plant",RER,0.47000000000000025,kilogram,True,
c7af8832-9551-38fd-a628-363e6fc17c8e,"Polyethylene terephthalate, granulate, bottle grade, at plant",S2,c7af8832-9551-38fd-a628-363e6fc17c8e-disagg,"Polyethylene terephthalate, granulate, bottle grade, at plant, disaggregated",kilogram,RER,technosphere,648e3bb3-7b98-46f8-9da1-f45627c309ef,bafu,"Electricity, medium voltage, production ENTSO-E, at grid",ENTSO-E,0.09700000000000002,kilowatt hour,True,
c7af8832-9551-38fd-a628-363e6fc17c8e,"Polyethylene terephthalate, granulate, bottle grade, at plant",S2,c7af8832-9551-38fd-a628-363e6fc17c8e-disagg,"Polyethylene terephthalate, granulate, bottle grade, at plant, disaggregated",kilogram,RER,technosphere,2fcda415-e506-38d9-9c3e-8ce2c2e7c8f2,bafu,"Heat, natural gas, at industrial furnace 1MW",CH,0.3325000000000002,megajoule,True,
c7af8832-9551-38fd-a628-363e6fc17c8e,"Polyethylene terephthalate, granulate, bottle grade, at plant",S2,c7af8832-9551-38fd-a628-363e6fc17c8e-disagg,"Polyethylene terephthalate, granulate, bottle grade, at plant, disaggregated",kilogram,RER,technosphere,1223f12d-41ed-32f2-a8fa-e9811708964f,bafu,"Heat, heavy fuel oil, at industrial furnace 1MW",RER,0.24700000000000114,megajoule,True,
c7af8832-9551-38fd-a628-363e6fc17c8e,"Polyethylene terephthalate, granulate, bottle grade, at plant",S2,c7af8832-9551-38fd-a628-363e6fc17c8e-disagg,"Polyethylene terephthalate, granulate, bottle grade, at plant, disaggregated",kilogram,RER,technosphere,78fa456f-a455-38b2-9332-67df26933a8c,bafu,"Heat, at hard coal industrial furnace 1-10MW",RER,0.1530000000000001,megajoule,True,
c7af8832-9551-38fd-a628-363e6fc17c8e,"Polyethylene terephthalate, granulate, bottle grade, at plant",S2,c7af8832-9551-38fd-a628-363e6fc17c8e-disagg,"Polyethylene terephthalate, granulate, bottle grade, at plant, disaggregated",kilogram,RER,technosphere,5c9a8f03-0938-3057-a036-97ae8a6f2fb7,bafu,"Heat, light fuel oil, at industrial furnace 1MW",RER,0.08250000000000042,megajoule,True,
c7af8832-9551-38fd-a628-363e6fc17c8e,"Polyethylene terephthalate, granulate, bottle grade, at plant",S2,c7af8832-9551-38fd-a628-363e6fc17c8e-disagg,"Polyethylene terephthalate, granulate, bottle grade, at plant, disaggregated",kilogram,RER,technosphere,13ed4fe0-7ba5-3b60-82b6-a63918ee814d,bafu,"Chemical plant, organics",RER,8.549712906907011e-26,unit,True,
c7af8832-9551-38fd-a628-363e6fc17c8e,"Polyethylene terephthalate, granulate, bottle grade, at plant",S2,c7af8832-9551-38fd-a628-363e6fc17c8e-disagg,"Polyethylene terephthalate, granulate, bottle grade, at plant, disaggregated",kilogram,RER,technosphere,aacc6120-0e68-3835-8303-5ae37d62c030,bafu,"Transport, freight, rail",RER,1.5779401318522123e-14,ton kilometer,True,
c7af8832-9551-38fd-a628-363e6fc17c8e,"Polyethylene terephthalate, granulate, bottle grade, at plant",S2,c7af8832-9551-38fd-a628-363e6fc17c8e-disagg,"Polyethylene terephthalate, granulate, bottle grade, at plant, disaggregated",kilogram,RER,technosphere,99f8a4b0-99b5-3130-924c-5de4c10b62ef,bafu,"Transport, freight, lorry, fleet average",RER,1.3231535979108537e-09,ton kilometer,True,
c7af8832-9551-38fd-a628-363e6fc17c8e,"Polyethylene terephthalate, granulate, bottle grade, at plant",S2,c7af8832-9551-38fd-a628-363e6fc17c8e-disagg,"Polyethylene terephthalate, granulate, bottle grade, at plant, disaggregated",kilogram,RER,emission,08a91e70-3ddc-11dd-a302-0050c2490048,ef-3.1-biosphere,Non-methane Volatile Organic Compounds,"Emissions/Emissions to air/Emissions to air, unspecified",9e-05,kilogram,,
c7af8832-9551-38fd-a628-363e6fc17c8e,"Polyethylene terephthalate, granulate, bottle grade, at plant",S2,c7af8832-9551-38fd-a628-363e6fc17c8e-disagg,"Polyethylene terephthalate, granulate, bottle grade, at plant, disaggregated",kilogram,RER,emission,9fbb2b3e-ed5b-11e6-bc64-92361f002671,ef-3.1-biosphere,Particles (> PM10),air,3.2e-07,kilogram,,
c7af8832-9551-38fd-a628-363e6fc17c8e,"Polyethylene terephthalate, granulate, bottle grade, at plant",S2,c7af8832-9551-38fd-a628-363e6fc17c8e-disagg,"Polyethylene terephthalate, granulate, bottle grade, at plant, disaggregated",kilogram,RER,emission,08a91e70-3ddc-11dd-9293-0050c2490048,ef-3.1-biosphere,Particles (PM2.5),"Emissions/Emissions to air/Emissions to air, unspecified",2.5e-07,kilogram,,
c7af8832-9551-38fd-a628-363e6fc17c8e,"Polyethylene terephthalate, granulate, bottle grade, at plant",S2,c7af8832-9551-38fd-a628-363e6fc17c8e-disagg,"Polyethylene terephthalate, granulate, bottle grade, at plant, disaggregated",kilogram,RER,emission,08a91e70-3ddc-11dd-91be-0050c2490048,ef-3.1-biosphere,Particles (PM10),"Emissions/Emissions to air/Emissions to air, unspecified",4.3e-07,kilogram,,
c7af8832-9551-38fd-a628-363e6fc17c8e,"Polyethylene terephthalate, granulate, bottle grade, at plant",S2,c7af8832-9551-38fd-a628-363e6fc17c8e-disagg,"Polyethylene terephthalate, granulate, bottle grade, at plant, disaggregated",kilogram,RER,emission,08a91e70-3ddc-11dd-9137-0050c2490048,ef-3.1-biosphere,Waste Heat,air,0.7,megajoule,,
c7af8832-9551-38fd-a628-363e6fc17c8e,"Polyethylene terephthalate, granulate, bottle grade, at plant",S2,c7af8832-9551-38fd-a628-363e6fc17c8e-disagg,"Polyethylene terephthalate, granulate, bottle grade, at plant, disaggregated",kilogram,RER,emission,618d3d9a-9f85-417d-b0c4-e87942a9e345,ef-3.1-biosphere,"Suspended Solids, Unspecified",water,1e-06,kilogram,,
c7af8832-9551-38fd-a628-363e6fc17c8e,"Polyethylene terephthalate, granulate, bottle grade, at plant",S2,c7af8832-9551-38fd-a628-363e6fc17c8e-disagg,"Polyethylene terephthalate, granulate, bottle grade, at plant, disaggregated",kilogram,RER,emission,08a91e70-3ddc-11dd-97df-0050c2490048,ef-3.1-biosphere,Biological Oxygen Demand,water,0.00016,kilogram,,
c7af8832-9551-38fd-a628-363e6fc17c8e,"Polyethylene terephthalate, granulate, bottle grade, at plant",S2,c7af8832-9551-38fd-a628-363e6fc17c8e-disagg,"Polyethylene terephthalate, granulate, bottle grade, at plant, disaggregated",kilogram,RER,emission,08a91e70-3ddc-11dd-97ee-0050c2490048,ef-3.1-biosphere,Chemical Oxygen Demand,water,0.00102,kilogram,,
c7af8832-9551-38fd-a628-363e6fc17c8e,"Polyethylene terephthalate, granulate, bottle grade, at plant",S2,c7af8832-9551-38fd-a628-363e6fc17c8e-disagg,"Polyethylene terephthalate, granulate, bottle grade, at plant, disaggregated",kilogram,RER,emission,4d9a8790-3ddd-11dd-8e80-0050c2490048,ef-3.1-biosphere,Total Organic Carbon,water,0.000262,kilogram,,
c7af8832-9551-38fd-a628-363e6fc17c8e,"Polyethylene terephthalate, granulate, bottle grade, at plant",S2,c7af8832-9551-38fd-a628-363e6fc17c8e-disagg,"Polyethylene terephthalate, granulate, bottle grade, at plant, disaggregated",kilogram,RER,emission,21291e2b-f570-4264-a430-1522a6d67805,ef-3.1-biosphere,"DOC, Dissolved Organic Carbon",water,0.000262,kilogram,,
c7af8832-9551-38fd-a628-363e6fc17c8e,"Polyethylene terephthalate, granulate, bottle grade, at plant",S2,c7af8832-9551-38fd-a628-363e6fc17c8e-disagg,"Polyethylene terephthalate, granulate, bottle grade, at plant, disaggregated",kilogram,RER,emission,f0eb7560-7e0c-4205-ac9b-7a572dde4a42,ef-3.1-biosphere,"Oils, Unspecified","Emissions/Emissions to water/Emissions to water, unspecified",0.000499,kilogram,,
c7af8832-9551-38fd-a628-363e6fc17c8e,"Polyethylene terephthalate, granulate, bottle grade, at plant",S2,c7af8832-9551-38fd-a628-363e6fc17c8e-disagg,"Polyethylene terephthalate, granulate, bottle grade, at plant, disaggregated",kilogram,RER,emission,a3876d9b-a3e8-4680-861a-4e08642f1392,ef-3.1-biosphere,Water,"Emissions/Emissions to water/Emissions to water, unspecified",0.0062348,cubic meter,,
c7af8832-9551-38fd-a628-363e6fc17c8e,"Polyethylene terephthalate, granulate, bottle grade, at plant",S2,c7af8832-9551-38fd-a628-363e6fc17c8e-disagg,"Polyethylene terephthalate, granulate, bottle grade, at plant, disaggregated",kilogram,RER,resource,419682fe-60fb-4b43-be89-bf2824b51104,ef-3.1-biosphere,Water,Resources/Resources from water/Renewable material resources from water,0.000163,cubic meter,,
c7af8832-9551-38fd-a628-363e6fc17c8e,"Polyethylene terephthalate, granulate, bottle grade, at plant",S2,c7af8832-9551-38fd-a628-363e6fc17c8e-disagg,"Polyethylene terephthalate, granulate, bottle grade, at plant, disaggregated",kilogram,RER,resource,21868f36-62ab-4e8e-98ed-7106228c17be,ef-3.1-biosphere,Water To Cooling,Resources/Resources from water/Renewable material resources from water,0.0064,cubic meter,,
d8ec4be3-c410-3806-98f5-a2ec5a284fee,"Burnt shale, at plant",S1,d8ec4be3-c410-3806-98f5-a2ec5a284fee-draft-disagg,"Burnt shale, at plant, disaggregated",kg,DE,technosphere,f4afe0ed-9682-35b1-8c80-43a0d8bf3898,bafu,Blasting,RER,6.74e-05,kilogram,False,Sprengstoff                          kg        9.45E-02     6.74E-02
d8ec4be3-c410-3806-98f5-a2ec5a284fee,"Burnt shale, at plant",S1,d8ec4be3-c410-3806-98f5-a2ec5a284fee-draft-disagg,"Burnt shale, at plant, disaggregated",kg,DE,technosphere,e4e7ddc0-f7d1-3fad-bd12-9d6981142800,bafu,"Diesel, burned in building machine, average",CH,0.013859999999999999,megajoule,False,Diesel Abbaugerät                    l         5.40E-01     3.85E-01
d8ec4be3-c410-3806-98f5-a2ec5a284fee,"Burnt shale, at plant",S1,d8ec4be3-c410-3806-98f5-a2ec5a284fee-draft-disagg,"Burnt shale, at plant, disaggregated",kg,DE,technosphere,76a85da2-7e4e-3e7e-a3df-f3df5951c9ec,bafu,"Electricity, medium voltage, at grid",DE,0.00116,kilowatt hour,False,Stromverbrauch Brecher               kWh       1.62E+00    1.16E+00
d8ec4be3-c410-3806-98f5-a2ec5a284fee,"Burnt shale, at plant",S1,d8ec4be3-c410-3806-98f5-a2ec5a284fee-draft-disagg,"Burnt shale, at plant, disaggregated",kg,DE,technosphere,76a85da2-7e4e-3e7e-a3df-f3df5951c9ec,bafu,"Electricity, medium voltage, at grid",DE,0.000501,kilowatt hour,False,Stromverbrauch Förderbänder          kWh       7.02E-01     5.01E-01
d8ec4be3-c410-3806-98f5-a2ec5a284fee,"Burnt shale, at plant",S1,d8ec4be3-c410-3806-98f5-a2ec5a284fee-draft-disagg,"Burnt shale, at plant, disaggregated",kg,DE,technosphere,76a85da2-7e4e-3e7e-a3df-f3df5951c9ec,bafu,"Electricity, medium voltage, at grid",DE,0.0034700000000000004,kilowatt hour,False,Stromverbrauch Zerkleinern           kWh       4.86E+00    3.47E+00
d8ec4be3-c410-3806-98f5-a2ec5a284fee,"Burnt shale, at plant",S1,d8ec4be3-c410-3806-98f5-a2ec5a284fee-draft-disagg,"Burnt shale, at plant, disaggregated",kg,DE,technosphere,82c07b68-8bf9-3537-9934-91924132e976,bafu,"Light fuel oil, burned in industrial furnace 1MW, non-modulating",RER,0.005119399999999999,megajoule,False,"Heizöl EL, Mühle                     l         2.00E-01     1.43E-01"
d8ec4be3-c410-3806-98f5-a2ec5a284fee,"Burnt shale, at plant",S1,d8ec4be3-c410-3806-98f5-a2ec5a284fee-draft-disagg,"Burnt shale, at plant, disaggregated",kg,DE,technosphere,76a85da2-7e4e-3e7e-a3df-f3df5951c9ec,bafu,"Electricity, medium voltage, at grid",DE,0.0307,kilowatt hour,False,Stromverbrauch GÖS-Produktion        kWh       4.30E+01    3.07E+01
d8ec4be3-c410-3806-98f5-a2ec5a284fee,"Burnt shale, at plant",S1,d8ec4be3-c410-3806-98f5-a2ec5a284fee-draft-disagg,"Burnt shale, at plant, disaggregated",kg,DE,technosphere,76a85da2-7e4e-3e7e-a3df-f3df5951c9ec,bafu,"Electricity, medium voltage, at grid",DE,0.0114,kilowatt hour,False,Stromverbrauch Stromerzeugung        kWh       1.60E+01    1.14E+01
d8ec4be3-c410-3806-98f5-a2ec5a284fee,"Burnt shale, at plant",S1,d8ec4be3-c410-3806-98f5-a2ec5a284fee-draft-disagg,"Burnt shale, at plant, disaggregated",kg,DE,technosphere,6556440f-cd03-3975-9615-023309701fe2,bafu,"Tap water, at user",RER,0.499,kilogram,False,Wasserverbrauch                      m3        7.00E-01     4.99E-01
d8ec4be3-c410-3806-98f5-a2ec5a284fee,"Burnt shale, at plant",S1,d8ec4be3-c410-3806-98f5-a2ec5a284fee-draft-disagg,"Burnt shale, at plant, disaggregated",kg,DE,technosphere,2f8b5baa-5930-3460-bca9-ad90d49c1d36,bafu,"Hydrochloric acid, 30% in H2O, at plant",RER,7.13e-05,kilogram,False,Salzsäure                            kg        1.00E-01     7.13E-02
d8ec4be3-c410-3806-98f5-a2ec5a284fee,"Burnt shale, at plant",S1,d8ec4be3-c410-3806-98f5-a2ec5a284fee-draft-disagg,"Burnt shale, at plant, disaggregated",kg,DE,technosphere,ce8a12aa-ecaa-37d9-8355-5cb7da9ce6c0,bafu,"Sodium hydroxide, 50% in H2O, production mix, at plant",RER,7.13e-05,kilogram,False,Natronlauge                          kg        1.00E-01     7.13E-02
d8ec4be3-c410-3806-98f5-a2ec5a284fee,"Burnt shale, at plant",S1,d8ec4be3-c410-3806-98f5-a2ec5a284fee-draft-disagg,"Burnt shale, at plant, disaggregated",kg,DE,technosphere,cb94ab60-7f4d-3b40-90df-bc7a9332af65,bafu,"Sodium hypochlorite, 15% in H2O, at plant",RER,7.13e-05,kilogram,False,Chlorbleichlauge                     kg        1.00E-01     7.13E-02
d8ec4be3-c410-3806-98f5-a2ec5a284fee,"Burnt shale, at plant",S1,d8ec4be3-c410-3806-98f5-a2ec5a284fee-draft-disagg,"Burnt shale, at plant, disaggregated",kg,DE,technosphere,4d96ad56-9dd3-3fda-bff6-d24796d01043,bafu,"Chemicals organic, at plant",GLO,5.7e-05,kilogram,False,"Chemikalien, org.                    kg        8.00E-02     5.70E-02"
d8ec4be3-c410-3806-98f5-a2ec5a284fee,"Burnt shale, at plant",S1,d8ec4be3-c410-3806-98f5-a2ec5a284fee-draft-disagg,"Burnt shale, at plant, disaggregated",kg,DE,technosphere,76a85da2-7e4e-3e7e-a3df-f3df5951c9ec,bafu,"Electricity, medium voltage, at grid",DE,0.0214,kilowatt hour,False,Stromverbrauch Mahlen                kWh       3.00E+01    2.14E+01
d8ec4be3-c410-3806-98f5-a2ec5a284fee,"Burnt shale, at plant",S1,d8ec4be3-c410-3806-98f5-a2ec5a284fee-draft-disagg,"Burnt shale, at plant, disaggregated",kg,DE,technosphere,f2814ced-c83a-4b71-8506-3ba89d599de6,bafu,"Treatment, sewage, unpolluted, to wastewater treatment, class 3",CH,0.000107,cubic meter,False,"Abwasser, unbelastet                 m3        1.50E-01     1.07E-01"
d8ec4be3-c410-3806-98f5-a2ec5a284fee,"Burnt shale, at plant",S1,d8ec4be3-c410-3806-98f5-a2ec5a284fee-draft-disagg,"Burnt shale, at plant, disaggregated",kg,DE,technosphere,83f61965-0dfe-3b0b-bc52-91350642debb,bafu,"Transport, freight, rail",DE,7.200000000000002e-05,ton kilometer,False,Heizöl                                       km                 600               0
d8ec4be3-c410-3806-98f5-a2ec5a284fee,"Burnt shale, at plant",S1,d8ec4be3-c410-3806-98f5-a2ec5a284fee-draft-disagg,"Burnt shale, at plant, disaggregated",kg,DE,technosphere,83f61965-0dfe-3b0b-bc52-91350642debb,bafu,"Transport, freight, rail",DE,1.426e-05,ton kilometer,False,Salzsäure                                    km                 200              100
d8ec4be3-c410-3806-98f5-a2ec5a284fee,"Burnt shale, at plant",S1,d8ec4be3-c410-3806-98f5-a2ec5a284fee-draft-disagg,"Burnt shale, at plant, disaggregated",kg,DE,technosphere,85b3a5a6-2635-3546-b51b-4ccad397650b,bafu,"Transport, freight, lorry, 16t-32t gross weight, fleet average",RER,7.13e-06,ton kilometer,False,Salzsäure                                    km                 200              100
d8ec4be3-c410-3806-98f5-a2ec5a284fee,"Burnt shale, at plant",S1,d8ec4be3-c410-3806-98f5-a2ec5a284fee-draft-disagg,"Burnt shale, at plant, disaggregated",kg,DE,technosphere,83f61965-0dfe-3b0b-bc52-91350642debb,bafu,"Transport, freight, rail",DE,4.278e-05,ton kilometer,False,Natronlauge                                  km                 600              100
d8ec4be3-c410-3806-98f5-a2ec5a284fee,"Burnt shale, at plant",S1,d8ec4be3-c410-3806-98f5-a2ec5a284fee-draft-disagg,"Burnt shale, at plant, disaggregated",kg,DE,technosphere,85b3a5a6-2635-3546-b51b-4ccad397650b,bafu,"Transport, freight, lorry, 16t-32t gross weight, fleet average",RER,7.13e-06,ton kilometer,False,Natronlauge                                  km                 600              100
d8ec4be3-c410-3806-98f5-a2ec5a284fee,"Burnt shale, at plant",S1,d8ec4be3-c410-3806-98f5-a2ec5a284fee-draft-disagg,"Burnt shale, at plant, disaggregated",kg,DE,technosphere,83f61965-0dfe-3b0b-bc52-91350642debb,bafu,"Transport, freight, rail",DE,4.278e-05,ton kilometer,False,Chlorbleichlauge                             km                 600              100
d8ec4be3-c410-3806-98f5-a2ec5a284fee,"Burnt shale, at plant",S1,d8ec4be3-c410-3806-98f5-a2ec5a284fee-draft-disagg,"Burnt shale, at plant, disaggregated",kg,DE,technosphere,85b3a5a6-2635-3546-b51b-4ccad397650b,bafu,"Transport, freight, lorry, 16t-32t gross weight, fleet average",RER,7.13e-06,ton kilometer,False,Chlorbleichlauge                             km                 600              100
d8ec4be3-c410-3806-98f5-a2ec5a284fee,"Burnt shale, at plant",S1,d8ec4be3-c410-3806-98f5-a2ec5a284fee-draft-disagg,"Burnt shale, at plant, disaggregated",kg,DE,emission,08a91e70-3ddc-11dd-91be-0050c2490048,ef-3.1-biosphere,Particles (PM10),"Emissions/Emissions to air/Emissions to air, unspecified",9.48e-07,kilogram,,Staub                                kg        1.33E-03     9.48E-04
d8ec4be3-c410-3806-98f5-a2ec5a284fee,"Burnt shale, at plant",S1,d8ec4be3-c410-3806-98f5-a2ec5a284fee-draft-disagg,"Burnt shale, at plant, disaggregated",kg,DE,emission,f79d0f8f-2b0e-49cb-bed0-b1ea0fbd8625,ef-3.1-biosphere,Nitrogen Oxides,"Emissions/Emissions to air/Emissions to air, unspecified",0.000519,kilogram,,Nox                                  kg        7.28E-01     5.19E-01
d8ec4be3-c410-3806-98f5-a2ec5a284fee,"Burnt shale, at plant",S1,d8ec4be3-c410-3806-98f5-a2ec5a284fee-draft-disagg,"Burnt shale, at plant, disaggregated",kg,DE,emission,fe0acd60-3ddc-11dd-ac48-0050c2490048,ef-3.1-biosphere,Sulfur Dioxide,"Emissions/Emissions to air/Emissions to air, unspecified",0.00045400000000000003,kilogram,,SO2                                  kg        6.37E-01     4.54E-01
d8ec4be3-c410-3806-98f5-a2ec5a284fee,"Burnt shale, at plant",S1,d8ec4be3-c410-3806-98f5-a2ec5a284fee-draft-disagg,"Burnt shale, at plant, disaggregated",kg,DE,emission,08a91e70-3ddc-11dd-923d-0050c2490048,ef-3.1-biosphere,Carbon Dioxide (fossil),"Emissions/Emissions to air/Emissions to air, unspecified",0.256,kilogram,,davon fossil                         kg        3.59E+02     2.56E+02
d8ec4be3-c410-3806-98f5-a2ec5a284fee,"Burnt shale, at plant",S1,d8ec4be3-c410-3806-98f5-a2ec5a284fee-draft-disagg,"Burnt shale, at plant, disaggregated",kg,DE,emission,08a91e70-3ddc-11dd-923d-0050c2490048,ef-3.1-biosphere,Carbon Dioxide (fossil),"Emissions/Emissions to air/Emissions to air, unspecified",0.166,kilogram,,davon geogen                         kg        2.33E+02     1.66E+02
d8ec4be3-c410-3806-98f5-a2ec5a284fee,"Burnt shale, at plant",S1,d8ec4be3-c410-3806-98f5-a2ec5a284fee-draft-disagg,"Burnt shale, at plant, disaggregated",kg,DE,emission,08a91e70-3ddc-11dd-924e-0050c2490048,ef-3.1-biosphere,Carbon Monoxide (fossil),"Emissions/Emissions to air/Emissions to air, unspecified",0.00040899999999999997,kilogram,,CO                                   kg        5.73E-01     4.09E-01
d8ec4be3-c410-3806-98f5-a2ec5a284fee,"Burnt shale, at plant",S1,d8ec4be3-c410-3806-98f5-a2ec5a284fee-disagg,"Burnt shale, at plant, disaggregated",kilogram,DE,technosphere,f4afe0ed-9682-35b1-8c80-43a0d8bf3898,bafu,Blasting,RER,6.74e-05,kilogram,False,
d8ec4be3-c410-3806-98f5-a2ec5a284fee,"Burnt shale, at plant",S1,d8ec4be3-c410-3806-98f5-a2ec5a284fee-disagg,"Burnt shale, at plant, disaggregated",kilogram,DE,technosphere,e4e7ddc0-f7d1-3fad-bd12-9d6981142800,bafu,"Diesel, burned in building machine, average",CH,0.01386,megajoule,False,
d8ec4be3-c410-3806-98f5-a2ec5a284fee,"Burnt shale, at plant",S1,d8ec4be3-c410-3806-98f5-a2ec5a284fee-disagg,"Burnt shale, at plant, disaggregated",kilogram,DE,technosphere,76a85da2-7e4e-3e7e-a3df-f3df5951c9ec,bafu,"Electricity, medium voltage, at grid",DE,0.0027191930827951192,kilowatt hour,True,
d8ec4be3-c410-3806-98f5-a2ec5a284fee,"Burnt shale, at plant",S1,d8ec4be3-c410-3806-98f5-a2ec5a284fee-disagg,"Burnt shale, at plant, disaggregated",kilogram,DE,technosphere,82c07b68-8bf9-3537-9934-91924132e976,bafu,"Light fuel oil, burned in industrial furnace 1MW, non-modulating",RER,0.00512,megajoule,False,
d8ec4be3-c410-3806-98f5-a2ec5a284fee,"Burnt shale, at plant",S1,d8ec4be3-c410-3806-98f5-a2ec5a284fee-disagg,"Burnt shale, at plant, disaggregated",kilogram,DE,technosphere,6556440f-cd03-3975-9615-023309701fe2,bafu,"Tap water, at user",RER,0.499,kilogram,False,
d8ec4be3-c410-3806-98f5-a2ec5a284fee,"Burnt shale, at plant",S1,d8ec4be3-c410-3806-98f5-a2ec5a284fee-disagg,"Burnt shale, at plant, disaggregated",kilogram,DE,technosphere,2f8b5baa-5930-3460-bca9-ad90d49c1d36,bafu,"Hydrochloric acid, 30% in H2O, at plant",RER,7.13e-05,kilogram,False,
d8ec4be3-c410-3806-98f5-a2ec5a284fee,"Burnt shale, at plant",S1,d8ec4be3-c410-3806-98f5-a2ec5a284fee-disagg,"Burnt shale, at plant, disaggregated",kilogram,DE,technosphere,ce8a12aa-ecaa-37d9-8355-5cb7da9ce6c0,bafu,"Sodium hydroxide, 50% in H2O, production mix, at plant",RER,7.13e-05,kilogram,False,
d8ec4be3-c410-3806-98f5-a2ec5a284fee,"Burnt shale, at plant",S1,d8ec4be3-c410-3806-98f5-a2ec5a284fee-disagg,"Burnt shale, at plant, disaggregated",kilogram,DE,technosphere,cb94ab60-7f4d-3b40-90df-bc7a9332af65,bafu,"Sodium hypochlorite, 15% in H2O, at plant",RER,7.13e-05,kilogram,False,
d8ec4be3-c410-3806-98f5-a2ec5a284fee,"Burnt shale, at plant",S1,d8ec4be3-c410-3806-98f5-a2ec5a284fee-disagg,"Burnt shale, at plant, disaggregated",kilogram,DE,technosphere,4d96ad56-9dd3-3fda-bff6-d24796d01043,bafu,"Chemicals organic, at plant",GLO,5.7e-05,kilogram,False,
d8ec4be3-c410-3806-98f5-a2ec5a284fee,"Burnt shale, at plant",S1,d8ec4be3-c410-3806-98f5-a2ec5a284fee-disagg,"Burnt shale, at plant, disaggregated",kilogram,DE,technosphere,83f61965-0dfe-3b0b-bc52-91350642debb,bafu,"Transport, freight, rail",DE,0.000172,ton kilometer,False,
d8ec4be3-c410-3806-98f5-a2ec5a284fee,"Burnt shale, at plant",S1,d8ec4be3-c410-3806-98f5-a2ec5a284fee-disagg,"Burnt shale, at plant, disaggregated",kilogram,DE,technosphere,85b3a5a6-2635-3546-b51b-4ccad397650b,bafu,"Transport, freight, lorry, 16t-32t gross weight, fleet average",RER,2.14e-05,ton kilometer,False,
d8ec4be3-c410-3806-98f5-a2ec5a284fee,"Burnt shale, at plant",S1,d8ec4be3-c410-3806-98f5-a2ec5a284fee-disagg,"Burnt shale, at plant, disaggregated",kilogram,DE,technosphere,f2814ced-c83a-4b71-8506-3ba89d599de6,bafu,"Treatment, sewage, unpolluted, to wastewater treatment, class 3",CH,0.000107,cubic meter,False,
d8ec4be3-c410-3806-98f5-a2ec5a284fee,"Burnt shale, at plant",S1,d8ec4be3-c410-3806-98f5-a2ec5a284fee-disagg,"Burnt shale, at plant, disaggregated",kilogram,DE,emission,08a91e70-3ddc-11dd-91be-0050c2490048,ef-3.1-biosphere,Particles (PM10),"Emissions/Emissions to air/Emissions to air, unspecified",9.48e-07,kilogram,,
d8ec4be3-c410-3806-98f5-a2ec5a284fee,"Burnt shale, at plant",S1,d8ec4be3-c410-3806-98f5-a2ec5a284fee-disagg,"Burnt shale, at plant, disaggregated",kilogram,DE,emission,f79d0f8f-2b0e-49cb-bed0-b1ea0fbd8625,ef-3.1-biosphere,Nitrogen Oxides,"Emissions/Emissions to air/Emissions to air, unspecified",0.000519,kilogram,,
d8ec4be3-c410-3806-98f5-a2ec5a284fee,"Burnt shale, at plant",S1,d8ec4be3-c410-3806-98f5-a2ec5a284fee-disagg,"Burnt shale, at plant, disaggregated",kilogram,DE,emission,fe0acd60-3ddc-11dd-ac48-0050c2490048,ef-3.1-biosphere,Sulfur Dioxide,"Emissions/Emissions to air/Emissions to air, unspecified",0.000454,kilogram,,
d8ec4be3-c410-3806-98f5-a2ec5a284fee,"Burnt shale, at plant",S1,d8ec4be3-c410-3806-98f5-a2ec5a284fee-disagg,"Burnt shale, at plant, disaggregated",kilogram,DE,emission,08a91e70-3ddc-11dd-923d-0050c2490048,ef-3.1-biosphere,Carbon Dioxide (fossil),"Emissions/Emissions to air/Emissions to air, unspecified",0.422,kilogram,,
d8ec4be3-c410-3806-98f5-a2ec5a284fee,"Burnt shale, at plant",S1,d8ec4be3-c410-3806-98f5-a2ec5a284fee-disagg,"Burnt shale, at plant, disaggregated",kilogram,DE,emission,08a91e70-3ddc-11dd-924e-0050c2490048,ef-3.1-biosphere,Carbon Monoxide (fossil),"Emissions/Emissions to air/Emissions to air, unspecified",0.000409,kilogram,,
d8ec4be3-c410-3806-98f5-a2ec5a284fee,"Burnt shale, at plant",S1,d8ec4be3-c410-3806-98f5-a2ec5a284fee-disagg,"Burnt shale, at plant, disaggregated",kilogram,DE,resource,172a8bdd-6556-11dd-ad8b-0800200c9a66,ef-3.1-biosphere,Shale,soil,0.9626,kilogram,,
d8ec4be3-c410-3806-98f5-a2ec5a284fee,"Burnt shale, at plant",S1,d8ec4be3-c410-3806-98f5-a2ec5a284fee-disagg,"Burnt shale, at plant, disaggregated",kilogram,DE,resource,fe0acd60-3ddc-11dd-a6f8-0050c2490048,ef-3.1-biosphere,Crude Oil,Resources/Resources from ground/Non-renewable energy resources from ground,3.658,megajoule,,
ddefdbda-3a45-39fc-84ad-17c4c7bdc3f9,"xx Packaging glass, brown, at plant",S2,ddefdbda-3a45-39fc-84ad-17c4c7bdc3f9-disagg,"Packaging glass, brown, at plant, CH, disaggregated",kilogram,CH,technosphere,d945c4fe-a169-4132-930c-94d1be1116ea,bafu,"Disposal, municipal solid waste, 22.9% water, to sanitary landfill",CH,0.00275,kilogram,False,
ddefdbda-3a45-39fc-84ad-17c4c7bdc3f9,"xx Packaging glass, brown, at plant",S2,ddefdbda-3a45-39fc-84ad-17c4c7bdc3f9-disagg,"Packaging glass, brown, at plant, CH, disaggregated",kilogram,CH,technosphere,633c6310-6b84-330b-bb26-e836f6eba2bd,bafu,"Dolomite, at plant",RER,0.029400234778018397,kilogram,True,
ddefdbda-3a45-39fc-84ad-17c4c7bdc3f9,"xx Packaging glass, brown, at plant",S2,ddefdbda-3a45-39fc-84ad-17c4c7bdc3f9-disagg,"Packaging glass, brown, at plant, CH, disaggregated",kilogram,CH,technosphere,52167408-1c86-310c-ab50-a92f15e84379,bafu,"Natural gas, high pressure, at consumer",RER,1.7850111576497256,megajoule,True,
ddefdbda-3a45-39fc-84ad-17c4c7bdc3f9,"xx Packaging glass, brown, at plant",S2,ddefdbda-3a45-39fc-84ad-17c4c7bdc3f9-disagg,"Packaging glass, brown, at plant, CH, disaggregated",kilogram,CH,technosphere,a7511c34-4efb-316c-9d45-3fe6cf13a799,bafu,"Silica sand, at plant",DE,0.1435009688969584,kilogram,True,
ddefdbda-3a45-39fc-84ad-17c4c7bdc3f9,"xx Packaging glass, brown, at plant",S2,ddefdbda-3a45-39fc-84ad-17c4c7bdc3f9-disagg,"Packaging glass, brown, at plant, CH, disaggregated",kilogram,CH,technosphere,d3e849a4-c9c1-3474-8b09-a71f4d412130,bafu,"Heavy fuel oil, at regional storage",RER,0.02165012107249185,kilogram,True,
ddefdbda-3a45-39fc-84ad-17c4c7bdc3f9,"xx Packaging glass, brown, at plant",S2,ddefdbda-3a45-39fc-84ad-17c4c7bdc3f9-disagg,"Packaging glass, brown, at plant, CH, disaggregated",kilogram,CH,technosphere,76b3d094-2608-32f8-8be6-7b68317004f0,bafu,"Refractory, fireclay, packed, at plant",DE,0.0143,kilogram,False,
ddefdbda-3a45-39fc-84ad-17c4c7bdc3f9,"xx Packaging glass, brown, at plant",S2,ddefdbda-3a45-39fc-84ad-17c4c7bdc3f9-disagg,"Packaging glass, brown, at plant, CH, disaggregated",kilogram,CH,technosphere,f8e122b3-92fb-37d6-aade-43ee2f2de640,bafu,"Limestone, milled, loose, at plant",CH,0.02095016495976754,kilogram,True,
ddefdbda-3a45-39fc-84ad-17c4c7bdc3f9,"xx Packaging glass, brown, at plant",S2,ddefdbda-3a45-39fc-84ad-17c4c7bdc3f9-disagg,"Packaging glass, brown, at plant, CH, disaggregated",kilogram,CH,technosphere,80b22bf0-10cb-3af0-b63a-d3cf38d0ccb5,bafu,"Light fuel oil, at regional storage",RER,0.020950108360703924,kilogram,True,
ddefdbda-3a45-39fc-84ad-17c4c7bdc3f9,"xx Packaging glass, brown, at plant",S2,ddefdbda-3a45-39fc-84ad-17c4c7bdc3f9-disagg,"Packaging glass, brown, at plant, CH, disaggregated",kilogram,CH,technosphere,90d675e2-e433-3ef4-abc3-4a6735350d72,bafu,"Chemicals inorganic, at plant",GLO,0.022,kilogram,False,
ddefdbda-3a45-39fc-84ad-17c4c7bdc3f9,"xx Packaging glass, brown, at plant",S2,ddefdbda-3a45-39fc-84ad-17c4c7bdc3f9-disagg,"Packaging glass, brown, at plant, CH, disaggregated",kilogram,CH,technosphere,99f8a4b0-99b5-3130-924c-5de4c10b62ef,bafu,"Transport, freight, lorry, fleet average",RER,0.138,ton kilometer,False,
ddefdbda-3a45-39fc-84ad-17c4c7bdc3f9,"xx Packaging glass, brown, at plant",S2,ddefdbda-3a45-39fc-84ad-17c4c7bdc3f9-disagg,"Packaging glass, brown, at plant, CH, disaggregated",kilogram,CH,technosphere,8c1442f6-cec0-30c1-9b55-b15cb77aee4b,bafu,"Soda, powder, at plant",RER,0.04295033413844798,kilogram,True,
ddefdbda-3a45-39fc-84ad-17c4c7bdc3f9,"xx Packaging glass, brown, at plant",S2,ddefdbda-3a45-39fc-84ad-17c4c7bdc3f9-disagg,"Packaging glass, brown, at plant, CH, disaggregated",kilogram,CH,technosphere,061ad0be-0da4-4a9f-8e90-4f133c3c3b35,bafu,"Disposal, municipal solid waste, 22.9% water, to municipal incineration",CH,0.00275,kilogram,False,
ddefdbda-3a45-39fc-84ad-17c4c7bdc3f9,"xx Packaging glass, brown, at plant",S2,ddefdbda-3a45-39fc-84ad-17c4c7bdc3f9-disagg,"Packaging glass, brown, at plant, CH, disaggregated",kilogram,CH,technosphere,f922ca45-d058-3023-a86f-d034d697bbea,bafu,Glass production site,RER,1.25e-10,unit,False,
ddefdbda-3a45-39fc-84ad-17c4c7bdc3f9,"xx Packaging glass, brown, at plant",S2,ddefdbda-3a45-39fc-84ad-17c4c7bdc3f9-disagg,"Packaging glass, brown, at plant, CH, disaggregated",kilogram,CH,technosphere,3a36045b-fc25-3ecc-8d54-00ed5a29f230,bafu,"Glass, from public collection, unsorted",RER,0.2775017262453659,kilogram,True,
ddefdbda-3a45-39fc-84ad-17c4c7bdc3f9,"xx Packaging glass, brown, at plant",S2,ddefdbda-3a45-39fc-84ad-17c4c7bdc3f9-disagg,"Packaging glass, brown, at plant, CH, disaggregated",kilogram,CH,technosphere,6738f024-eb64-3ef8-837e-05b84c6e43da,bafu,"Polyethylene, HDPE, granulate, at plant",RER,0.0129,kilogram,False,
ddefdbda-3a45-39fc-84ad-17c4c7bdc3f9,"xx Packaging glass, brown, at plant",S2,ddefdbda-3a45-39fc-84ad-17c4c7bdc3f9-disagg,"Packaging glass, brown, at plant, CH, disaggregated",kilogram,CH,technosphere,0669988c-64e1-3574-931e-640b8ad2f246,bafu,EUR-flat pallet,RER,0.000787,unit,False,
ddefdbda-3a45-39fc-84ad-17c4c7bdc3f9,"xx Packaging glass, brown, at plant",S2,ddefdbda-3a45-39fc-84ad-17c4c7bdc3f9-disagg,"Packaging glass, brown, at plant, CH, disaggregated",kilogram,CH,technosphere,df605f09-34c5-3b3f-94ea-227f7a3c06a7,bafu,"Electricity, medium voltage, at grid",CH,0.12200098622243763,kilowatt hour,True,
ddefdbda-3a45-39fc-84ad-17c4c7bdc3f9,"xx Packaging glass, brown, at plant",S2,ddefdbda-3a45-39fc-84ad-17c4c7bdc3f9-disagg,"Packaging glass, brown, at plant, CH, disaggregated",kilogram,CH,technosphere,a4f7817d-ef76-3fb0-943c-12c43ed07da7,bafu,"Transport, freight, lorry, 7.5t-16t gross weight, fleet average",RER,0.000147,ton kilometer,False,
ddefdbda-3a45-39fc-84ad-17c4c7bdc3f9,"xx Packaging glass, brown, at plant",S2,ddefdbda-3a45-39fc-84ad-17c4c7bdc3f9-disagg,"Packaging glass, brown, at plant, CH, disaggregated",kilogram,CH,technosphere,7fa67971-6cbc-3549-9ef2-f518ff87e652,bafu,"Feldspar, at plant",RER,0.0153,kilogram,False,
ddefdbda-3a45-39fc-84ad-17c4c7bdc3f9,"xx Packaging glass, brown, at plant",S2,ddefdbda-3a45-39fc-84ad-17c4c7bdc3f9-disagg,"Packaging glass, brown, at plant, CH, disaggregated",kilogram,CH,technosphere,7d20d397-0eb3-3487-b28c-3a9fdaba034a,bafu,"Solid unbleached board, SUB, at plant",RER,0.0193,kilogram,False,
ddefdbda-3a45-39fc-84ad-17c4c7bdc3f9,"xx Packaging glass, brown, at plant",S2,ddefdbda-3a45-39fc-84ad-17c4c7bdc3f9-disagg,"Packaging glass, brown, at plant, CH, disaggregated",kilogram,CH,technosphere,96979845-0617-4681-a3d7-96c27fd714a5,bafu,"Treatment, glass production effluent, to wastewater treatment, class 2",CH,0.00176,cubic meter,False,
ddefdbda-3a45-39fc-84ad-17c4c7bdc3f9,"xx Packaging glass, brown, at plant",S2,ddefdbda-3a45-39fc-84ad-17c4c7bdc3f9-disagg,"Packaging glass, brown, at plant, CH, disaggregated",kilogram,CH,emission,08a91e70-3ddc-11dd-91be-0050c2490048,ef-3.1-biosphere,Particles (PM10),"Emissions/Emissions to air/Emissions to air, unspecified",1.3e-05,kilogram,,
ddefdbda-3a45-39fc-84ad-17c4c7bdc3f9,"xx Packaging glass, brown, at plant",S2,ddefdbda-3a45-39fc-84ad-17c4c7bdc3f9-disagg,"Packaging glass, brown, at plant, CH, disaggregated",kilogram,CH,emission,fe0acd60-3ddc-11dd-aab0-0050c2490048,ef-3.1-biosphere,Hydrogen Chloride,"Emissions/Emissions to air/Emissions to air, unspecified",4.97e-05,kilogram,,
ddefdbda-3a45-39fc-84ad-17c4c7bdc3f9,"xx Packaging glass, brown, at plant",S2,ddefdbda-3a45-39fc-84ad-17c4c7bdc3f9-disagg,"Packaging glass, brown, at plant, CH, disaggregated",kilogram,CH,emission,08a91e70-3ddc-11dd-9293-0050c2490048,ef-3.1-biosphere,Particles (PM2.5),"Emissions/Emissions to air/Emissions to air, unspecified",0.000252,kilogram,,
ddefdbda-3a45-39fc-84ad-17c4c7bdc3f9,"xx Packaging glass, brown, at plant",S2,ddefdbda-3a45-39fc-84ad-17c4c7bdc3f9-disagg,"Packaging glass, brown, at plant, CH, disaggregated",kilogram,CH,emission,f79d0f8f-2b0e-49cb-bed0-b1ea0fbd8625,ef-3.1-biosphere,Nitrogen Oxides,"Emissions/Emissions to air/Emissions to air, unspecified",0.0021,kilogram,,
ddefdbda-3a45-39fc-84ad-17c4c7bdc3f9,"xx Packaging glass, brown, at plant",S2,ddefdbda-3a45-39fc-84ad-17c4c7bdc3f9-disagg,"Packaging glass, brown, at plant, CH, disaggregated",kilogram,CH,emission,08a91e70-3ddc-11dd-96c8-0050c2490048,ef-3.1-biosphere,Nickel,"Emissions/Emissions to air/Emissions to air, unspecified",6.74e-08,kilogram,,
ddefdbda-3a45-39fc-84ad-17c4c7bdc3f9,"xx Packaging glass, brown, at plant",S2,ddefdbda-3a45-39fc-84ad-17c4c7bdc3f9-disagg,"Packaging glass, brown, at plant, CH, disaggregated",kilogram,CH,emission,fe0acd60-3ddc-11dd-ac48-0050c2490048,ef-3.1-biosphere,Sulfur Dioxide,"Emissions/Emissions to air/Emissions to air, unspecified",0.00344,kilogram,,
ddefdbda-3a45-39fc-84ad-17c4c7bdc3f9,"xx Packaging glass, brown, at plant",S2,ddefdbda-3a45-39fc-84ad-17c4c7bdc3f9-disagg,"Packaging glass, brown, at plant, CH, disaggregated",kilogram,CH,emission,4d9a8790-3ddd-11dd-91dc-0050c2490048,ef-3.1-biosphere,Lead,"Emissions/Emissions to air/Emissions to air, unspecified",7.72e-07,kilogram,,
ddefdbda-3a45-39fc-84ad-17c4c7bdc3f9,"xx Packaging glass, brown, at plant",S2,ddefdbda-3a45-39fc-84ad-17c4c7bdc3f9-disagg,"Packaging glass, brown, at plant, CH, disaggregated",kilogram,CH,emission,fe0acd60-3ddc-11dd-abf3-0050c2490048,ef-3.1-biosphere,Selenium,"Emissions/Emissions to air/Emissions to air, unspecified",7.33e-06,kilogram,,
ddefdbda-3a45-39fc-84ad-17c4c7bdc3f9,"xx Packaging glass, brown, at plant",S2,ddefdbda-3a45-39fc-84ad-17c4c7bdc3f9-disagg,"Packaging glass, brown, at plant, CH, disaggregated",kilogram,CH,emission,08a91e70-3ddc-11dd-9689-0050c2490048,ef-3.1-biosphere,Antimony,"Emissions/Emissions to air/Emissions to air, unspecified",6.74e-08,kilogram,,
ddefdbda-3a45-39fc-84ad-17c4c7bdc3f9,"xx Packaging glass, brown, at plant",S2,ddefdbda-3a45-39fc-84ad-17c4c7bdc3f9-disagg,"Packaging glass, brown, at plant, CH, disaggregated",kilogram,CH,emission,fe0acd60-3ddc-11dd-aab5-0050c2490048,ef-3.1-biosphere,fluorane,"Emissions/Emissions to water/Emissions to water, unspecified",1.8e-05,kilogram,,
ddefdbda-3a45-39fc-84ad-17c4c7bdc3f9,"xx Packaging glass, brown, at plant",S2,ddefdbda-3a45-39fc-84ad-17c4c7bdc3f9-disagg,"Packaging glass, brown, at plant, CH, disaggregated",kilogram,CH,emission,08a91e70-3ddc-11dd-923d-0050c2490048,ef-3.1-biosphere,Carbon Dioxide (fossil),"Emissions/Emissions to air/Emissions to air, unspecified",0.473,kilogram,,
ddefdbda-3a45-39fc-84ad-17c4c7bdc3f9,"xx Packaging glass, brown, at plant",S2,ddefdbda-3a45-39fc-84ad-17c4c7bdc3f9-disagg,"Packaging glass, brown, at plant, CH, disaggregated",kilogram,CH,emission,08a91e70-3ddc-11dd-9674-0050c2490048,ef-3.1-biosphere,Cadmium,"Emissions/Emissions to air/Emissions to air, unspecified",6.74e-08,kilogram,,
ddefdbda-3a45-39fc-84ad-17c4c7bdc3f9,"xx Packaging glass, brown, at plant",S2,ddefdbda-3a45-39fc-84ad-17c4c7bdc3f9-disagg,"Packaging glass, brown, at plant, CH, disaggregated",kilogram,CH,emission,08a91e70-3ddc-11dd-9bc6-0050c2490048,ef-3.1-biosphere,Manganese,"Emissions/Emissions to soil/Emissions to soil, unspecified",6.74e-08,kilogram,,
ddefdbda-3a45-39fc-84ad-17c4c7bdc3f9,"xx Packaging glass, brown, at plant",S2,ddefdbda-3a45-39fc-84ad-17c4c7bdc3f9-disagg,"Packaging glass, brown, at plant, CH, disaggregated",kilogram,CH,emission,fe0acd60-3ddc-11dd-a4f0-0050c2490048,ef-3.1-biosphere,Cobalt,"Emissions/Emissions to water/Emissions to water, unspecified",6.74e-08,kilogram,,
ddefdbda-3a45-39fc-84ad-17c4c7bdc3f9,"xx Packaging glass, brown, at plant",S2,ddefdbda-3a45-39fc-84ad-17c4c7bdc3f9-disagg,"Packaging glass, brown, at plant, CH, disaggregated",kilogram,CH,emission,9fbb2b3e-ed5b-11e6-bc64-92361f002671,ef-3.1-biosphere,Particles (> PM10),air,1.6e-05,kilogram,,
ddefdbda-3a45-39fc-84ad-17c4c7bdc3f9,"xx Packaging glass, brown, at plant",S2,ddefdbda-3a45-39fc-84ad-17c4c7bdc3f9-disagg,"Packaging glass, brown, at plant, CH, disaggregated",kilogram,CH,emission,08a91e70-3ddc-11dd-9137-0050c2490048,ef-3.1-biosphere,Waste Heat,air,8.63,megajoule,,
ddefdbda-3a45-39fc-84ad-17c4c7bdc3f9,"xx Packaging glass, brown, at plant",S2,ddefdbda-3a45-39fc-84ad-17c4c7bdc3f9-disagg,"Packaging glass, brown, at plant, CH, disaggregated",kilogram,CH,emission,fe0acd60-3ddc-11dd-a7a0-0050c2490048,ef-3.1-biosphere,Copper,"Emissions/Emissions to air/Emissions to air, unspecified",6.74e-08,kilogram,,
ddefdbda-3a45-39fc-84ad-17c4c7bdc3f9,"xx Packaging glass, brown, at plant",S2,ddefdbda-3a45-39fc-84ad-17c4c7bdc3f9-disagg,"Packaging glass, brown, at plant, CH, disaggregated",kilogram,CH,emission,08a91e70-3ddc-11dd-9acc-0050c2490048,ef-3.1-biosphere,Chromium,"Emissions/Emissions to air/Emissions to air, unspecified",6.74e-08,kilogram,,
ddefdbda-3a45-39fc-84ad-17c4c7bdc3f9,"xx Packaging glass, brown, at plant",S2,ddefdbda-3a45-39fc-84ad-17c4c7bdc3f9-disagg,"Packaging glass, brown, at plant, CH, disaggregated",kilogram,CH,emission,08a91e70-3ddc-11dd-91e1-0050c2490048,ef-3.1-biosphere,Arsenic,"Emissions/Emissions to water/Emissions to water, unspecified",6.74e-08,kilogram,,
ddefdbda-3a45-39fc-84ad-17c4c7bdc3f9,"xx Packaging glass, brown, at plant",S2,ddefdbda-3a45-39fc-84ad-17c4c7bdc3f9-disagg,"Packaging glass, brown, at plant, CH, disaggregated",kilogram,CH,emission,a3876d9b-a3e8-4680-861a-4e08642f1392,ef-3.1-biosphere,Water,"Emissions/Emissions to water/Emissions to water, unspecified",0.001881,cubic meter,,
ddefdbda-3a45-39fc-84ad-17c4c7bdc3f9,"xx Packaging glass, brown, at plant",S2,ddefdbda-3a45-39fc-84ad-17c4c7bdc3f9-disagg,"Packaging glass, brown, at plant, CH, disaggregated",kilogram,CH,resource,419682fe-60fb-4b43-be89-bf2824b51104,ef-3.1-biosphere,Water,Resources/Resources from water/Renewable material resources from water,0.00198,cubic meter,,
df878822-0deb-3a59-a6b4-396d94a3b654,"Polyethylene, LLDPE, granulate, at plant",S3,df878822-0deb-3a59-a6b4-396d94a3b654-disagg,"Polyethylene, LLDPE, granulate, at plant, disaggregated",kilogram,RER,technosphere,298abdac-f564-358c-95a3-7a43418d2671,bafu,"Ethylene, average, at plant",RER,1.0,kilogram,False,
df878822-0deb-3a59-a6b4-396d94a3b654,"Polyethylene, LLDPE, granulate, at plant",S3,df878822-0deb-3a59-a6b4-396d94a3b654-disagg,"Polyethylene, LLDPE, granulate, at plant, disaggregated",kilogram,RER,technosphere,648e3bb3-7b98-46f8-9da1-f45627c309ef,bafu,"Electricity, medium voltage, production ENTSO-E, at grid",ENTSO-E,0.00013759240893252764,kilowatt hour,True,
df878822-0deb-3a59-a6b4-396d94a3b654,"Polyethylene, LLDPE, granulate, at plant",S3,df878822-0deb-3a59-a6b4-396d94a3b654-disagg,"Polyethylene, LLDPE, granulate, at plant, disaggregated",kilogram,RER,technosphere,ca51da0f-d926-3dbe-bc07-e0449bb7dcab,bafu,"Steam, for chemical processes, at plant",RER,0.0051722228724065305,kilogram,True,
df878822-0deb-3a59-a6b4-396d94a3b654,"Polyethylene, LLDPE, granulate, at plant",S3,df878822-0deb-3a59-a6b4-396d94a3b654-disagg,"Polyethylene, LLDPE, granulate, at plant, disaggregated",kilogram,RER,technosphere,13ed4fe0-7ba5-3b60-82b6-a63918ee814d,bafu,"Chemical plant, organics",RER,8.289916204409142e-15,unit,True,
df878822-0deb-3a59-a6b4-396d94a3b654,"Polyethylene, LLDPE, granulate, at plant",S3,df878822-0deb-3a59-a6b4-396d94a3b654-disagg,"Polyethylene, LLDPE, granulate, at plant, disaggregated",kilogram,RER,technosphere,aacc6120-0e68-3835-8303-5ae37d62c030,bafu,"Transport, freight, rail",RER,0.003268722927449296,ton kilometer,True,
df878822-0deb-3a59-a6b4-396d94a3b654,"Polyethylene, LLDPE, granulate, at plant",S3,df878822-0deb-3a59-a6b4-396d94a3b654-disagg,"Polyethylene, LLDPE, granulate, at plant, disaggregated",kilogram,RER,technosphere,99f8a4b0-99b5-3130-924c-5de4c10b62ef,bafu,"Transport, freight, lorry, fleet average",RER,0.0005373266963936709,ton kilometer,True,
e6293140-cad8-32a8-81fc-64a059fd97ea,"Anthraquinone, at plant",S1,e6293140-cad8-32a8-81fc-64a059fd97ea-draft-disagg,"Anthraquinone, at plant, disaggregated",kg,RER,technosphere,d51355e5-b0a8-3db5-bd7e-c74fd60c87e0,bafu,"Water, decarbonised, at plant",RER,3.0,kilogram,False,"water   kg   9000   [Tab. 44.3 Input and output data for the production of anthraquinone, chromic acid column]"
e6293140-cad8-32a8-81fc-64a059fd97ea,"Anthraquinone, at plant",S1,e6293140-cad8-32a8-81fc-64a059fd97ea-draft-disagg,"Anthraquinone, at plant, disaggregated",kg,RER,technosphere,4d96ad56-9dd3-3fda-bff6-d24796d01043,bafu,"Chemicals organic, at plant",GLO,0.8666666666666666,kilogram,False,"anthracene   kg   2600   [Tab. 44.3, chromic acid column]"
e6293140-cad8-32a8-81fc-64a059fd97ea,"Anthraquinone, at plant",S1,e6293140-cad8-32a8-81fc-64a059fd97ea-draft-disagg,"Anthraquinone, at plant, disaggregated",kg,RER,technosphere,e6037d3e-db63-3537-b5fa-73c72c806426,bafu,"Sulphuric acid, liquid, at plant",RER,0.7833600040629984,kilogram,True,"sulphuric acid, 48%   kg   10200   [Tab. 44.3, chromic acid column]"
e6293140-cad8-32a8-81fc-64a059fd97ea,"Anthraquinone, at plant",S1,e6293140-cad8-32a8-81fc-64a059fd97ea-draft-disagg,"Anthraquinone, at plant, disaggregated",kg,RER,technosphere,ac0d1254-9ed4-38b0-bb54-6fc5129415f0,bafu,"Sodium dichromate, at plant",RER,1.5666666666666667,kilogram,False,"sodium dichromate, 20%   kg   23500   [Tab. 44.3, chromic acid column]"
e6293140-cad8-32a8-81fc-64a059fd97ea,"Anthraquinone, at plant",S1,e6293140-cad8-32a8-81fc-64a059fd97ea-draft-disagg,"Anthraquinone, at plant, disaggregated",kg,RER,technosphere,d86e2374-784b-3fd9-910b-7583462ea81b,bafu,"xxx Electricity, medium voltage, production UCTE, at grid",UCTE,2.069586515290703,kilowatt hour,True,"For the electricity consumed, an average European medium voltage mix (UCTE-mix) is used."
e6293140-cad8-32a8-81fc-64a059fd97ea,"Anthraquinone, at plant",S1,e6293140-cad8-32a8-81fc-64a059fd97ea-draft-disagg,"Anthraquinone, at plant, disaggregated",kg,RER,technosphere,ca51da0f-d926-3dbe-bc07-e0449bb7dcab,bafu,"Steam, for chemical processes, at plant",RER,0.010000000521996512,kilogram,True,"The used steam is shown as ""steam, for chemical processes, at plant (RER)"" according to the description in Zah & Hischier (2007)."
e6293140-cad8-32a8-81fc-64a059fd97ea,"Anthraquinone, at plant",S1,e6293140-cad8-32a8-81fc-64a059fd97ea-draft-disagg,"Anthraquinone, at plant, disaggregated",kg,RER,technosphere,13ed4fe0-7ba5-3b60-82b6-a63918ee814d,bafu,"Chemical plant, organics",RER,3.333392026655293e-13,unit,True,"Concerning the infrastructure, due to a lack of more specific information, the module ""chemical plant, organics (RER)"" is used here."
e6293140-cad8-32a8-81fc-64a059fd97ea,"Anthraquinone, at plant",S1,e6293140-cad8-32a8-81fc-64a059fd97ea-draft-disagg,"Anthraquinone, at plant, disaggregated",kg,RER,technosphere,aacc6120-0e68-3835-8303-5ae37d62c030,bafu,"Transport, freight, rail",RER,0.03333334331976385,ton kilometer,True,"Infrastructure and Transport: In the examined sources, no information about average transport distances for the raw materials used are indicated. Therefore, standard distances according to Frischknecht et al. (2007) are used within this dataset."
e6293140-cad8-32a8-81fc-64a059fd97ea,"Anthraquinone, at plant",S1,e6293140-cad8-32a8-81fc-64a059fd97ea-draft-disagg,"Anthraquinone, at plant, disaggregated",kg,RER,technosphere,85b3a5a6-2635-3546-b51b-4ccad397650b,bafu,"Transport, freight, lorry, 16t-32t gross weight, fleet average",RER,0.016666666692665765,ton kilometer,True,Infrastructure and Transport: ... standard distances according to Frischknecht et al. (2007) are used within this dataset.
e6293140-cad8-32a8-81fc-64a059fd97ea,"Anthraquinone, at plant",S1,e6293140-cad8-32a8-81fc-64a059fd97ea-draft-disagg,"Anthraquinone, at plant, disaggregated",kg,RER,emission,fe0acd60-3ddc-11dd-ac5a-0050c2490048,ef-3.1-biosphere,Sulfate Ion,water,0.22,kilogram,,"No removal efficiency for sulphuric acid was assumed, leading to emissions of 220 g sulphuric acid per kg product in the treated water."
e6293140-cad8-32a8-81fc-64a059fd97ea,"Anthraquinone, at plant",S1,e6293140-cad8-32a8-81fc-64a059fd97ea-draft-disagg,"Anthraquinone, at plant, disaggregated",kg,RER,emission,99c541c4-8876-4b9b-b8bc-040ac301b34c,ef-3.1-biosphere,Sodium ion,water,0.023,kilogram,,"The remaining amount of sodium dichromate is approximated by an emission of about 1 mol of sodium, e.g. 23 g/kg"
e6293140-cad8-32a8-81fc-64a059fd97ea,"Anthraquinone, at plant",S1,e6293140-cad8-32a8-81fc-64a059fd97ea-draft-disagg,"Anthraquinone, at plant, disaggregated",kg,RER,emission,08a91e70-3ddc-11dd-9f75-0050c2490048,ef-3.1-biosphere,Chromium,"Emissions/Emissions to water/Emissions to water, unspecified",0.026,kilogram,,"and of 0.5 mol (due to a removal efficiency of 50%) of chromium ions, e.g. of 26 g/kg."
e6293140-cad8-32a8-81fc-64a059fd97ea,"Anthraquinone, at plant",S1,e6293140-cad8-32a8-81fc-64a059fd97ea-draft-disagg,"Anthraquinone, at plant, disaggregated",kg,RER,emission,08a91e70-3ddc-11dd-950b-0050c2490048,ef-3.1-biosphere,Chromium(6+),"Emissions/Emissions to air/Emissions to air, unspecified",0.0031333333333333335,kilogram,,and 0.2% of the sodium dichromate input (assumption);
efaba904-8105-36f4-960e-c01d962787eb,"Particle board, cement bonded, at plant",S1,efaba904-8105-36f4-960e-c01d962787eb-draft-disagg,"Particle board, cement bonded, at plant, disaggregated",m3,RER,technosphere,164f42c5-91e3-38f0-8a54-887917e27141,bafu,"xxx Industrial residue wood, mix, softwood, u=40%, at plant",RER,0.233,cubic meter,False,"Industrial residual wood softwood (u=40%), at plant  Î  wooden materials extraction No RER  industrial residue wood, mix, softwood, u=40%, at plant  2.33E-01 m3"
efaba904-8105-36f4-960e-c01d962787eb,"Particle board, cement bonded, at plant",S1,efaba904-8105-36f4-960e-c01d962787eb-draft-disagg,"Particle board, cement bonded, at plant, disaggregated",m3,RER,technosphere,cf50c749-3575-33d8-bf71-c6f3d3ac92cb,bafu,"xxx Industrial residue wood, mix, hardwood, u=40%, at plant",RER,0.0231,cubic meter,False,"Industrial residual wood hardwood (u=40%), at plant  Î  Wood mix: 25% hardwood (beech), 75% softwood (pine and spruce)  wooden materials extraction No RER  industrial residue wood, mix, hardwood, u=40%, at plant  2.31E-02 m3"
efaba904-8105-36f4-960e-c01d962787eb,"Particle board, cement bonded, at plant",S1,efaba904-8105-36f4-960e-c01d962787eb-draft-disagg,"Particle board, cement bonded, at plant, disaggregated",m3,RER,technosphere,50a182a7-3772-3b50-8155-9465a171663c,bafu,"xxx Industrial wood, hardwood, under bark, u=80%, at forest road",RER,0.0374,cubic meter,False,"Industrial wood beech, at forest road (u=80%)  Î  sources: 70% industrial residual wood, 30 % industrial wood  wooden materials extraction No RER  industrial wood, hardwood, under bark, u=80%, at forest road  3.74E-02 m3"
efaba904-8105-36f4-960e-c01d962787eb,"Particle board, cement bonded, at plant",S1,efaba904-8105-36f4-960e-c01d962787eb-draft-disagg,"Particle board, cement bonded, at plant, disaggregated",m3,RER,technosphere,d6ec26b8-907a-345c-b4eb-fa5c9d24b337,bafu,"xxx Industrial wood, softwood, under bark, u=140%, at forest road",RER,0.053,cubic meter,False,"Industrial wood spruce, at forest road (u=140%)  Î  wooden materials extraction No RER  industrial wood, softwood, under bark, u=140%, at forest road  5.30E-02 m3"
efaba904-8105-36f4-960e-c01d962787eb,"Particle board, cement bonded, at plant",S1,efaba904-8105-36f4-960e-c01d962787eb-draft-disagg,"Particle board, cement bonded, at plant, disaggregated",m3,RER,technosphere,39f4c4a5-a5f8-3299-8841-9ab862d9e8fa,bafu,"Cement, unspecified, at plant",CH,800.0,kilogram,False,"Portland Cement  Î  construction materials binder No CH  cement, unspecified, at plant  8.00E+02 kg  Schniewind 1989, p. 197 ff."
efaba904-8105-36f4-960e-c01d962787eb,"Particle board, cement bonded, at plant",S1,efaba904-8105-36f4-960e-c01d962787eb-draft-disagg,"Particle board, cement bonded, at plant, disaggregated",m3,RER,technosphere,4d96ad56-9dd3-3fda-bff6-d24796d01043,bafu,"Chemicals organic, at plant",GLO,45.0,kilogram,False,"Organic chemicals  Î  Additives  chemicals organics No GLO  chemicals organic, at plant  4.50E+01 kg  Schniewind 1989, p. 197 ff."
efaba904-8105-36f4-960e-c01d962787eb,"Particle board, cement bonded, at plant",S1,efaba904-8105-36f4-960e-c01d962787eb-draft-disagg,"Particle board, cement bonded, at plant, disaggregated",m3,RER,technosphere,d86e2374-784b-3fd9-910b-7583462ea81b,bafu,"xxx Electricity, medium voltage, production UCTE, at grid",UCTE,1.0000000000000002,kilowatt hour,True,Electricity medium voltage - at grid UCTE  Î  Total consumption estimated: chipping according to Wegner and Frühwald; board production according to data on cement-bonded woodwool board production  electricity production mix No UCTE  confidential kWh
efaba904-8105-36f4-960e-c01d962787eb,"Particle board, cement bonded, at plant",S1,efaba904-8105-36f4-960e-c01d962787eb-draft-disagg,"Particle board, cement bonded, at plant, disaggregated",m3,RER,technosphere,5c9a8f03-0938-3057-a036-97ae8a6f2fb7,bafu,"Heat, light fuel oil, at industrial furnace 1MW",RER,1.0000000000000002,megajoule,True,"Thermal heat from oil firing extra light  Î  Total consumption estimated based on data on cement-bonded wood wool board production  oil heating systems No RER  heat, light fuel oil, at industrial furnace 1MW  confidential MJ  CEWAG Düdingen, Herr Kurzo"
efaba904-8105-36f4-960e-c01d962787eb,"Particle board, cement bonded, at plant",S1,efaba904-8105-36f4-960e-c01d962787eb-draft-disagg,"Particle board, cement bonded, at plant, disaggregated",m3,RER,technosphere,aacc6120-0e68-3835-8303-5ae37d62c030,bafu,"Transport, freight, rail",RER,134.0,ton kilometer,False,"Transport rail  Î  Chemicals: 600 km, wood & cement: 100 km  transport systems train No RER  transport, freight, rail  1.34E+02 tkm  estimated"
efaba904-8105-36f4-960e-c01d962787eb,"Particle board, cement bonded, at plant",S1,efaba904-8105-36f4-960e-c01d962787eb-draft-disagg,"Particle board, cement bonded, at plant, disaggregated",m3,RER,technosphere,85b3a5a6-2635-3546-b51b-4ccad397650b,bafu,"Transport, freight, lorry, 16t-32t gross weight, fleet average",RER,98.0,ton kilometer,False,"Transport lorry  Î  Chemicals & cement: 100 km, wood: 50 km  transport systems road No RER  transport, lorry >16t, fleet average  9.80E+01 tkm  estimated"
efaba904-8105-36f4-960e-c01d962787eb,"Particle board, cement bonded, at plant",S1,efaba904-8105-36f4-960e-c01d962787eb-draft-disagg,"Particle board, cement bonded, at plant, disaggregated",m3,RER,technosphere,3d785591-507e-3c4a-8c69-f689c5bf5bc7,bafu,"Wooden board manufacturing plant, cement bonded boards",RER,4e-07,unit,False,"plant  Î  wooden materials extraction Yes RER  wooden board manufacturing plant, cement bonded boards  4.00E-07 unit  estimated"
efaba904-8105-36f4-960e-c01d962787eb,"Particle board, cement bonded, at plant",S1,efaba904-8105-36f4-960e-c01d962787eb-draft-disagg,"Particle board, cement bonded, at plant, disaggregated",m3,RER,emission,08a91e70-3ddc-11dd-9137-0050c2490048,ef-3.1-biosphere,Waste Heat,air,87.7,megajoule,,"Î  Waste heat into air  air unspecified  Heat, waste  8.77E+01 MJ  calculated"
efaba904-8105-36f4-960e-c01d962787eb,"Particle board, cement bonded, at plant",S1,efaba904-8105-36f4-960e-c01d962787eb-draft-disagg,"Particle board, cement bonded, at plant, disaggregated",m3,RER,resource,21868f36-62ab-4e8e-98ed-7106228c17be,ef-3.1-biosphere,Water To Cooling,Resources/Resources from water/Renewable material resources from water,0.3,cubic meter,,"Process and cooling water  Î  evaporates partly during pressing and drying  resource in water  Water, cooling, unspecified natural origin  3.00E-01 m3  Schniewind 1989, p. 197 ff."
f29ea928-dad4-33fe-ac09-33391c25e0ae,"Titanium dioxide at plant, sulphate process, at plant",S1,f29ea928-dad4-33fe-ac09-33391c25e0ae-draft-disagg,"Titanium dioxide at plant, sulphate process, at plant, disaggregated",kg,RER,technosphere,e6037d3e-db63-3537-b5fa-73c72c806426,bafu,"Sulphuric acid, liquid, at plant",RER,2.4000001323899505,kilogram,True,"Sulphuric acid   2.4 – 3.5   [Tab. 85.3 precursors for TiO2 production, sulfate-process column, 'Kg per kg of product']"
f29ea928-dad4-33fe-ac09-33391c25e0ae,"Titanium dioxide at plant, sulphate process, at plant",S1,f29ea928-dad4-33fe-ac09-33391c25e0ae-draft-disagg,"Titanium dioxide at plant, sulphate process, at plant, disaggregated",kg,RER,technosphere,f98cb58b-17d7-3738-9217-9df00f4c0469,bafu,"xx Ilmenite, 54% titanium dioxide, at plant",AU,2.0,kilogram,False,"Rutile, ilmenite   Ca. 2   na   Industry sources   [Tab. 85.3 precursors for TiO2 production, sulfate-process column]"
f29ea928-dad4-33fe-ac09-33391c25e0ae,"Titanium dioxide at plant, sulphate process, at plant",S1,f29ea928-dad4-33fe-ac09-33391c25e0ae-draft-disagg,"Titanium dioxide at plant, sulphate process, at plant, disaggregated",kg,RER,technosphere,d86e2374-784b-3fd9-910b-7583462ea81b,bafu,"xxx Electricity, medium voltage, production UCTE, at grid",UCTE,0.6194445420581427,kilowatt hour,True,Electric energy   1.5 – 2.31   0.6 – 1.46   0.13-1.3   [Tab. 85.4 energy consumption for TiO2 production (sulfate process)]
f29ea928-dad4-33fe-ac09-33391c25e0ae,"Titanium dioxide at plant, sulphate process, at plant",S1,f29ea928-dad4-33fe-ac09-33391c25e0ae-draft-disagg,"Titanium dioxide at plant, sulphate process, at plant, disaggregated",kg,RER,technosphere,2fcda415-e506-38d9-9c3e-8ce2c2e7c8f2,bafu,"Heat, natural gas, at industrial furnace 1MW",CH,10.400001656979848,megajoule,True,Steam   3.7 – 7.7   6.7 – 10.47   0 – 6.07   [Tab. 85.4 energy consumption for TiO2 production (sulfate process)]
f29ea928-dad4-33fe-ac09-33391c25e0ae,"Titanium dioxide at plant, sulphate process, at plant",S1,f29ea928-dad4-33fe-ac09-33391c25e0ae-draft-disagg,"Titanium dioxide at plant, sulphate process, at plant, disaggregated",kg,RER,technosphere,045e458d-5776-3c92-82ff-274665aaa4fc,bafu,"Natural gas, burned in industrial furnace 1MW",CH,9.670000778205853,megajoule,True,Gas   7.3 – 11.85   2.37 – 4.22   0 – 0.1   [Tab. 85.4 energy consumption for TiO2 production (sulfate process)]
f29ea928-dad4-33fe-ac09-33391c25e0ae,"Titanium dioxide at plant, sulphate process, at plant",S1,f29ea928-dad4-33fe-ac09-33391c25e0ae-draft-disagg,"Titanium dioxide at plant, sulphate process, at plant, disaggregated",kg,RER,technosphere,a7722f3b-b2df-3029-973c-0121d0822cee,bafu,"Hard coal, burned in industrial furnace 1-10MW",RER,5.800000331751846,megajoule,True,"Coal   na   na   5.8 – 8.5   [Tab. 85.4 energy consumption for TiO2 production (sulfate process), acid concentration and filter salt decomposition column]"
f29ea928-dad4-33fe-ac09-33391c25e0ae,"Titanium dioxide at plant, sulphate process, at plant",S1,f29ea928-dad4-33fe-ac09-33391c25e0ae-draft-disagg,"Titanium dioxide at plant, sulphate process, at plant, disaggregated",kg,RER,technosphere,0060e86b-ecd1-49ff-8c8b-3c7b352d90c6,bafu,"xx Disposal, residue from TiO2 prod. SO4, 30% water, to residual material landfill",CH,0.48,kilogram,False,"Sulfate process: According to (UBA BAT Notes, 2001), residues generated from ore digestion total 340 – 670 g / kg product. These wastes are disposal of as hazardous wastes. ... This report assumes that 480 g / kg product are produced, solidified in cement and landfilled."
f29ea928-dad4-33fe-ac09-33391c25e0ae,"Titanium dioxide at plant, sulphate process, at plant",S1,f29ea928-dad4-33fe-ac09-33391c25e0ae-draft-disagg,"Titanium dioxide at plant, sulphate process, at plant, disaggregated",kg,RER,emission,6641d1ed-a4ab-5582-a09c-702a03bba448,bafu-2026-residual,"Particulates, unspecified",emissions to air/unspecified,0.0007,kilogram,,Particles   0.001 – 0.04   ng   0.13-1.3 *   0.002 – 0.12   * 0.7 g / kg is used in this report   [Tab. 85.6 direct air emissions for TiO2 production (sulfate process)]
f29ea928-dad4-33fe-ac09-33391c25e0ae,"Titanium dioxide at plant, sulphate process, at plant",S1,f29ea928-dad4-33fe-ac09-33391c25e0ae-draft-disagg,"Titanium dioxide at plant, sulphate process, at plant, disaggregated",kg,RER,emission,f79d0f8f-2b0e-49cb-bed0-b1ea0fbd8625,ef-3.1-biosphere,Nitrogen Oxides,"Emissions/Emissions to air/Emissions to air, unspecified",0.0030499999999999998,kilogram,,NOx   0.001 – 0.043   ng   0 – 6.07   [Tab. 85.6 direct air emissions for TiO2 production (sulfate process)]
f29ea928-dad4-33fe-ac09-33391c25e0ae,"Titanium dioxide at plant, sulphate process, at plant",S1,f29ea928-dad4-33fe-ac09-33391c25e0ae-draft-disagg,"Titanium dioxide at plant, sulphate process, at plant, disaggregated",kg,RER,emission,fe0acd60-3ddc-11dd-ac48-0050c2490048,ef-3.1-biosphere,Sulfur Dioxide,"Emissions/Emissions to air/Emissions to air, unspecified",0.001,kilogram,,SO2   ng   0 – 0.119   1*   ng   ** This value is used for the model sulfate plant.   [Tab. 85.6 direct air emissions for TiO2 production (sulfate process)]
f29ea928-dad4-33fe-ac09-33391c25e0ae,"Titanium dioxide at plant, sulphate process, at plant",S1,f29ea928-dad4-33fe-ac09-33391c25e0ae-draft-disagg,"Titanium dioxide at plant, sulphate process, at plant, disaggregated",kg,RER,emission,08a91e70-3ddc-11dd-94a9-0050c2490048,ef-3.1-biosphere,Hydrogen Sulfide,"Emissions/Emissions to air/Emissions to air, unspecified",2.5e-06,kilogram,,H2S   ng   0 – 0.005   ng   ng   [Tab. 85.6 direct air emissions for TiO2 production (sulfate process)]
f29ea928-dad4-33fe-ac09-33391c25e0ae,"Titanium dioxide at plant, sulphate process, at plant",S1,f29ea928-dad4-33fe-ac09-33391c25e0ae-draft-disagg,"Titanium dioxide at plant, sulphate process, at plant, disaggregated",kg,RER,emission,fe0acd60-3ddc-11dd-ac5a-0050c2490048,ef-3.1-biosphere,Sulfate Ion,water,0.15,kilogram,,Sulfate   30 – 300 *   80 - 110   * This report uses a value of 150 g sulfate per kg produced TiO2   [Tab. 85.8 wastewater emissions for TiO2 production (sulfate process)]
f29ea928-dad4-33fe-ac09-33391c25e0ae,"Titanium dioxide at plant, sulphate process, at plant",S1,f29ea928-dad4-33fe-ac09-33391c25e0ae-draft-disagg,"Titanium dioxide at plant, sulphate process, at plant, disaggregated",kg,RER,emission,fe0acd60-3ddc-11dd-ac5a-0050c2490048,ef-3.1-biosphere,Sulfate Ion,water,0.05,kilogram,,"According to (UBA BAT Notes, 2001) Figure 2.1.3.1, sulphuric acid that enters the wastewater from the sulfate process contains 30 – 300 g sulfate per kg spent acid (see Tab. 85.9). An average of roughly 50 g sulfate / kg product.is assumed in this report."
f29ea928-dad4-33fe-ac09-33391c25e0ae,"Titanium dioxide at plant, sulphate process, at plant",S1,f29ea928-dad4-33fe-ac09-33391c25e0ae-draft-disagg,"Titanium dioxide at plant, sulphate process, at plant, disaggregated",kg,RER,emission,08a91e70-3ddc-11dd-9597-0050c2490048,ef-3.1-biosphere,Iron,"Emissions/Emissions to water/Emissions to water, unspecified",0.002,kilogram,,Iron   0.25 – 5 **   ng   ** This report uses a value of 2 g iron per kg produced TiO2   [Tab. 85.8 wastewater emissions for TiO2 production (sulfate process)]
f29ea928-dad4-33fe-ac09-33391c25e0ae,"Titanium dioxide at plant, sulphate process, at plant",S1,f29ea928-dad4-33fe-ac09-33391c25e0ae-draft-disagg,"Titanium dioxide at plant, sulphate process, at plant, disaggregated",kg,RER,emission,fe0acd60-3ddc-11dd-a292-0050c2490048,ef-3.1-biosphere,Cadmium,"Emissions/Emissions to water/Emissions to water, unspecified",1e-09,kilogram,,Cadmium   0.000001   ng   [Tab. 85.8 wastewater emissions for TiO2 production (sulfate process)]
f29ea928-dad4-33fe-ac09-33391c25e0ae,"Titanium dioxide at plant, sulphate process, at plant",S1,f29ea928-dad4-33fe-ac09-33391c25e0ae-draft-disagg,"Titanium dioxide at plant, sulphate process, at plant, disaggregated",kg,RER,emission,fe0acd60-3ddc-11dd-a8ca-0050c2490048,ef-3.1-biosphere,Mercury,"Emissions/Emissions to water/Emissions to water, unspecified",3.2000000000000003e-10,kilogram,,Mercury   0.00000032   ng   [Tab. 85.8 wastewater emissions for TiO2 production (sulfate process)]
fdbb581d-5d5c-31e2-ab83-aaa51229114d,"xx Packaging glass, green, at regional storage",S2,fdbb581d-5d5c-31e2-ab83-aaa51229114d-disagg,"Packaging glass, green, at regional storage, CH, disaggregated",kilogram,CH,technosphere,b3da2a0c-5179-317d-8f16-84285a50248f-disagg,this-export,"Packaging glass, green, at plant",,1.0,kilogram,False,
fdbb581d-5d5c-31e2-ab83-aaa51229114d,"xx Packaging glass, green, at regional storage",S2,fdbb581d-5d5c-31e2-ab83-aaa51229114d-disagg,"Packaging glass, green, at regional storage, CH, disaggregated",kilogram,CH,technosphere,99f8a4b0-99b5-3130-924c-5de4c10b62ef,bafu,"Transport, freight, lorry, fleet average",RER,1.3143973596383976e-05,ton kilometer,True,
fdbb581d-5d5c-31e2-ab83-aaa51229114d,"xx Packaging glass, green, at regional storage",S2,fdbb581d-5d5c-31e2-ab83-aaa51229114d-disagg,"Packaging glass, green, at regional storage, CH, disaggregated",kilogram,CH,technosphere,aacc6120-0e68-3835-8303-5ae37d62c030,bafu,"Transport, freight, rail",RER,2.6079425926049556e-05,ton kilometer,True,
a061bf96-1dc6-3ab8-8dae-af476463276b,"Gypsum fibre board, at plant",S2,a061bf96-1dc6-3ab8-8dae-af476463276b-disagg,"Gypsum fibre board, at plant, DE, disaggregated",square meter,DE,technosphere,1d16937e-2188-321b-a8ad-907afe767502,bafu,"Alkylbenzene sulfonate, linear, petrochemical, at plant",RER,9.680000000000001e-05,kilogram,False,
a061bf96-1dc6-3ab8-8dae-af476463276b,"Gypsum fibre board, at plant",S2,a061bf96-1dc6-3ab8-8dae-af476463276b-disagg,"Gypsum fibre board, at plant, DE, disaggregated",square meter,DE,technosphere,4cabab9c-da5b-32e6-b114-02a06c1deccb,bafu,"Potato starch, at plant",DE,0.028999999999999998,kilogram,False,
a061bf96-1dc6-3ab8-8dae-af476463276b,"Gypsum fibre board, at plant",S2,a061bf96-1dc6-3ab8-8dae-af476463276b-disagg,"Gypsum fibre board, at plant, DE, disaggregated",square meter,DE,technosphere,2af6f466-f68e-3e06-bd94-34152d38b326,bafu,"Silicone product, at plant",RER,0.00129,kilogram,False,
a061bf96-1dc6-3ab8-8dae-af476463276b,"Gypsum fibre board, at plant",S2,a061bf96-1dc6-3ab8-8dae-af476463276b-disagg,"Gypsum fibre board, at plant, DE, disaggregated",square meter,DE,technosphere,90039d7f-2872-3c9f-b721-544860a8d3fa,bafu,"Wooden board manufacturing plant, organic bonded boards",RER,1.6700000000000002e-10,unit,False,
a061bf96-1dc6-3ab8-8dae-af476463276b,"Gypsum fibre board, at plant",S2,a061bf96-1dc6-3ab8-8dae-af476463276b-disagg,"Gypsum fibre board, at plant, DE, disaggregated",square meter,DE,technosphere,eb5552ed-63a8-374d-8fa4-296f644c37f8,bafu,"Transport, freight, lorry, 16t-32t gross weight, fleet average",CH,5.999999989527061,ton kilometer,True,
a061bf96-1dc6-3ab8-8dae-af476463276b,"Gypsum fibre board, at plant",S2,a061bf96-1dc6-3ab8-8dae-af476463276b-disagg,"Gypsum fibre board, at plant, DE, disaggregated",square meter,DE,technosphere,82c07b68-8bf9-3537-9934-91924132e976,bafu,"Light fuel oil, burned in industrial furnace 1MW, non-modulating",RER,23.799999956310096,megajoule,True,
a061bf96-1dc6-3ab8-8dae-af476463276b,"Gypsum fibre board, at plant",S2,a061bf96-1dc6-3ab8-8dae-af476463276b-disagg,"Gypsum fibre board, at plant, DE, disaggregated",square meter,DE,technosphere,6556440f-cd03-3975-9615-023309701fe2,bafu,"Tap water, at user",RER,6.359999991222471,kilogram,True,
a061bf96-1dc6-3ab8-8dae-af476463276b,"Gypsum fibre board, at plant",S2,a061bf96-1dc6-3ab8-8dae-af476463276b-disagg,"Gypsum fibre board, at plant, DE, disaggregated",square meter,DE,technosphere,08c050ee-36ba-3999-9fee-24321d6a6787,bafu,"Stucco, at plant",CH,14.199999979325296,kilogram,True,
a061bf96-1dc6-3ab8-8dae-af476463276b,"Gypsum fibre board, at plant",S2,a061bf96-1dc6-3ab8-8dae-af476463276b-disagg,"Gypsum fibre board, at plant, DE, disaggregated",square meter,DE,technosphere,76a85da2-7e4e-3e7e-a3df-f3df5951c9ec,bafu,"Electricity, medium voltage, at grid",DE,1.7299999976152536,kilowatt hour,True,
a061bf96-1dc6-3ab8-8dae-af476463276b,"Gypsum fibre board, at plant",S2,a061bf96-1dc6-3ab8-8dae-af476463276b-disagg,"Gypsum fibre board, at plant, DE, disaggregated",square meter,DE,technosphere,f14e2b43-687c-3d4d-9f3d-8ec12f3ffb2a,bafu,"Waste paper, sorted, for further treatment",RER,2.999999995295353,kilogram,True,
a061bf96-1dc6-3ab8-8dae-af476463276b,"Gypsum fibre board, at plant",S2,a061bf96-1dc6-3ab8-8dae-af476463276b-disagg,"Gypsum fibre board, at plant, DE, disaggregated",square meter,DE,emission,419682fe-60fb-4b43-be89-bf2824b51104,ef-3.1-biosphere,Water,Resources/Resources from water/Renewable material resources from water,0.0015899999999999998,cubic meter,,
a061bf96-1dc6-3ab8-8dae-af476463276b,"Gypsum fibre board, at plant",S2,a061bf96-1dc6-3ab8-8dae-af476463276b-disagg,"Gypsum fibre board, at plant, DE, disaggregated",square meter,DE,emission,08a91e70-3ddc-11dd-9137-0050c2490048,ef-3.1-biosphere,Waste Heat,air,3.11,megajoule,,
a061bf96-1dc6-3ab8-8dae-af476463276b,"Gypsum fibre board, at plant",S2,a061bf96-1dc6-3ab8-8dae-af476463276b-disagg,"Gypsum fibre board, at plant, DE, disaggregated",square meter,DE,emission,a3876d9b-a3e8-4680-861a-4e08642f1392,ef-3.1-biosphere,Water,"Emissions/Emissions to water/Emissions to water, unspecified",0.0015105,cubic meter,,
a66b5e9d-fce8-3d9d-afc4-8c422a9b9410,"xx Packaging glass, brown, at regional storage",S2,a66b5e9d-fce8-3d9d-afc4-8c422a9b9410-disagg,"Packaging glass, brown, at regional storage, CH, disaggregated",kilogram,CH,technosphere,ddefdbda-3a45-39fc-84ad-17c4c7bdc3f9-disagg,this-export,"Packaging glass, brown, at plant",,1.0,kilogram,False,
a66b5e9d-fce8-3d9d-afc4-8c422a9b9410,"xx Packaging glass, brown, at regional storage",S2,a66b5e9d-fce8-3d9d-afc4-8c422a9b9410-disagg,"Packaging glass, brown, at regional storage, CH, disaggregated",kilogram,CH,technosphere,99f8a4b0-99b5-3130-924c-5de4c10b62ef,bafu,"Transport, freight, lorry, fleet average",RER,1.7526280834782656e-05,ton kilometer,True,
a66b5e9d-fce8-3d9d-afc4-8c422a9b9410,"xx Packaging glass, brown, at regional storage",S2,a66b5e9d-fce8-3d9d-afc4-8c422a9b9410-disagg,"Packaging glass, brown, at regional storage, CH, disaggregated",kilogram,CH,technosphere,aacc6120-0e68-3835-8303-5ae37d62c030,bafu,"Transport, freight, rail",RER,3.4691730250496144e-05,ton kilometer,True,
c3490cfc-bcf2-38a2-a8c1-2d50ba65c83e,"Cement ZN, D, at plant",S1,c3490cfc-bcf2-38a2-a8c1-2d50ba65c83e-draft-disagg,"Cement ZN, D, at plant, disaggregated",kg,CH,technosphere,137152eb-d111-382a-9eae-3e592047418d,bafu,"Clinker, at plant",CH,0.6899844758392398,kilogram,True,Klinker                                                                                                %                                 40%-70%
c3490cfc-bcf2-38a2-a8c1-2d50ba65c83e,"Cement ZN, D, at plant",S1,c3490cfc-bcf2-38a2-a8c1-2d50ba65c83e-draft-disagg,"Cement ZN, D, at plant, disaggregated",kg,CH,technosphere,23d4e39c-14e5-3290-a4e2-931581ecbc7a,bafu,"Gypsum, mineral, at mine",CH,3.384352796253071e-06,kilogram,True,"Gips, mineralisch                                                                                      %                                  < 10%"
c3490cfc-bcf2-38a2-a8c1-2d50ba65c83e,"Cement ZN, D, at plant",S1,c3490cfc-bcf2-38a2-a8c1-2d50ba65c83e-draft-disagg,"Cement ZN, D, at plant, disaggregated",kg,CH,technosphere,730bdb86-26fa-3ada-bd05-ff4bc719b7b6,bafu,"Recycling aggregate from mixed demolition, dry, at plant",CH,0.15000916574514192,kilogram,True,Mischgranulat (MG)                                                                                     %                                 15%-30%
c3490cfc-bcf2-38a2-a8c1-2d50ba65c83e,"Cement ZN, D, at plant",S1,c3490cfc-bcf2-38a2-a8c1-2d50ba65c83e-draft-disagg,"Cement ZN, D, at plant, disaggregated",kg,CH,technosphere,d8ec4be3-c410-3806-98f5-a2ec5a284fee-disagg,this-export,"Burnt shale, at plant",DE,0.15000320711319554,kilogram,True,"Schiefer, gebrannt                                                                                     %                                 15%-30%"
c3490cfc-bcf2-38a2-a8c1-2d50ba65c83e,"Cement ZN, D, at plant",S1,c3490cfc-bcf2-38a2-a8c1-2d50ba65c83e-draft-disagg,"Cement ZN, D, at plant, disaggregated",kg,CH,technosphere,1b541649-c28b-369b-a574-066c98648887,bafu,"Iron sulphate, at plant",RER,0.009999999910652212,kilogram,True,Eisen-II Sulfat                                                                                        %                                    < 1%
c3490cfc-bcf2-38a2-a8c1-2d50ba65c83e,"Cement ZN, D, at plant",S1,c3490cfc-bcf2-38a2-a8c1-2d50ba65c83e-draft-disagg,"Cement ZN, D, at plant, disaggregated",kg,CH,technosphere,f8e122b3-92fb-37d6-aade-43ee2f2de640,bafu,"Limestone, milled, loose, at plant",CH,5.713306721412266e-09,kilogram,True,Filterstaub / Kalkstein                                                                                %                                  < 10%
c3490cfc-bcf2-38a2-a8c1-2d50ba65c83e,"Cement ZN, D, at plant",S1,c3490cfc-bcf2-38a2-a8c1-2d50ba65c83e-draft-disagg,"Cement ZN, D, at plant, disaggregated",kg,CH,technosphere,582ad303-7f18-3110-83c2-bccca0dc995f,bafu,"Ethylene glycol, at plant",RER,0.00055,kilogram,False,Ethylenglykol als Mahlhilfe                                                                            kg/kg                             5.50E-04
c3490cfc-bcf2-38a2-a8c1-2d50ba65c83e,"Cement ZN, D, at plant",S1,c3490cfc-bcf2-38a2-a8c1-2d50ba65c83e-draft-disagg,"Cement ZN, D, at plant, disaggregated",kg,CH,technosphere,df605f09-34c5-3b3f-94ea-227f7a3c06a7,bafu,"Electricity, medium voltage, at grid",CH,0.0497,kilowatt hour,False,"Strom, Mittelspannung                                                                                  kWh/kg                            4.97E-02"
c3490cfc-bcf2-38a2-a8c1-2d50ba65c83e,"Cement ZN, D, at plant",S1,c3490cfc-bcf2-38a2-a8c1-2d50ba65c83e-draft-disagg,"Cement ZN, D, at plant, disaggregated",kg,CH,technosphere,8da866f1-f25d-305f-81ab-fa95dd2d25de,bafu,"Heavy fuel oil, burned in industrial furnace 1MW, non-modulating",CH,0.162,megajoule,False,Schweröl zur Wärmeerzeugung                                                                            MJ/kg                             1.62E-01
c3490cfc-bcf2-38a2-a8c1-2d50ba65c83e,"Cement ZN, D, at plant",S1,c3490cfc-bcf2-38a2-a8c1-2d50ba65c83e-draft-disagg,"Cement ZN, D, at plant, disaggregated",kg,CH,technosphere,30df91c3-fac6-3ccf-835b-71863079263a,bafu,Cement plant,CH,5.36e-11,unit,False,"Zementfabrik, Infrastruktur                                                                            p/kg                              5.36E-11"
c3490cfc-bcf2-38a2-a8c1-2d50ba65c83e,"Cement ZN, D, at plant",S1,c3490cfc-bcf2-38a2-a8c1-2d50ba65c83e-draft-disagg,"Cement ZN, D, at plant, disaggregated",kg,CH,technosphere,b9430f24-d0b9-3422-a5ad-f874acbbef18,bafu,"Steel, low-alloyed, at plant",RER,0.00011,kilogram,False,"Stahl für Mahlwerk, niedrig legiert                                                                    kg/kg                             1.10E-04"
c3490cfc-bcf2-38a2-a8c1-2d50ba65c83e,"Cement ZN, D, at plant",S1,c3490cfc-bcf2-38a2-a8c1-2d50ba65c83e-draft-disagg,"Cement ZN, D, at plant, disaggregated",kg,CH,technosphere,eb5552ed-63a8-374d-8fa4-296f644c37f8,bafu,"Transport, freight, lorry, 16t-32t gross weight, fleet average",CH,0.00837,ton kilometer,False,Transport LKW                                                                                          tkm/kg                            8.37E-03
c3490cfc-bcf2-38a2-a8c1-2d50ba65c83e,"Cement ZN, D, at plant",S1,c3490cfc-bcf2-38a2-a8c1-2d50ba65c83e-draft-disagg,"Cement ZN, D, at plant, disaggregated",kg,CH,technosphere,aacc6120-0e68-3835-8303-5ae37d62c030,bafu,"Transport, freight, rail",RER,0.0428,ton kilometer,False,Transport Bahn                                                                                         tkm/kg                            4.28E-02
c3490cfc-bcf2-38a2-a8c1-2d50ba65c83e,"Cement ZN, D, at plant",S1,c3490cfc-bcf2-38a2-a8c1-2d50ba65c83e-disagg,"Cement ZN, D, at plant, disaggregated",kilogram,CH,technosphere,137152eb-d111-382a-9eae-3e592047418d,bafu,"Clinker, at plant",CH,0.6899844758395999,kilogram,True,
c3490cfc-bcf2-38a2-a8c1-2d50ba65c83e,"Cement ZN, D, at plant",S1,c3490cfc-bcf2-38a2-a8c1-2d50ba65c83e-disagg,"Cement ZN, D, at plant, disaggregated",kilogram,CH,technosphere,23d4e39c-14e5-3290-a4e2-931581ecbc7a,bafu,"Gypsum, mineral, at mine",CH,3.3843527190727553e-06,kilogram,True,
c3490cfc-bcf2-38a2-a8c1-2d50ba65c83e,"Cement ZN, D, at plant",S1,c3490cfc-bcf2-38a2-a8c1-2d50ba65c83e-disagg,"Cement ZN, D, at plant, disaggregated",kilogram,CH,technosphere,730bdb86-26fa-3ada-bd05-ff4bc719b7b6,bafu,"Recycling aggregate from mixed demolition, dry, at plant",CH,0.1500091657449322,kilogram,True,
c3490cfc-bcf2-38a2-a8c1-2d50ba65c83e,"Cement ZN, D, at plant",S1,c3490cfc-bcf2-38a2-a8c1-2d50ba65c83e-disagg,"Cement ZN, D, at plant, disaggregated",kilogram,CH,technosphere,d8ec4be3-c410-3806-98f5-a2ec5a284fee-disagg,this-export,"Burnt shale, at plant",,0.15000320711312268,kilogram,True,
c3490cfc-bcf2-38a2-a8c1-2d50ba65c83e,"Cement ZN, D, at plant",S1,c3490cfc-bcf2-38a2-a8c1-2d50ba65c83e-disagg,"Cement ZN, D, at plant, disaggregated",kilogram,CH,technosphere,1b541649-c28b-369b-a574-066c98648887,bafu,"Iron sulphate, at plant",RER,0.009999999910652216,kilogram,True,
c3490cfc-bcf2-38a2-a8c1-2d50ba65c83e,"Cement ZN, D, at plant",S1,c3490cfc-bcf2-38a2-a8c1-2d50ba65c83e-disagg,"Cement ZN, D, at plant, disaggregated",kilogram,CH,technosphere,f8e122b3-92fb-37d6-aade-43ee2f2de640,bafu,"Limestone, milled, loose, at plant",CH,5.713306583549106e-09,kilogram,True,
c3490cfc-bcf2-38a2-a8c1-2d50ba65c83e,"Cement ZN, D, at plant",S1,c3490cfc-bcf2-38a2-a8c1-2d50ba65c83e-disagg,"Cement ZN, D, at plant, disaggregated",kilogram,CH,technosphere,582ad303-7f18-3110-83c2-bccca0dc995f,bafu,"Ethylene glycol, at plant",RER,0.00055,kilogram,False,
c3490cfc-bcf2-38a2-a8c1-2d50ba65c83e,"Cement ZN, D, at plant",S1,c3490cfc-bcf2-38a2-a8c1-2d50ba65c83e-disagg,"Cement ZN, D, at plant, disaggregated",kilogram,CH,technosphere,df605f09-34c5-3b3f-94ea-227f7a3c06a7,bafu,"Electricity, medium voltage, at grid",CH,0.0497,kilowatt hour,False,
c3490cfc-bcf2-38a2-a8c1-2d50ba65c83e,"Cement ZN, D, at plant",S1,c3490cfc-bcf2-38a2-a8c1-2d50ba65c83e-disagg,"Cement ZN, D, at plant, disaggregated",kilogram,CH,technosphere,8da866f1-f25d-305f-81ab-fa95dd2d25de,bafu,"Heavy fuel oil, burned in industrial furnace 1MW, non-modulating",CH,0.162,megajoule,False,
c3490cfc-bcf2-38a2-a8c1-2d50ba65c83e,"Cement ZN, D, at plant",S1,c3490cfc-bcf2-38a2-a8c1-2d50ba65c83e-disagg,"Cement ZN, D, at plant, disaggregated",kilogram,CH,technosphere,30df91c3-fac6-3ccf-835b-71863079263a,bafu,Cement plant,CH,5.36e-11,unit,False,
c3490cfc-bcf2-38a2-a8c1-2d50ba65c83e,"Cement ZN, D, at plant",S1,c3490cfc-bcf2-38a2-a8c1-2d50ba65c83e-disagg,"Cement ZN, D, at plant, disaggregated",kilogram,CH,technosphere,b9430f24-d0b9-3422-a5ad-f874acbbef18,bafu,"Steel, low-alloyed, at plant",RER,0.00011,kilogram,False,
c3490cfc-bcf2-38a2-a8c1-2d50ba65c83e,"Cement ZN, D, at plant",S1,c3490cfc-bcf2-38a2-a8c1-2d50ba65c83e-disagg,"Cement ZN, D, at plant, disaggregated",kilogram,CH,technosphere,eb5552ed-63a8-374d-8fa4-296f644c37f8,bafu,"Transport, freight, lorry, 16t-32t gross weight, fleet average",CH,0.00837,ton kilometer,False,
c3490cfc-bcf2-38a2-a8c1-2d50ba65c83e,"Cement ZN, D, at plant",S1,c3490cfc-bcf2-38a2-a8c1-2d50ba65c83e-disagg,"Cement ZN, D, at plant, disaggregated",kilogram,CH,technosphere,aacc6120-0e68-3835-8303-5ae37d62c030,bafu,"Transport, freight, rail",RER,0.0428,ton kilometer,False,
